timestamp,node,kpi_name,value
2026-10-08T00:00:00Z,CMG-01,cpu_utilization,18.08
2026-10-08T00:00:00Z,CMG-01,memory_utilization,41.29
2026-10-08T00:00:00Z,CMG-01,bgp_session_state,1.0
2026-10-08T00:00:00Z,CMG-01,throughput_gbps,82.06
2026-10-08T00:00:00Z,CMG-01,packet_loss_pct,0.0413
2026-10-08T00:00:00Z,CMG-01,active_bearers,523660.0
2026-10-08T00:00:00Z,CMG-02,cpu_utilization,23.81
2026-10-08T00:00:00Z,CMG-02,memory_utilization,41.03
2026-10-08T00:00:00Z,CMG-02,bgp_session_state,1.0
2026-10-08T00:00:00Z,CMG-02,throughput_gbps,94.27
2026-10-08T00:00:00Z,CMG-02,packet_loss_pct,0.0094
2026-10-08T00:00:00Z,CMG-02,active_bearers,489908.0
2026-10-08T00:00:00Z,CMG-03,cpu_utilization,26.23
2026-10-08T00:00:00Z,CMG-03,memory_utilization,43.66
2026-10-08T00:00:00Z,CMG-03,bgp_session_state,1.0
2026-10-08T00:00:00Z,CMG-03,throughput_gbps,98.66
2026-10-08T00:00:00Z,CMG-03,packet_loss_pct,0.0019
2026-10-08T00:00:00Z,CMG-03,active_bearers,476516.0
2026-10-08T00:00:00Z,UPF-01,cpu_utilization,34.77
2026-10-08T00:00:00Z,UPF-01,memory_utilization,46.69
2026-10-08T00:00:00Z,UPF-01,bgp_session_state,1.0
2026-10-08T00:00:00Z,UPF-01,throughput_gbps,97.33
2026-10-08T00:00:00Z,UPF-01,packet_loss_pct,0.0153
2026-10-08T00:00:00Z,UPF-01,active_bearers,474578.0
2026-10-08T00:00:00Z,UPF-02,cpu_utilization,22.58
2026-10-08T00:00:00Z,UPF-02,memory_utilization,41.86
2026-10-08T00:00:00Z,UPF-02,bgp_session_state,1.0
2026-10-08T00:00:00Z,UPF-02,throughput_gbps,119.26
2026-10-08T00:00:00Z,UPF-02,packet_loss_pct,0.0177
2026-10-08T00:00:00Z,UPF-02,active_bearers,489943.0
2026-10-08T00:05:00Z,CMG-01,cpu_utilization,29.73
2026-10-08T00:05:00Z,CMG-01,memory_utilization,38.78
2026-10-08T00:05:00Z,CMG-01,bgp_session_state,1.0
2026-10-08T00:05:00Z,CMG-01,throughput_gbps,108.79
2026-10-08T00:05:00Z,CMG-01,packet_loss_pct,0.0008
2026-10-08T00:05:00Z,CMG-01,active_bearers,541093.0
2026-10-08T00:05:00Z,CMG-02,cpu_utilization,34.07
2026-10-08T00:05:00Z,CMG-02,memory_utilization,40.78
2026-10-08T00:05:00Z,CMG-02,bgp_session_state,1.0
2026-10-08T00:05:00Z,CMG-02,throughput_gbps,96.49
2026-10-08T00:05:00Z,CMG-02,packet_loss_pct,0.0395
2026-10-08T00:05:00Z,CMG-02,active_bearers,513220.0
2026-10-08T00:05:00Z,CMG-03,cpu_utilization,19.21
2026-10-08T00:05:00Z,CMG-03,memory_utilization,32.56
2026-10-08T00:05:00Z,CMG-03,bgp_session_state,1.0
2026-10-08T00:05:00Z,CMG-03,throughput_gbps,108.55
2026-10-08T00:05:00Z,CMG-03,packet_loss_pct,0.0078
2026-10-08T00:05:00Z,CMG-03,active_bearers,540562.0
2026-10-08T00:05:00Z,UPF-01,cpu_utilization,29.61
2026-10-08T00:05:00Z,UPF-01,memory_utilization,31.49
2026-10-08T00:05:00Z,UPF-01,bgp_session_state,1.0
2026-10-08T00:05:00Z,UPF-01,throughput_gbps,117.65
2026-10-08T00:05:00Z,UPF-01,packet_loss_pct,0.0408
2026-10-08T00:05:00Z,UPF-01,active_bearers,534138.0
2026-10-08T00:05:00Z,UPF-02,cpu_utilization,28.21
2026-10-08T00:05:00Z,UPF-02,memory_utilization,46.09
2026-10-08T00:05:00Z,UPF-02,bgp_session_state,1.0
2026-10-08T00:05:00Z,UPF-02,throughput_gbps,104.96
2026-10-08T00:05:00Z,UPF-02,packet_loss_pct,0.0452
2026-10-08T00:05:00Z,UPF-02,active_bearers,463737.0
2026-10-08T00:10:00Z,CMG-01,cpu_utilization,17.94
2026-10-08T00:10:00Z,CMG-01,memory_utilization,46.55
2026-10-08T00:10:00Z,CMG-01,bgp_session_state,1.0
2026-10-08T00:10:00Z,CMG-01,throughput_gbps,107.81
2026-10-08T00:10:00Z,CMG-01,packet_loss_pct,0.0076
2026-10-08T00:10:00Z,CMG-01,active_bearers,511200.0
2026-10-08T00:10:00Z,CMG-02,cpu_utilization,15.92
2026-10-08T00:10:00Z,CMG-02,memory_utilization,41.67
2026-10-08T00:10:00Z,CMG-02,bgp_session_state,1.0
2026-10-08T00:10:00Z,CMG-02,throughput_gbps,92.61
2026-10-08T00:10:00Z,CMG-02,packet_loss_pct,0.0238
2026-10-08T00:10:00Z,CMG-02,active_bearers,495940.0
2026-10-08T00:10:00Z,CMG-03,cpu_utilization,27.02
2026-10-08T00:10:00Z,CMG-03,memory_utilization,42.45
2026-10-08T00:10:00Z,CMG-03,bgp_session_state,1.0
2026-10-08T00:10:00Z,CMG-03,throughput_gbps,89.57
2026-10-08T00:10:00Z,CMG-03,packet_loss_pct,0.0421
2026-10-08T00:10:00Z,CMG-03,active_bearers,505501.0
2026-10-08T00:10:00Z,UPF-01,cpu_utilization,15.47
2026-10-08T00:10:00Z,UPF-01,memory_utilization,49.53
2026-10-08T00:10:00Z,UPF-01,bgp_session_state,1.0
2026-10-08T00:10:00Z,UPF-01,throughput_gbps,93.02
2026-10-08T00:10:00Z,UPF-01,packet_loss_pct,0.0447
2026-10-08T00:10:00Z,UPF-01,active_bearers,463992.0
2026-10-08T00:10:00Z,UPF-02,cpu_utilization,22.98
2026-10-08T00:10:00Z,UPF-02,memory_utilization,37.23
2026-10-08T00:10:00Z,UPF-02,bgp_session_state,1.0
2026-10-08T00:10:00Z,UPF-02,throughput_gbps,104.9
2026-10-08T00:10:00Z,UPF-02,packet_loss_pct,0.0035
2026-10-08T00:10:00Z,UPF-02,active_bearers,464112.0
2026-10-08T00:15:00Z,CMG-01,cpu_utilization,34.1
2026-10-08T00:15:00Z,CMG-01,memory_utilization,33.06
2026-10-08T00:15:00Z,CMG-01,bgp_session_state,1.0
2026-10-08T00:15:00Z,CMG-01,throughput_gbps,114.19
2026-10-08T00:15:00Z,CMG-01,packet_loss_pct,0.0346
2026-10-08T00:15:00Z,CMG-01,active_bearers,512124.0
2026-10-08T00:15:00Z,CMG-02,cpu_utilization,33.08
2026-10-08T00:15:00Z,CMG-02,memory_utilization,36.64
2026-10-08T00:15:00Z,CMG-02,bgp_session_state,1.0
2026-10-08T00:15:00Z,CMG-02,throughput_gbps,101.42
2026-10-08T00:15:00Z,CMG-02,packet_loss_pct,0.0233
2026-10-08T00:15:00Z,CMG-02,active_bearers,522215.0
2026-10-08T00:15:00Z,CMG-03,cpu_utilization,26.73
2026-10-08T00:15:00Z,CMG-03,memory_utilization,39.14
2026-10-08T00:15:00Z,CMG-03,bgp_session_state,1.0
2026-10-08T00:15:00Z,CMG-03,throughput_gbps,87.15
2026-10-08T00:15:00Z,CMG-03,packet_loss_pct,0.0473
2026-10-08T00:15:00Z,CMG-03,active_bearers,496787.0
2026-10-08T00:15:00Z,UPF-01,cpu_utilization,16.2
2026-10-08T00:15:00Z,UPF-01,memory_utilization,40.25
2026-10-08T00:15:00Z,UPF-01,bgp_session_state,1.0
2026-10-08T00:15:00Z,UPF-01,throughput_gbps,107.82
2026-10-08T00:15:00Z,UPF-01,packet_loss_pct,0.0146
2026-10-08T00:15:00Z,UPF-01,active_bearers,468392.0
2026-10-08T00:15:00Z,UPF-02,cpu_utilization,27.34
2026-10-08T00:15:00Z,UPF-02,memory_utilization,35.19
2026-10-08T00:15:00Z,UPF-02,bgp_session_state,1.0
2026-10-08T00:15:00Z,UPF-02,throughput_gbps,115.44
2026-10-08T00:15:00Z,UPF-02,packet_loss_pct,0.0134
2026-10-08T00:15:00Z,UPF-02,active_bearers,471894.0
2026-10-08T00:20:00Z,CMG-01,cpu_utilization,33.28
2026-10-08T00:20:00Z,CMG-01,memory_utilization,45.77
2026-10-08T00:20:00Z,CMG-01,bgp_session_state,1.0
2026-10-08T00:20:00Z,CMG-01,throughput_gbps,103.85
2026-10-08T00:20:00Z,CMG-01,packet_loss_pct,0.0439
2026-10-08T00:20:00Z,CMG-01,active_bearers,515539.0
2026-10-08T00:20:00Z,CMG-02,cpu_utilization,33.72
2026-10-08T00:20:00Z,CMG-02,memory_utilization,41.11
2026-10-08T00:20:00Z,CMG-02,bgp_session_state,1.0
2026-10-08T00:20:00Z,CMG-02,throughput_gbps,114.07
2026-10-08T00:20:00Z,CMG-02,packet_loss_pct,0.0226
2026-10-08T00:20:00Z,CMG-02,active_bearers,473246.0
2026-10-08T00:20:00Z,CMG-03,cpu_utilization,30.76
2026-10-08T00:20:00Z,CMG-03,memory_utilization,34.05
2026-10-08T00:20:00Z,CMG-03,bgp_session_state,1.0
2026-10-08T00:20:00Z,CMG-03,throughput_gbps,109.2
2026-10-08T00:20:00Z,CMG-03,packet_loss_pct,0.033
2026-10-08T00:20:00Z,CMG-03,active_bearers,510489.0
2026-10-08T00:20:00Z,UPF-01,cpu_utilization,20.37
2026-10-08T00:20:00Z,UPF-01,memory_utilization,43.53
2026-10-08T00:20:00Z,UPF-01,bgp_session_state,1.0
2026-10-08T00:20:00Z,UPF-01,throughput_gbps,94.63
2026-10-08T00:20:00Z,UPF-01,packet_loss_pct,0.022
2026-10-08T00:20:00Z,UPF-01,active_bearers,518520.0
2026-10-08T00:20:00Z,UPF-02,cpu_utilization,21.64
2026-10-08T00:20:00Z,UPF-02,memory_utilization,42.45
2026-10-08T00:20:00Z,UPF-02,bgp_session_state,1.0
2026-10-08T00:20:00Z,UPF-02,throughput_gbps,104.55
2026-10-08T00:20:00Z,UPF-02,packet_loss_pct,0.0117
2026-10-08T00:20:00Z,UPF-02,active_bearers,489683.0
2026-10-08T00:25:00Z,CMG-01,cpu_utilization,25.92
2026-10-08T00:25:00Z,CMG-01,memory_utilization,35.4
2026-10-08T00:25:00Z,CMG-01,bgp_session_state,1.0
2026-10-08T00:25:00Z,CMG-01,throughput_gbps,105.85
2026-10-08T00:25:00Z,CMG-01,packet_loss_pct,0.0116
2026-10-08T00:25:00Z,CMG-01,active_bearers,494683.0
2026-10-08T00:25:00Z,CMG-02,cpu_utilization,15.41
2026-10-08T00:25:00Z,CMG-02,memory_utilization,34.55
2026-10-08T00:25:00Z,CMG-02,bgp_session_state,1.0
2026-10-08T00:25:00Z,CMG-02,throughput_gbps,94.72
2026-10-08T00:25:00Z,CMG-02,packet_loss_pct,0.0037
2026-10-08T00:25:00Z,CMG-02,active_bearers,478227.0
2026-10-08T00:25:00Z,CMG-03,cpu_utilization,20.17
2026-10-08T00:25:00Z,CMG-03,memory_utilization,42.51
2026-10-08T00:25:00Z,CMG-03,bgp_session_state,1.0
2026-10-08T00:25:00Z,CMG-03,throughput_gbps,80.45
2026-10-08T00:25:00Z,CMG-03,packet_loss_pct,0.0495
2026-10-08T00:25:00Z,CMG-03,active_bearers,491385.0
2026-10-08T00:25:00Z,UPF-01,cpu_utilization,34.63
2026-10-08T00:25:00Z,UPF-01,memory_utilization,44.37
2026-10-08T00:25:00Z,UPF-01,bgp_session_state,1.0
2026-10-08T00:25:00Z,UPF-01,throughput_gbps,103.53
2026-10-08T00:25:00Z,UPF-01,packet_loss_pct,0.0283
2026-10-08T00:25:00Z,UPF-01,active_bearers,471015.0
2026-10-08T00:25:00Z,UPF-02,cpu_utilization,27.54
2026-10-08T00:25:00Z,UPF-02,memory_utilization,33.49
2026-10-08T00:25:00Z,UPF-02,bgp_session_state,1.0
2026-10-08T00:25:00Z,UPF-02,throughput_gbps,94.43
2026-10-08T00:25:00Z,UPF-02,packet_loss_pct,0.0209
2026-10-08T00:25:00Z,UPF-02,active_bearers,485385.0
2026-10-08T00:30:00Z,CMG-01,cpu_utilization,21.61
2026-10-08T00:30:00Z,CMG-01,memory_utilization,44.93
2026-10-08T00:30:00Z,CMG-01,bgp_session_state,1.0
2026-10-08T00:30:00Z,CMG-01,throughput_gbps,115.76
2026-10-08T00:30:00Z,CMG-01,packet_loss_pct,0.017
2026-10-08T00:30:00Z,CMG-01,active_bearers,507256.0
2026-10-08T00:30:00Z,CMG-02,cpu_utilization,29.31
2026-10-08T00:30:00Z,CMG-02,memory_utilization,40.22
2026-10-08T00:30:00Z,CMG-02,bgp_session_state,1.0
2026-10-08T00:30:00Z,CMG-02,throughput_gbps,118.93
2026-10-08T00:30:00Z,CMG-02,packet_loss_pct,0.0435
2026-10-08T00:30:00Z,CMG-02,active_bearers,517351.0
2026-10-08T00:30:00Z,CMG-03,cpu_utilization,23.84
2026-10-08T00:30:00Z,CMG-03,memory_utilization,45.75
2026-10-08T00:30:00Z,CMG-03,bgp_session_state,1.0
2026-10-08T00:30:00Z,CMG-03,throughput_gbps,86.67
2026-10-08T00:30:00Z,CMG-03,packet_loss_pct,0.0248
2026-10-08T00:30:00Z,CMG-03,active_bearers,535771.0
2026-10-08T00:30:00Z,UPF-01,cpu_utilization,34.95
2026-10-08T00:30:00Z,UPF-01,memory_utilization,39.3
2026-10-08T00:30:00Z,UPF-01,bgp_session_state,1.0
2026-10-08T00:30:00Z,UPF-01,throughput_gbps,91.69
2026-10-08T00:30:00Z,UPF-01,packet_loss_pct,0.0023
2026-10-08T00:30:00Z,UPF-01,active_bearers,472339.0
2026-10-08T00:30:00Z,UPF-02,cpu_utilization,25.3
2026-10-08T00:30:00Z,UPF-02,memory_utilization,48.13
2026-10-08T00:30:00Z,UPF-02,bgp_session_state,1.0
2026-10-08T00:30:00Z,UPF-02,throughput_gbps,102.86
2026-10-08T00:30:00Z,UPF-02,packet_loss_pct,0.036
2026-10-08T00:30:00Z,UPF-02,active_bearers,508346.0
2026-10-08T00:35:00Z,CMG-01,cpu_utilization,16.56
2026-10-08T00:35:00Z,CMG-01,memory_utilization,35.7
2026-10-08T00:35:00Z,CMG-01,bgp_session_state,1.0
2026-10-08T00:35:00Z,CMG-01,throughput_gbps,85.94
2026-10-08T00:35:00Z,CMG-01,packet_loss_pct,0.0403
2026-10-08T00:35:00Z,CMG-01,active_bearers,456212.0
2026-10-08T00:35:00Z,CMG-02,cpu_utilization,15.21
2026-10-08T00:35:00Z,CMG-02,memory_utilization,43.66
2026-10-08T00:35:00Z,CMG-02,bgp_session_state,1.0
2026-10-08T00:35:00Z,CMG-02,throughput_gbps,91.59
2026-10-08T00:35:00Z,CMG-02,packet_loss_pct,0.0216
2026-10-08T00:35:00Z,CMG-02,active_bearers,529398.0
2026-10-08T00:35:00Z,CMG-03,cpu_utilization,30.67
2026-10-08T00:35:00Z,CMG-03,memory_utilization,45.24
2026-10-08T00:35:00Z,CMG-03,bgp_session_state,1.0
2026-10-08T00:35:00Z,CMG-03,throughput_gbps,110.28
2026-10-08T00:35:00Z,CMG-03,packet_loss_pct,0.0165
2026-10-08T00:35:00Z,CMG-03,active_bearers,486776.0
2026-10-08T00:35:00Z,UPF-01,cpu_utilization,16.2
2026-10-08T00:35:00Z,UPF-01,memory_utilization,43.81
2026-10-08T00:35:00Z,UPF-01,bgp_session_state,1.0
2026-10-08T00:35:00Z,UPF-01,throughput_gbps,88.0
2026-10-08T00:35:00Z,UPF-01,packet_loss_pct,0.0252
2026-10-08T00:35:00Z,UPF-01,active_bearers,526992.0
2026-10-08T00:35:00Z,UPF-02,cpu_utilization,16.89
2026-10-08T00:35:00Z,UPF-02,memory_utilization,33.16
2026-10-08T00:35:00Z,UPF-02,bgp_session_state,1.0
2026-10-08T00:35:00Z,UPF-02,throughput_gbps,92.95
2026-10-08T00:35:00Z,UPF-02,packet_loss_pct,0.0379
2026-10-08T00:35:00Z,UPF-02,active_bearers,476187.0
2026-10-08T00:40:00Z,CMG-01,cpu_utilization,15.49
2026-10-08T00:40:00Z,CMG-01,memory_utilization,32.06
2026-10-08T00:40:00Z,CMG-01,bgp_session_state,1.0
2026-10-08T00:40:00Z,CMG-01,throughput_gbps,101.37
2026-10-08T00:40:00Z,CMG-01,packet_loss_pct,0.0135
2026-10-08T00:40:00Z,CMG-01,active_bearers,503055.0
2026-10-08T00:40:00Z,CMG-02,cpu_utilization,22.49
2026-10-08T00:40:00Z,CMG-02,memory_utilization,42.12
2026-10-08T00:40:00Z,CMG-02,bgp_session_state,1.0
2026-10-08T00:40:00Z,CMG-02,throughput_gbps,117.92
2026-10-08T00:40:00Z,CMG-02,packet_loss_pct,0.0357
2026-10-08T00:40:00Z,CMG-02,active_bearers,474272.0
2026-10-08T00:40:00Z,CMG-03,cpu_utilization,18.86
2026-10-08T00:40:00Z,CMG-03,memory_utilization,45.3
2026-10-08T00:40:00Z,CMG-03,bgp_session_state,1.0
2026-10-08T00:40:00Z,CMG-03,throughput_gbps,90.6
2026-10-08T00:40:00Z,CMG-03,packet_loss_pct,0.0295
2026-10-08T00:40:00Z,CMG-03,active_bearers,476537.0
2026-10-08T00:40:00Z,UPF-01,cpu_utilization,17.66
2026-10-08T00:40:00Z,UPF-01,memory_utilization,38.46
2026-10-08T00:40:00Z,UPF-01,bgp_session_state,1.0
2026-10-08T00:40:00Z,UPF-01,throughput_gbps,119.37
2026-10-08T00:40:00Z,UPF-01,packet_loss_pct,0.0479
2026-10-08T00:40:00Z,UPF-01,active_bearers,498074.0
2026-10-08T00:40:00Z,UPF-02,cpu_utilization,15.92
2026-10-08T00:40:00Z,UPF-02,memory_utilization,35.84
2026-10-08T00:40:00Z,UPF-02,bgp_session_state,1.0
2026-10-08T00:40:00Z,UPF-02,throughput_gbps,91.48
2026-10-08T00:40:00Z,UPF-02,packet_loss_pct,0.0015
2026-10-08T00:40:00Z,UPF-02,active_bearers,501838.0
2026-10-08T00:45:00Z,CMG-01,cpu_utilization,22.84
2026-10-08T00:45:00Z,CMG-01,memory_utilization,30.47
2026-10-08T00:45:00Z,CMG-01,bgp_session_state,1.0
2026-10-08T00:45:00Z,CMG-01,throughput_gbps,101.78
2026-10-08T00:45:00Z,CMG-01,packet_loss_pct,0.0265
2026-10-08T00:45:00Z,CMG-01,active_bearers,482252.0
2026-10-08T00:45:00Z,CMG-02,cpu_utilization,34.72
2026-10-08T00:45:00Z,CMG-02,memory_utilization,44.81
2026-10-08T00:45:00Z,CMG-02,bgp_session_state,1.0
2026-10-08T00:45:00Z,CMG-02,throughput_gbps,97.77
2026-10-08T00:45:00Z,CMG-02,packet_loss_pct,0.004
2026-10-08T00:45:00Z,CMG-02,active_bearers,521439.0
2026-10-08T00:45:00Z,CMG-03,cpu_utilization,32.11
2026-10-08T00:45:00Z,CMG-03,memory_utilization,42.91
2026-10-08T00:45:00Z,CMG-03,bgp_session_state,1.0
2026-10-08T00:45:00Z,CMG-03,throughput_gbps,96.63
2026-10-08T00:45:00Z,CMG-03,packet_loss_pct,0.042
2026-10-08T00:45:00Z,CMG-03,active_bearers,519786.0
2026-10-08T00:45:00Z,UPF-01,cpu_utilization,24.6
2026-10-08T00:45:00Z,UPF-01,memory_utilization,49.03
2026-10-08T00:45:00Z,UPF-01,bgp_session_state,1.0
2026-10-08T00:45:00Z,UPF-01,throughput_gbps,106.14
2026-10-08T00:45:00Z,UPF-01,packet_loss_pct,0.0089
2026-10-08T00:45:00Z,UPF-01,active_bearers,518801.0
2026-10-08T00:45:00Z,UPF-02,cpu_utilization,31.44
2026-10-08T00:45:00Z,UPF-02,memory_utilization,37.6
2026-10-08T00:45:00Z,UPF-02,bgp_session_state,1.0
2026-10-08T00:45:00Z,UPF-02,throughput_gbps,80.24
2026-10-08T00:45:00Z,UPF-02,packet_loss_pct,0.0299
2026-10-08T00:45:00Z,UPF-02,active_bearers,548242.0
2026-10-08T00:50:00Z,CMG-01,cpu_utilization,16.46
2026-10-08T00:50:00Z,CMG-01,memory_utilization,33.25
2026-10-08T00:50:00Z,CMG-01,bgp_session_state,1.0
2026-10-08T00:50:00Z,CMG-01,throughput_gbps,89.37
2026-10-08T00:50:00Z,CMG-01,packet_loss_pct,0.0457
2026-10-08T00:50:00Z,CMG-01,active_bearers,547527.0
2026-10-08T00:50:00Z,CMG-02,cpu_utilization,20.32
2026-10-08T00:50:00Z,CMG-02,memory_utilization,36.0
2026-10-08T00:50:00Z,CMG-02,bgp_session_state,1.0
2026-10-08T00:50:00Z,CMG-02,throughput_gbps,110.44
2026-10-08T00:50:00Z,CMG-02,packet_loss_pct,0.0479
2026-10-08T00:50:00Z,CMG-02,active_bearers,500807.0
2026-10-08T00:50:00Z,CMG-03,cpu_utilization,29.8
2026-10-08T00:50:00Z,CMG-03,memory_utilization,33.84
2026-10-08T00:50:00Z,CMG-03,bgp_session_state,1.0
2026-10-08T00:50:00Z,CMG-03,throughput_gbps,83.93
2026-10-08T00:50:00Z,CMG-03,packet_loss_pct,0.0435
2026-10-08T00:50:00Z,CMG-03,active_bearers,483594.0
2026-10-08T00:50:00Z,UPF-01,cpu_utilization,17.14
2026-10-08T00:50:00Z,UPF-01,memory_utilization,46.07
2026-10-08T00:50:00Z,UPF-01,bgp_session_state,1.0
2026-10-08T00:50:00Z,UPF-01,throughput_gbps,111.64
2026-10-08T00:50:00Z,UPF-01,packet_loss_pct,0.0163
2026-10-08T00:50:00Z,UPF-01,active_bearers,466604.0
2026-10-08T00:50:00Z,UPF-02,cpu_utilization,20.06
2026-10-08T00:50:00Z,UPF-02,memory_utilization,45.55
2026-10-08T00:50:00Z,UPF-02,bgp_session_state,1.0
2026-10-08T00:50:00Z,UPF-02,throughput_gbps,82.55
2026-10-08T00:50:00Z,UPF-02,packet_loss_pct,0.014
2026-10-08T00:50:00Z,UPF-02,active_bearers,490887.0
2026-10-08T00:55:00Z,CMG-01,cpu_utilization,21.9
2026-10-08T00:55:00Z,CMG-01,memory_utilization,45.73
2026-10-08T00:55:00Z,CMG-01,bgp_session_state,1.0
2026-10-08T00:55:00Z,CMG-01,throughput_gbps,87.48
2026-10-08T00:55:00Z,CMG-01,packet_loss_pct,0.008
2026-10-08T00:55:00Z,CMG-01,active_bearers,495589.0
2026-10-08T00:55:00Z,CMG-02,cpu_utilization,18.0
2026-10-08T00:55:00Z,CMG-02,memory_utilization,48.65
2026-10-08T00:55:00Z,CMG-02,bgp_session_state,1.0
2026-10-08T00:55:00Z,CMG-02,throughput_gbps,106.77
2026-10-08T00:55:00Z,CMG-02,packet_loss_pct,0.0275
2026-10-08T00:55:00Z,CMG-02,active_bearers,520374.0
2026-10-08T00:55:00Z,CMG-03,cpu_utilization,28.94
2026-10-08T00:55:00Z,CMG-03,memory_utilization,46.01
2026-10-08T00:55:00Z,CMG-03,bgp_session_state,1.0
2026-10-08T00:55:00Z,CMG-03,throughput_gbps,89.66
2026-10-08T00:55:00Z,CMG-03,packet_loss_pct,0.0203
2026-10-08T00:55:00Z,CMG-03,active_bearers,541594.0
2026-10-08T00:55:00Z,UPF-01,cpu_utilization,27.65
2026-10-08T00:55:00Z,UPF-01,memory_utilization,35.0
2026-10-08T00:55:00Z,UPF-01,bgp_session_state,1.0
2026-10-08T00:55:00Z,UPF-01,throughput_gbps,97.02
2026-10-08T00:55:00Z,UPF-01,packet_loss_pct,0.0483
2026-10-08T00:55:00Z,UPF-01,active_bearers,529625.0
2026-10-08T00:55:00Z,UPF-02,cpu_utilization,32.86
2026-10-08T00:55:00Z,UPF-02,memory_utilization,33.11
2026-10-08T00:55:00Z,UPF-02,bgp_session_state,1.0
2026-10-08T00:55:00Z,UPF-02,throughput_gbps,119.3
2026-10-08T00:55:00Z,UPF-02,packet_loss_pct,0.021
2026-10-08T00:55:00Z,UPF-02,active_bearers,511432.0
2026-10-08T01:00:00Z,CMG-01,cpu_utilization,34.12
2026-10-08T01:00:00Z,CMG-01,memory_utilization,38.1
2026-10-08T01:00:00Z,CMG-01,bgp_session_state,1.0
2026-10-08T01:00:00Z,CMG-01,throughput_gbps,101.87
2026-10-08T01:00:00Z,CMG-01,packet_loss_pct,0.0235
2026-10-08T01:00:00Z,CMG-01,active_bearers,549315.0
2026-10-08T01:00:00Z,CMG-02,cpu_utilization,23.0
2026-10-08T01:00:00Z,CMG-02,memory_utilization,40.46
2026-10-08T01:00:00Z,CMG-02,bgp_session_state,1.0
2026-10-08T01:00:00Z,CMG-02,throughput_gbps,112.6
2026-10-08T01:00:00Z,CMG-02,packet_loss_pct,0.0444
2026-10-08T01:00:00Z,CMG-02,active_bearers,501053.0
2026-10-08T01:00:00Z,CMG-03,cpu_utilization,21.64
2026-10-08T01:00:00Z,CMG-03,memory_utilization,47.55
2026-10-08T01:00:00Z,CMG-03,bgp_session_state,1.0
2026-10-08T01:00:00Z,CMG-03,throughput_gbps,116.55
2026-10-08T01:00:00Z,CMG-03,packet_loss_pct,0.0067
2026-10-08T01:00:00Z,CMG-03,active_bearers,544145.0
2026-10-08T01:00:00Z,UPF-01,cpu_utilization,22.68
2026-10-08T01:00:00Z,UPF-01,memory_utilization,32.92
2026-10-08T01:00:00Z,UPF-01,bgp_session_state,1.0
2026-10-08T01:00:00Z,UPF-01,throughput_gbps,116.12
2026-10-08T01:00:00Z,UPF-01,packet_loss_pct,0.0372
2026-10-08T01:00:00Z,UPF-01,active_bearers,496414.0
2026-10-08T01:00:00Z,UPF-02,cpu_utilization,16.6
2026-10-08T01:00:00Z,UPF-02,memory_utilization,48.16
2026-10-08T01:00:00Z,UPF-02,bgp_session_state,1.0
2026-10-08T01:00:00Z,UPF-02,throughput_gbps,91.06
2026-10-08T01:00:00Z,UPF-02,packet_loss_pct,0.0376
2026-10-08T01:00:00Z,UPF-02,active_bearers,532854.0
2026-10-08T01:05:00Z,CMG-01,cpu_utilization,31.84
2026-10-08T01:05:00Z,CMG-01,memory_utilization,40.99
2026-10-08T01:05:00Z,CMG-01,bgp_session_state,1.0
2026-10-08T01:05:00Z,CMG-01,throughput_gbps,101.38
2026-10-08T01:05:00Z,CMG-01,packet_loss_pct,0.0458
2026-10-08T01:05:00Z,CMG-01,active_bearers,470095.0
2026-10-08T01:05:00Z,CMG-02,cpu_utilization,30.82
2026-10-08T01:05:00Z,CMG-02,memory_utilization,40.06
2026-10-08T01:05:00Z,CMG-02,bgp_session_state,1.0
2026-10-08T01:05:00Z,CMG-02,throughput_gbps,103.3
2026-10-08T01:05:00Z,CMG-02,packet_loss_pct,0.0009
2026-10-08T01:05:00Z,CMG-02,active_bearers,540668.0
2026-10-08T01:05:00Z,CMG-03,cpu_utilization,17.55
2026-10-08T01:05:00Z,CMG-03,memory_utilization,30.27
2026-10-08T01:05:00Z,CMG-03,bgp_session_state,1.0
2026-10-08T01:05:00Z,CMG-03,throughput_gbps,93.96
2026-10-08T01:05:00Z,CMG-03,packet_loss_pct,0.0307
2026-10-08T01:05:00Z,CMG-03,active_bearers,545062.0
2026-10-08T01:05:00Z,UPF-01,cpu_utilization,24.0
2026-10-08T01:05:00Z,UPF-01,memory_utilization,44.26
2026-10-08T01:05:00Z,UPF-01,bgp_session_state,1.0
2026-10-08T01:05:00Z,UPF-01,throughput_gbps,98.76
2026-10-08T01:05:00Z,UPF-01,packet_loss_pct,0.0491
2026-10-08T01:05:00Z,UPF-01,active_bearers,534900.0
2026-10-08T01:05:00Z,UPF-02,cpu_utilization,27.99
2026-10-08T01:05:00Z,UPF-02,memory_utilization,38.19
2026-10-08T01:05:00Z,UPF-02,bgp_session_state,1.0
2026-10-08T01:05:00Z,UPF-02,throughput_gbps,101.45
2026-10-08T01:05:00Z,UPF-02,packet_loss_pct,0.0165
2026-10-08T01:05:00Z,UPF-02,active_bearers,532669.0
2026-10-08T01:10:00Z,CMG-01,cpu_utilization,25.65
2026-10-08T01:10:00Z,CMG-01,memory_utilization,42.86
2026-10-08T01:10:00Z,CMG-01,bgp_session_state,1.0
2026-10-08T01:10:00Z,CMG-01,throughput_gbps,103.07
2026-10-08T01:10:00Z,CMG-01,packet_loss_pct,0.0281
2026-10-08T01:10:00Z,CMG-01,active_bearers,479948.0
2026-10-08T01:10:00Z,CMG-02,cpu_utilization,27.08
2026-10-08T01:10:00Z,CMG-02,memory_utilization,47.93
2026-10-08T01:10:00Z,CMG-02,bgp_session_state,1.0
2026-10-08T01:10:00Z,CMG-02,throughput_gbps,106.44
2026-10-08T01:10:00Z,CMG-02,packet_loss_pct,0.0216
2026-10-08T01:10:00Z,CMG-02,active_bearers,462420.0
2026-10-08T01:10:00Z,CMG-03,cpu_utilization,19.61
2026-10-08T01:10:00Z,CMG-03,memory_utilization,49.11
2026-10-08T01:10:00Z,CMG-03,bgp_session_state,1.0
2026-10-08T01:10:00Z,CMG-03,throughput_gbps,85.5
2026-10-08T01:10:00Z,CMG-03,packet_loss_pct,0.0214
2026-10-08T01:10:00Z,CMG-03,active_bearers,537583.0
2026-10-08T01:10:00Z,UPF-01,cpu_utilization,24.25
2026-10-08T01:10:00Z,UPF-01,memory_utilization,33.42
2026-10-08T01:10:00Z,UPF-01,bgp_session_state,1.0
2026-10-08T01:10:00Z,UPF-01,throughput_gbps,80.78
2026-10-08T01:10:00Z,UPF-01,packet_loss_pct,0.0478
2026-10-08T01:10:00Z,UPF-01,active_bearers,454727.0
2026-10-08T01:10:00Z,UPF-02,cpu_utilization,28.61
2026-10-08T01:10:00Z,UPF-02,memory_utilization,44.14
2026-10-08T01:10:00Z,UPF-02,bgp_session_state,1.0
2026-10-08T01:10:00Z,UPF-02,throughput_gbps,102.22
2026-10-08T01:10:00Z,UPF-02,packet_loss_pct,0.0441
2026-10-08T01:10:00Z,UPF-02,active_bearers,450385.0
2026-10-08T01:15:00Z,CMG-01,cpu_utilization,33.66
2026-10-08T01:15:00Z,CMG-01,memory_utilization,38.58
2026-10-08T01:15:00Z,CMG-01,bgp_session_state,1.0
2026-10-08T01:15:00Z,CMG-01,throughput_gbps,84.51
2026-10-08T01:15:00Z,CMG-01,packet_loss_pct,0.0006
2026-10-08T01:15:00Z,CMG-01,active_bearers,536839.0
2026-10-08T01:15:00Z,CMG-02,cpu_utilization,34.98
2026-10-08T01:15:00Z,CMG-02,memory_utilization,30.94
2026-10-08T01:15:00Z,CMG-02,bgp_session_state,1.0
2026-10-08T01:15:00Z,CMG-02,throughput_gbps,110.69
2026-10-08T01:15:00Z,CMG-02,packet_loss_pct,0.0056
2026-10-08T01:15:00Z,CMG-02,active_bearers,521733.0
2026-10-08T01:15:00Z,CMG-03,cpu_utilization,27.11
2026-10-08T01:15:00Z,CMG-03,memory_utilization,42.98
2026-10-08T01:15:00Z,CMG-03,bgp_session_state,1.0
2026-10-08T01:15:00Z,CMG-03,throughput_gbps,93.51
2026-10-08T01:15:00Z,CMG-03,packet_loss_pct,0.0284
2026-10-08T01:15:00Z,CMG-03,active_bearers,487495.0
2026-10-08T01:15:00Z,UPF-01,cpu_utilization,23.46
2026-10-08T01:15:00Z,UPF-01,memory_utilization,41.21
2026-10-08T01:15:00Z,UPF-01,bgp_session_state,1.0
2026-10-08T01:15:00Z,UPF-01,throughput_gbps,119.71
2026-10-08T01:15:00Z,UPF-01,packet_loss_pct,0.0034
2026-10-08T01:15:00Z,UPF-01,active_bearers,469163.0
2026-10-08T01:15:00Z,UPF-02,cpu_utilization,31.63
2026-10-08T01:15:00Z,UPF-02,memory_utilization,38.04
2026-10-08T01:15:00Z,UPF-02,bgp_session_state,1.0
2026-10-08T01:15:00Z,UPF-02,throughput_gbps,94.53
2026-10-08T01:15:00Z,UPF-02,packet_loss_pct,0.0144
2026-10-08T01:15:00Z,UPF-02,active_bearers,519462.0
2026-10-08T01:20:00Z,CMG-01,cpu_utilization,16.77
2026-10-08T01:20:00Z,CMG-01,memory_utilization,44.95
2026-10-08T01:20:00Z,CMG-01,bgp_session_state,1.0
2026-10-08T01:20:00Z,CMG-01,throughput_gbps,108.23
2026-10-08T01:20:00Z,CMG-01,packet_loss_pct,0.0442
2026-10-08T01:20:00Z,CMG-01,active_bearers,504038.0
2026-10-08T01:20:00Z,CMG-02,cpu_utilization,33.53
2026-10-08T01:20:00Z,CMG-02,memory_utilization,33.21
2026-10-08T01:20:00Z,CMG-02,bgp_session_state,1.0
2026-10-08T01:20:00Z,CMG-02,throughput_gbps,84.59
2026-10-08T01:20:00Z,CMG-02,packet_loss_pct,0.0396
2026-10-08T01:20:00Z,CMG-02,active_bearers,538574.0
2026-10-08T01:20:00Z,CMG-03,cpu_utilization,23.37
2026-10-08T01:20:00Z,CMG-03,memory_utilization,30.99
2026-10-08T01:20:00Z,CMG-03,bgp_session_state,1.0
2026-10-08T01:20:00Z,CMG-03,throughput_gbps,86.73
2026-10-08T01:20:00Z,CMG-03,packet_loss_pct,0.0495
2026-10-08T01:20:00Z,CMG-03,active_bearers,476929.0
2026-10-08T01:20:00Z,UPF-01,cpu_utilization,30.43
2026-10-08T01:20:00Z,UPF-01,memory_utilization,49.44
2026-10-08T01:20:00Z,UPF-01,bgp_session_state,1.0
2026-10-08T01:20:00Z,UPF-01,throughput_gbps,116.13
2026-10-08T01:20:00Z,UPF-01,packet_loss_pct,0.0213
2026-10-08T01:20:00Z,UPF-01,active_bearers,489384.0
2026-10-08T01:20:00Z,UPF-02,cpu_utilization,28.32
2026-10-08T01:20:00Z,UPF-02,memory_utilization,38.47
2026-10-08T01:20:00Z,UPF-02,bgp_session_state,1.0
2026-10-08T01:20:00Z,UPF-02,throughput_gbps,96.79
2026-10-08T01:20:00Z,UPF-02,packet_loss_pct,0.0314
2026-10-08T01:20:00Z,UPF-02,active_bearers,464882.0
2026-10-08T01:25:00Z,CMG-01,cpu_utilization,34.2
2026-10-08T01:25:00Z,CMG-01,memory_utilization,37.95
2026-10-08T01:25:00Z,CMG-01,bgp_session_state,1.0
2026-10-08T01:25:00Z,CMG-01,throughput_gbps,91.74
2026-10-08T01:25:00Z,CMG-01,packet_loss_pct,0.0052
2026-10-08T01:25:00Z,CMG-01,active_bearers,509645.0
2026-10-08T01:25:00Z,CMG-02,cpu_utilization,20.79
2026-10-08T01:25:00Z,CMG-02,memory_utilization,45.88
2026-10-08T01:25:00Z,CMG-02,bgp_session_state,1.0
2026-10-08T01:25:00Z,CMG-02,throughput_gbps,107.66
2026-10-08T01:25:00Z,CMG-02,packet_loss_pct,0.0338
2026-10-08T01:25:00Z,CMG-02,active_bearers,459675.0
2026-10-08T01:25:00Z,CMG-03,cpu_utilization,31.79
2026-10-08T01:25:00Z,CMG-03,memory_utilization,45.74
2026-10-08T01:25:00Z,CMG-03,bgp_session_state,1.0
2026-10-08T01:25:00Z,CMG-03,throughput_gbps,117.43
2026-10-08T01:25:00Z,CMG-03,packet_loss_pct,0.0188
2026-10-08T01:25:00Z,CMG-03,active_bearers,488180.0
2026-10-08T01:25:00Z,UPF-01,cpu_utilization,20.77
2026-10-08T01:25:00Z,UPF-01,memory_utilization,45.78
2026-10-08T01:25:00Z,UPF-01,bgp_session_state,1.0
2026-10-08T01:25:00Z,UPF-01,throughput_gbps,95.24
2026-10-08T01:25:00Z,UPF-01,packet_loss_pct,0.0386
2026-10-08T01:25:00Z,UPF-01,active_bearers,547303.0
2026-10-08T01:25:00Z,UPF-02,cpu_utilization,22.34
2026-10-08T01:25:00Z,UPF-02,memory_utilization,47.07
2026-10-08T01:25:00Z,UPF-02,bgp_session_state,1.0
2026-10-08T01:25:00Z,UPF-02,throughput_gbps,87.91
2026-10-08T01:25:00Z,UPF-02,packet_loss_pct,0.0219
2026-10-08T01:25:00Z,UPF-02,active_bearers,503259.0
2026-10-08T01:30:00Z,CMG-01,cpu_utilization,28.13
2026-10-08T01:30:00Z,CMG-01,memory_utilization,44.54
2026-10-08T01:30:00Z,CMG-01,bgp_session_state,1.0
2026-10-08T01:30:00Z,CMG-01,throughput_gbps,90.56
2026-10-08T01:30:00Z,CMG-01,packet_loss_pct,0.038
2026-10-08T01:30:00Z,CMG-01,active_bearers,536829.0
2026-10-08T01:30:00Z,CMG-02,cpu_utilization,26.98
2026-10-08T01:30:00Z,CMG-02,memory_utilization,37.16
2026-10-08T01:30:00Z,CMG-02,bgp_session_state,1.0
2026-10-08T01:30:00Z,CMG-02,throughput_gbps,113.71
2026-10-08T01:30:00Z,CMG-02,packet_loss_pct,0.0298
2026-10-08T01:30:00Z,CMG-02,active_bearers,498258.0
2026-10-08T01:30:00Z,CMG-03,cpu_utilization,30.55
2026-10-08T01:30:00Z,CMG-03,memory_utilization,39.5
2026-10-08T01:30:00Z,CMG-03,bgp_session_state,1.0
2026-10-08T01:30:00Z,CMG-03,throughput_gbps,115.11
2026-10-08T01:30:00Z,CMG-03,packet_loss_pct,0.0188
2026-10-08T01:30:00Z,CMG-03,active_bearers,532826.0
2026-10-08T01:30:00Z,UPF-01,cpu_utilization,30.07
2026-10-08T01:30:00Z,UPF-01,memory_utilization,32.18
2026-10-08T01:30:00Z,UPF-01,bgp_session_state,1.0
2026-10-08T01:30:00Z,UPF-01,throughput_gbps,98.44
2026-10-08T01:30:00Z,UPF-01,packet_loss_pct,0.0006
2026-10-08T01:30:00Z,UPF-01,active_bearers,499285.0
2026-10-08T01:30:00Z,UPF-02,cpu_utilization,24.95
2026-10-08T01:30:00Z,UPF-02,memory_utilization,32.86
2026-10-08T01:30:00Z,UPF-02,bgp_session_state,1.0
2026-10-08T01:30:00Z,UPF-02,throughput_gbps,116.57
2026-10-08T01:30:00Z,UPF-02,packet_loss_pct,0.0447
2026-10-08T01:30:00Z,UPF-02,active_bearers,529903.0
2026-10-08T01:35:00Z,CMG-01,cpu_utilization,30.83
2026-10-08T01:35:00Z,CMG-01,memory_utilization,45.05
2026-10-08T01:35:00Z,CMG-01,bgp_session_state,1.0
2026-10-08T01:35:00Z,CMG-01,throughput_gbps,110.32
2026-10-08T01:35:00Z,CMG-01,packet_loss_pct,0.0099
2026-10-08T01:35:00Z,CMG-01,active_bearers,502436.0
2026-10-08T01:35:00Z,CMG-02,cpu_utilization,28.55
2026-10-08T01:35:00Z,CMG-02,memory_utilization,32.41
2026-10-08T01:35:00Z,CMG-02,bgp_session_state,1.0
2026-10-08T01:35:00Z,CMG-02,throughput_gbps,80.3
2026-10-08T01:35:00Z,CMG-02,packet_loss_pct,0.0415
2026-10-08T01:35:00Z,CMG-02,active_bearers,477155.0
2026-10-08T01:35:00Z,CMG-03,cpu_utilization,15.73
2026-10-08T01:35:00Z,CMG-03,memory_utilization,43.6
2026-10-08T01:35:00Z,CMG-03,bgp_session_state,1.0
2026-10-08T01:35:00Z,CMG-03,throughput_gbps,103.9
2026-10-08T01:35:00Z,CMG-03,packet_loss_pct,0.0106
2026-10-08T01:35:00Z,CMG-03,active_bearers,483407.0
2026-10-08T01:35:00Z,UPF-01,cpu_utilization,15.89
2026-10-08T01:35:00Z,UPF-01,memory_utilization,37.45
2026-10-08T01:35:00Z,UPF-01,bgp_session_state,1.0
2026-10-08T01:35:00Z,UPF-01,throughput_gbps,116.37
2026-10-08T01:35:00Z,UPF-01,packet_loss_pct,0.0056
2026-10-08T01:35:00Z,UPF-01,active_bearers,538168.0
2026-10-08T01:35:00Z,UPF-02,cpu_utilization,21.89
2026-10-08T01:35:00Z,UPF-02,memory_utilization,47.22
2026-10-08T01:35:00Z,UPF-02,bgp_session_state,1.0
2026-10-08T01:35:00Z,UPF-02,throughput_gbps,109.0
2026-10-08T01:35:00Z,UPF-02,packet_loss_pct,0.0277
2026-10-08T01:35:00Z,UPF-02,active_bearers,461653.0
2026-10-08T01:40:00Z,CMG-01,cpu_utilization,18.97
2026-10-08T01:40:00Z,CMG-01,memory_utilization,41.87
2026-10-08T01:40:00Z,CMG-01,bgp_session_state,1.0
2026-10-08T01:40:00Z,CMG-01,throughput_gbps,108.51
2026-10-08T01:40:00Z,CMG-01,packet_loss_pct,0.0064
2026-10-08T01:40:00Z,CMG-01,active_bearers,535543.0
2026-10-08T01:40:00Z,CMG-02,cpu_utilization,30.08
2026-10-08T01:40:00Z,CMG-02,memory_utilization,49.8
2026-10-08T01:40:00Z,CMG-02,bgp_session_state,1.0
2026-10-08T01:40:00Z,CMG-02,throughput_gbps,97.61
2026-10-08T01:40:00Z,CMG-02,packet_loss_pct,0.0214
2026-10-08T01:40:00Z,CMG-02,active_bearers,511242.0
2026-10-08T01:40:00Z,CMG-03,cpu_utilization,29.65
2026-10-08T01:40:00Z,CMG-03,memory_utilization,48.9
2026-10-08T01:40:00Z,CMG-03,bgp_session_state,1.0
2026-10-08T01:40:00Z,CMG-03,throughput_gbps,111.7
2026-10-08T01:40:00Z,CMG-03,packet_loss_pct,0.0221
2026-10-08T01:40:00Z,CMG-03,active_bearers,545638.0
2026-10-08T01:40:00Z,UPF-01,cpu_utilization,29.39
2026-10-08T01:40:00Z,UPF-01,memory_utilization,41.79
2026-10-08T01:40:00Z,UPF-01,bgp_session_state,1.0
2026-10-08T01:40:00Z,UPF-01,throughput_gbps,93.26
2026-10-08T01:40:00Z,UPF-01,packet_loss_pct,0.0268
2026-10-08T01:40:00Z,UPF-01,active_bearers,474535.0
2026-10-08T01:40:00Z,UPF-02,cpu_utilization,24.47
2026-10-08T01:40:00Z,UPF-02,memory_utilization,45.97
2026-10-08T01:40:00Z,UPF-02,bgp_session_state,1.0
2026-10-08T01:40:00Z,UPF-02,throughput_gbps,98.62
2026-10-08T01:40:00Z,UPF-02,packet_loss_pct,0.0143
2026-10-08T01:40:00Z,UPF-02,active_bearers,547439.0
2026-10-08T01:45:00Z,CMG-01,cpu_utilization,28.78
2026-10-08T01:45:00Z,CMG-01,memory_utilization,37.51
2026-10-08T01:45:00Z,CMG-01,bgp_session_state,1.0
2026-10-08T01:45:00Z,CMG-01,throughput_gbps,95.66
2026-10-08T01:45:00Z,CMG-01,packet_loss_pct,0.0449
2026-10-08T01:45:00Z,CMG-01,active_bearers,512482.0
2026-10-08T01:45:00Z,CMG-02,cpu_utilization,32.57
2026-10-08T01:45:00Z,CMG-02,memory_utilization,43.47
2026-10-08T01:45:00Z,CMG-02,bgp_session_state,1.0
2026-10-08T01:45:00Z,CMG-02,throughput_gbps,94.89
2026-10-08T01:45:00Z,CMG-02,packet_loss_pct,0.0474
2026-10-08T01:45:00Z,CMG-02,active_bearers,523266.0
2026-10-08T01:45:00Z,CMG-03,cpu_utilization,29.37
2026-10-08T01:45:00Z,CMG-03,memory_utilization,49.12
2026-10-08T01:45:00Z,CMG-03,bgp_session_state,1.0
2026-10-08T01:45:00Z,CMG-03,throughput_gbps,90.04
2026-10-08T01:45:00Z,CMG-03,packet_loss_pct,0.0097
2026-10-08T01:45:00Z,CMG-03,active_bearers,502054.0
2026-10-08T01:45:00Z,UPF-01,cpu_utilization,24.79
2026-10-08T01:45:00Z,UPF-01,memory_utilization,38.69
2026-10-08T01:45:00Z,UPF-01,bgp_session_state,1.0
2026-10-08T01:45:00Z,UPF-01,throughput_gbps,114.51
2026-10-08T01:45:00Z,UPF-01,packet_loss_pct,0.0192
2026-10-08T01:45:00Z,UPF-01,active_bearers,547517.0
2026-10-08T01:45:00Z,UPF-02,cpu_utilization,22.55
2026-10-08T01:45:00Z,UPF-02,memory_utilization,32.42
2026-10-08T01:45:00Z,UPF-02,bgp_session_state,1.0
2026-10-08T01:45:00Z,UPF-02,throughput_gbps,92.97
2026-10-08T01:45:00Z,UPF-02,packet_loss_pct,0.0428
2026-10-08T01:45:00Z,UPF-02,active_bearers,460033.0
2026-10-08T01:50:00Z,CMG-01,cpu_utilization,19.37
2026-10-08T01:50:00Z,CMG-01,memory_utilization,32.36
2026-10-08T01:50:00Z,CMG-01,bgp_session_state,1.0
2026-10-08T01:50:00Z,CMG-01,throughput_gbps,86.34
2026-10-08T01:50:00Z,CMG-01,packet_loss_pct,0.0165
2026-10-08T01:50:00Z,CMG-01,active_bearers,532743.0
2026-10-08T01:50:00Z,CMG-02,cpu_utilization,21.5
2026-10-08T01:50:00Z,CMG-02,memory_utilization,37.83
2026-10-08T01:50:00Z,CMG-02,bgp_session_state,1.0
2026-10-08T01:50:00Z,CMG-02,throughput_gbps,94.19
2026-10-08T01:50:00Z,CMG-02,packet_loss_pct,0.0124
2026-10-08T01:50:00Z,CMG-02,active_bearers,523800.0
2026-10-08T01:50:00Z,CMG-03,cpu_utilization,22.13
2026-10-08T01:50:00Z,CMG-03,memory_utilization,45.66
2026-10-08T01:50:00Z,CMG-03,bgp_session_state,1.0
2026-10-08T01:50:00Z,CMG-03,throughput_gbps,93.27
2026-10-08T01:50:00Z,CMG-03,packet_loss_pct,0.0379
2026-10-08T01:50:00Z,CMG-03,active_bearers,485137.0
2026-10-08T01:50:00Z,UPF-01,cpu_utilization,26.35
2026-10-08T01:50:00Z,UPF-01,memory_utilization,33.6
2026-10-08T01:50:00Z,UPF-01,bgp_session_state,1.0
2026-10-08T01:50:00Z,UPF-01,throughput_gbps,103.15
2026-10-08T01:50:00Z,UPF-01,packet_loss_pct,0.0201
2026-10-08T01:50:00Z,UPF-01,active_bearers,461160.0
2026-10-08T01:50:00Z,UPF-02,cpu_utilization,16.82
2026-10-08T01:50:00Z,UPF-02,memory_utilization,49.51
2026-10-08T01:50:00Z,UPF-02,bgp_session_state,1.0
2026-10-08T01:50:00Z,UPF-02,throughput_gbps,87.48
2026-10-08T01:50:00Z,UPF-02,packet_loss_pct,0.005
2026-10-08T01:50:00Z,UPF-02,active_bearers,469105.0
2026-10-08T01:55:00Z,CMG-01,cpu_utilization,33.89
2026-10-08T01:55:00Z,CMG-01,memory_utilization,47.05
2026-10-08T01:55:00Z,CMG-01,bgp_session_state,1.0
2026-10-08T01:55:00Z,CMG-01,throughput_gbps,106.56
2026-10-08T01:55:00Z,CMG-01,packet_loss_pct,0.0172
2026-10-08T01:55:00Z,CMG-01,active_bearers,473471.0
2026-10-08T01:55:00Z,CMG-02,cpu_utilization,29.36
2026-10-08T01:55:00Z,CMG-02,memory_utilization,30.84
2026-10-08T01:55:00Z,CMG-02,bgp_session_state,1.0
2026-10-08T01:55:00Z,CMG-02,throughput_gbps,119.28
2026-10-08T01:55:00Z,CMG-02,packet_loss_pct,0.0457
2026-10-08T01:55:00Z,CMG-02,active_bearers,549747.0
2026-10-08T01:55:00Z,CMG-03,cpu_utilization,30.51
2026-10-08T01:55:00Z,CMG-03,memory_utilization,35.79
2026-10-08T01:55:00Z,CMG-03,bgp_session_state,1.0
2026-10-08T01:55:00Z,CMG-03,throughput_gbps,116.16
2026-10-08T01:55:00Z,CMG-03,packet_loss_pct,0.0021
2026-10-08T01:55:00Z,CMG-03,active_bearers,542391.0
2026-10-08T01:55:00Z,UPF-01,cpu_utilization,20.85
2026-10-08T01:55:00Z,UPF-01,memory_utilization,44.0
2026-10-08T01:55:00Z,UPF-01,bgp_session_state,1.0
2026-10-08T01:55:00Z,UPF-01,throughput_gbps,87.4
2026-10-08T01:55:00Z,UPF-01,packet_loss_pct,0.0189
2026-10-08T01:55:00Z,UPF-01,active_bearers,482885.0
2026-10-08T01:55:00Z,UPF-02,cpu_utilization,33.96
2026-10-08T01:55:00Z,UPF-02,memory_utilization,41.76
2026-10-08T01:55:00Z,UPF-02,bgp_session_state,1.0
2026-10-08T01:55:00Z,UPF-02,throughput_gbps,117.38
2026-10-08T01:55:00Z,UPF-02,packet_loss_pct,0.0107
2026-10-08T01:55:00Z,UPF-02,active_bearers,461011.0
2026-10-08T02:00:00Z,CMG-01,cpu_utilization,34.75
2026-10-08T02:00:00Z,CMG-01,memory_utilization,47.68
2026-10-08T02:00:00Z,CMG-01,bgp_session_state,1.0
2026-10-08T02:00:00Z,CMG-01,throughput_gbps,103.19
2026-10-08T02:00:00Z,CMG-01,packet_loss_pct,0.0148
2026-10-08T02:00:00Z,CMG-01,active_bearers,516611.0
2026-10-08T02:00:00Z,CMG-02,cpu_utilization,20.7
2026-10-08T02:00:00Z,CMG-02,memory_utilization,37.43
2026-10-08T02:00:00Z,CMG-02,bgp_session_state,1.0
2026-10-08T02:00:00Z,CMG-02,throughput_gbps,109.24
2026-10-08T02:00:00Z,CMG-02,packet_loss_pct,0.0434
2026-10-08T02:00:00Z,CMG-02,active_bearers,463864.0
2026-10-08T02:00:00Z,CMG-03,cpu_utilization,30.03
2026-10-08T02:00:00Z,CMG-03,memory_utilization,41.48
2026-10-08T02:00:00Z,CMG-03,bgp_session_state,1.0
2026-10-08T02:00:00Z,CMG-03,throughput_gbps,84.04
2026-10-08T02:00:00Z,CMG-03,packet_loss_pct,0.0327
2026-10-08T02:00:00Z,CMG-03,active_bearers,534950.0
2026-10-08T02:00:00Z,UPF-01,cpu_utilization,16.85
2026-10-08T02:00:00Z,UPF-01,memory_utilization,42.34
2026-10-08T02:00:00Z,UPF-01,bgp_session_state,1.0
2026-10-08T02:00:00Z,UPF-01,throughput_gbps,101.88
2026-10-08T02:00:00Z,UPF-01,packet_loss_pct,0.0007
2026-10-08T02:00:00Z,UPF-01,active_bearers,471624.0
2026-10-08T02:00:00Z,UPF-02,cpu_utilization,33.87
2026-10-08T02:00:00Z,UPF-02,memory_utilization,45.87
2026-10-08T02:00:00Z,UPF-02,bgp_session_state,1.0
2026-10-08T02:00:00Z,UPF-02,throughput_gbps,106.12
2026-10-08T02:00:00Z,UPF-02,packet_loss_pct,0.0333
2026-10-08T02:00:00Z,UPF-02,active_bearers,516664.0
2026-10-08T02:05:00Z,CMG-01,cpu_utilization,30.66
2026-10-08T02:05:00Z,CMG-01,memory_utilization,35.26
2026-10-08T02:05:00Z,CMG-01,bgp_session_state,1.0
2026-10-08T02:05:00Z,CMG-01,throughput_gbps,90.39
2026-10-08T02:05:00Z,CMG-01,packet_loss_pct,0.0129
2026-10-08T02:05:00Z,CMG-01,active_bearers,465580.0
2026-10-08T02:05:00Z,CMG-02,cpu_utilization,22.78
2026-10-08T02:05:00Z,CMG-02,memory_utilization,42.77
2026-10-08T02:05:00Z,CMG-02,bgp_session_state,1.0
2026-10-08T02:05:00Z,CMG-02,throughput_gbps,91.82
2026-10-08T02:05:00Z,CMG-02,packet_loss_pct,0.0193
2026-10-08T02:05:00Z,CMG-02,active_bearers,459596.0
2026-10-08T02:05:00Z,CMG-03,cpu_utilization,19.83
2026-10-08T02:05:00Z,CMG-03,memory_utilization,46.26
2026-10-08T02:05:00Z,CMG-03,bgp_session_state,1.0
2026-10-08T02:05:00Z,CMG-03,throughput_gbps,90.93
2026-10-08T02:05:00Z,CMG-03,packet_loss_pct,0.0239
2026-10-08T02:05:00Z,CMG-03,active_bearers,513455.0
2026-10-08T02:05:00Z,UPF-01,cpu_utilization,32.64
2026-10-08T02:05:00Z,UPF-01,memory_utilization,39.58
2026-10-08T02:05:00Z,UPF-01,bgp_session_state,1.0
2026-10-08T02:05:00Z,UPF-01,throughput_gbps,115.47
2026-10-08T02:05:00Z,UPF-01,packet_loss_pct,0.0343
2026-10-08T02:05:00Z,UPF-01,active_bearers,478124.0
2026-10-08T02:05:00Z,UPF-02,cpu_utilization,21.86
2026-10-08T02:05:00Z,UPF-02,memory_utilization,42.4
2026-10-08T02:05:00Z,UPF-02,bgp_session_state,1.0
2026-10-08T02:05:00Z,UPF-02,throughput_gbps,114.93
2026-10-08T02:05:00Z,UPF-02,packet_loss_pct,0.019
2026-10-08T02:05:00Z,UPF-02,active_bearers,456849.0
2026-10-08T02:10:00Z,CMG-01,cpu_utilization,34.13
2026-10-08T02:10:00Z,CMG-01,memory_utilization,48.32
2026-10-08T02:10:00Z,CMG-01,bgp_session_state,1.0
2026-10-08T02:10:00Z,CMG-01,throughput_gbps,109.84
2026-10-08T02:10:00Z,CMG-01,packet_loss_pct,0.0095
2026-10-08T02:10:00Z,CMG-01,active_bearers,534939.0
2026-10-08T02:10:00Z,CMG-02,cpu_utilization,21.8
2026-10-08T02:10:00Z,CMG-02,memory_utilization,37.16
2026-10-08T02:10:00Z,CMG-02,bgp_session_state,1.0
2026-10-08T02:10:00Z,CMG-02,throughput_gbps,109.66
2026-10-08T02:10:00Z,CMG-02,packet_loss_pct,0.0299
2026-10-08T02:10:00Z,CMG-02,active_bearers,489146.0
2026-10-08T02:10:00Z,CMG-03,cpu_utilization,24.25
2026-10-08T02:10:00Z,CMG-03,memory_utilization,36.93
2026-10-08T02:10:00Z,CMG-03,bgp_session_state,1.0
2026-10-08T02:10:00Z,CMG-03,throughput_gbps,106.3
2026-10-08T02:10:00Z,CMG-03,packet_loss_pct,0.0304
2026-10-08T02:10:00Z,CMG-03,active_bearers,542349.0
2026-10-08T02:10:00Z,UPF-01,cpu_utilization,23.87
2026-10-08T02:10:00Z,UPF-01,memory_utilization,48.06
2026-10-08T02:10:00Z,UPF-01,bgp_session_state,1.0
2026-10-08T02:10:00Z,UPF-01,throughput_gbps,85.33
2026-10-08T02:10:00Z,UPF-01,packet_loss_pct,0.0251
2026-10-08T02:10:00Z,UPF-01,active_bearers,515799.0
2026-10-08T02:10:00Z,UPF-02,cpu_utilization,15.77
2026-10-08T02:10:00Z,UPF-02,memory_utilization,42.76
2026-10-08T02:10:00Z,UPF-02,bgp_session_state,1.0
2026-10-08T02:10:00Z,UPF-02,throughput_gbps,95.2
2026-10-08T02:10:00Z,UPF-02,packet_loss_pct,0.0259
2026-10-08T02:10:00Z,UPF-02,active_bearers,545401.0
2026-10-08T02:15:00Z,CMG-01,cpu_utilization,28.61
2026-10-08T02:15:00Z,CMG-01,memory_utilization,40.93
2026-10-08T02:15:00Z,CMG-01,bgp_session_state,1.0
2026-10-08T02:15:00Z,CMG-01,throughput_gbps,118.7
2026-10-08T02:15:00Z,CMG-01,packet_loss_pct,0.0354
2026-10-08T02:15:00Z,CMG-01,active_bearers,458274.0
2026-10-08T02:15:00Z,CMG-02,cpu_utilization,28.6
2026-10-08T02:15:00Z,CMG-02,memory_utilization,40.83
2026-10-08T02:15:00Z,CMG-02,bgp_session_state,1.0
2026-10-08T02:15:00Z,CMG-02,throughput_gbps,94.62
2026-10-08T02:15:00Z,CMG-02,packet_loss_pct,0.0405
2026-10-08T02:15:00Z,CMG-02,active_bearers,541384.0
2026-10-08T02:15:00Z,CMG-03,cpu_utilization,33.47
2026-10-08T02:15:00Z,CMG-03,memory_utilization,42.64
2026-10-08T02:15:00Z,CMG-03,bgp_session_state,1.0
2026-10-08T02:15:00Z,CMG-03,throughput_gbps,99.39
2026-10-08T02:15:00Z,CMG-03,packet_loss_pct,0.0048
2026-10-08T02:15:00Z,CMG-03,active_bearers,458632.0
2026-10-08T02:15:00Z,UPF-01,cpu_utilization,27.36
2026-10-08T02:15:00Z,UPF-01,memory_utilization,30.54
2026-10-08T02:15:00Z,UPF-01,bgp_session_state,1.0
2026-10-08T02:15:00Z,UPF-01,throughput_gbps,95.26
2026-10-08T02:15:00Z,UPF-01,packet_loss_pct,0.0007
2026-10-08T02:15:00Z,UPF-01,active_bearers,454151.0
2026-10-08T02:15:00Z,UPF-02,cpu_utilization,25.83
2026-10-08T02:15:00Z,UPF-02,memory_utilization,49.09
2026-10-08T02:15:00Z,UPF-02,bgp_session_state,1.0
2026-10-08T02:15:00Z,UPF-02,throughput_gbps,113.68
2026-10-08T02:15:00Z,UPF-02,packet_loss_pct,0.0464
2026-10-08T02:15:00Z,UPF-02,active_bearers,468443.0
2026-10-08T02:20:00Z,CMG-01,cpu_utilization,19.31
2026-10-08T02:20:00Z,CMG-01,memory_utilization,35.43
2026-10-08T02:20:00Z,CMG-01,bgp_session_state,1.0
2026-10-08T02:20:00Z,CMG-01,throughput_gbps,80.26
2026-10-08T02:20:00Z,CMG-01,packet_loss_pct,0.0
2026-10-08T02:20:00Z,CMG-01,active_bearers,476713.0
2026-10-08T02:20:00Z,CMG-02,cpu_utilization,18.34
2026-10-08T02:20:00Z,CMG-02,memory_utilization,47.91
2026-10-08T02:20:00Z,CMG-02,bgp_session_state,1.0
2026-10-08T02:20:00Z,CMG-02,throughput_gbps,87.72
2026-10-08T02:20:00Z,CMG-02,packet_loss_pct,0.0042
2026-10-08T02:20:00Z,CMG-02,active_bearers,497419.0
2026-10-08T02:20:00Z,CMG-03,cpu_utilization,23.98
2026-10-08T02:20:00Z,CMG-03,memory_utilization,32.13
2026-10-08T02:20:00Z,CMG-03,bgp_session_state,1.0
2026-10-08T02:20:00Z,CMG-03,throughput_gbps,101.63
2026-10-08T02:20:00Z,CMG-03,packet_loss_pct,0.0143
2026-10-08T02:20:00Z,CMG-03,active_bearers,533435.0
2026-10-08T02:20:00Z,UPF-01,cpu_utilization,20.68
2026-10-08T02:20:00Z,UPF-01,memory_utilization,45.99
2026-10-08T02:20:00Z,UPF-01,bgp_session_state,1.0
2026-10-08T02:20:00Z,UPF-01,throughput_gbps,102.51
2026-10-08T02:20:00Z,UPF-01,packet_loss_pct,0.01
2026-10-08T02:20:00Z,UPF-01,active_bearers,525772.0
2026-10-08T02:20:00Z,UPF-02,cpu_utilization,15.25
2026-10-08T02:20:00Z,UPF-02,memory_utilization,35.19
2026-10-08T02:20:00Z,UPF-02,bgp_session_state,1.0
2026-10-08T02:20:00Z,UPF-02,throughput_gbps,104.17
2026-10-08T02:20:00Z,UPF-02,packet_loss_pct,0.0346
2026-10-08T02:20:00Z,UPF-02,active_bearers,547180.0
2026-10-08T02:25:00Z,CMG-01,cpu_utilization,26.92
2026-10-08T02:25:00Z,CMG-01,memory_utilization,30.15
2026-10-08T02:25:00Z,CMG-01,bgp_session_state,1.0
2026-10-08T02:25:00Z,CMG-01,throughput_gbps,116.64
2026-10-08T02:25:00Z,CMG-01,packet_loss_pct,0.0355
2026-10-08T02:25:00Z,CMG-01,active_bearers,485093.0
2026-10-08T02:25:00Z,CMG-02,cpu_utilization,17.11
2026-10-08T02:25:00Z,CMG-02,memory_utilization,32.9
2026-10-08T02:25:00Z,CMG-02,bgp_session_state,1.0
2026-10-08T02:25:00Z,CMG-02,throughput_gbps,107.27
2026-10-08T02:25:00Z,CMG-02,packet_loss_pct,0.0387
2026-10-08T02:25:00Z,CMG-02,active_bearers,462849.0
2026-10-08T02:25:00Z,CMG-03,cpu_utilization,21.65
2026-10-08T02:25:00Z,CMG-03,memory_utilization,37.18
2026-10-08T02:25:00Z,CMG-03,bgp_session_state,1.0
2026-10-08T02:25:00Z,CMG-03,throughput_gbps,113.65
2026-10-08T02:25:00Z,CMG-03,packet_loss_pct,0.0429
2026-10-08T02:25:00Z,CMG-03,active_bearers,469939.0
2026-10-08T02:25:00Z,UPF-01,cpu_utilization,21.24
2026-10-08T02:25:00Z,UPF-01,memory_utilization,31.33
2026-10-08T02:25:00Z,UPF-01,bgp_session_state,1.0
2026-10-08T02:25:00Z,UPF-01,throughput_gbps,101.81
2026-10-08T02:25:00Z,UPF-01,packet_loss_pct,0.0306
2026-10-08T02:25:00Z,UPF-01,active_bearers,514349.0
2026-10-08T02:25:00Z,UPF-02,cpu_utilization,22.42
2026-10-08T02:25:00Z,UPF-02,memory_utilization,36.6
2026-10-08T02:25:00Z,UPF-02,bgp_session_state,1.0
2026-10-08T02:25:00Z,UPF-02,throughput_gbps,104.11
2026-10-08T02:25:00Z,UPF-02,packet_loss_pct,0.0038
2026-10-08T02:25:00Z,UPF-02,active_bearers,508441.0
2026-10-08T02:30:00Z,CMG-01,cpu_utilization,28.78
2026-10-08T02:30:00Z,CMG-01,memory_utilization,43.29
2026-10-08T02:30:00Z,CMG-01,bgp_session_state,1.0
2026-10-08T02:30:00Z,CMG-01,throughput_gbps,110.73
2026-10-08T02:30:00Z,CMG-01,packet_loss_pct,0.015
2026-10-08T02:30:00Z,CMG-01,active_bearers,471715.0
2026-10-08T02:30:00Z,CMG-02,cpu_utilization,17.36
2026-10-08T02:30:00Z,CMG-02,memory_utilization,31.16
2026-10-08T02:30:00Z,CMG-02,bgp_session_state,1.0
2026-10-08T02:30:00Z,CMG-02,throughput_gbps,89.96
2026-10-08T02:30:00Z,CMG-02,packet_loss_pct,0.007
2026-10-08T02:30:00Z,CMG-02,active_bearers,508657.0
2026-10-08T02:30:00Z,CMG-03,cpu_utilization,31.84
2026-10-08T02:30:00Z,CMG-03,memory_utilization,35.17
2026-10-08T02:30:00Z,CMG-03,bgp_session_state,1.0
2026-10-08T02:30:00Z,CMG-03,throughput_gbps,103.92
2026-10-08T02:30:00Z,CMG-03,packet_loss_pct,0.0384
2026-10-08T02:30:00Z,CMG-03,active_bearers,459605.0
2026-10-08T02:30:00Z,UPF-01,cpu_utilization,33.09
2026-10-08T02:30:00Z,UPF-01,memory_utilization,36.83
2026-10-08T02:30:00Z,UPF-01,bgp_session_state,1.0
2026-10-08T02:30:00Z,UPF-01,throughput_gbps,95.58
2026-10-08T02:30:00Z,UPF-01,packet_loss_pct,0.046
2026-10-08T02:30:00Z,UPF-01,active_bearers,499859.0
2026-10-08T02:30:00Z,UPF-02,cpu_utilization,25.9
2026-10-08T02:30:00Z,UPF-02,memory_utilization,30.46
2026-10-08T02:30:00Z,UPF-02,bgp_session_state,1.0
2026-10-08T02:30:00Z,UPF-02,throughput_gbps,88.47
2026-10-08T02:30:00Z,UPF-02,packet_loss_pct,0.0146
2026-10-08T02:30:00Z,UPF-02,active_bearers,477304.0
2026-10-08T02:35:00Z,CMG-01,cpu_utilization,29.42
2026-10-08T02:35:00Z,CMG-01,memory_utilization,31.39
2026-10-08T02:35:00Z,CMG-01,bgp_session_state,1.0
2026-10-08T02:35:00Z,CMG-01,throughput_gbps,88.76
2026-10-08T02:35:00Z,CMG-01,packet_loss_pct,0.0415
2026-10-08T02:35:00Z,CMG-01,active_bearers,482852.0
2026-10-08T02:35:00Z,CMG-02,cpu_utilization,15.41
2026-10-08T02:35:00Z,CMG-02,memory_utilization,48.5
2026-10-08T02:35:00Z,CMG-02,bgp_session_state,1.0
2026-10-08T02:35:00Z,CMG-02,throughput_gbps,109.59
2026-10-08T02:35:00Z,CMG-02,packet_loss_pct,0.0263
2026-10-08T02:35:00Z,CMG-02,active_bearers,506622.0
2026-10-08T02:35:00Z,CMG-03,cpu_utilization,33.6
2026-10-08T02:35:00Z,CMG-03,memory_utilization,49.37
2026-10-08T02:35:00Z,CMG-03,bgp_session_state,1.0
2026-10-08T02:35:00Z,CMG-03,throughput_gbps,87.8
2026-10-08T02:35:00Z,CMG-03,packet_loss_pct,0.0443
2026-10-08T02:35:00Z,CMG-03,active_bearers,467610.0
2026-10-08T02:35:00Z,UPF-01,cpu_utilization,22.61
2026-10-08T02:35:00Z,UPF-01,memory_utilization,44.77
2026-10-08T02:35:00Z,UPF-01,bgp_session_state,1.0
2026-10-08T02:35:00Z,UPF-01,throughput_gbps,111.69
2026-10-08T02:35:00Z,UPF-01,packet_loss_pct,0.0467
2026-10-08T02:35:00Z,UPF-01,active_bearers,496593.0
2026-10-08T02:35:00Z,UPF-02,cpu_utilization,22.27
2026-10-08T02:35:00Z,UPF-02,memory_utilization,46.85
2026-10-08T02:35:00Z,UPF-02,bgp_session_state,1.0
2026-10-08T02:35:00Z,UPF-02,throughput_gbps,100.76
2026-10-08T02:35:00Z,UPF-02,packet_loss_pct,0.0076
2026-10-08T02:35:00Z,UPF-02,active_bearers,494233.0
2026-10-08T02:40:00Z,CMG-01,cpu_utilization,20.09
2026-10-08T02:40:00Z,CMG-01,memory_utilization,30.95
2026-10-08T02:40:00Z,CMG-01,bgp_session_state,1.0
2026-10-08T02:40:00Z,CMG-01,throughput_gbps,107.95
2026-10-08T02:40:00Z,CMG-01,packet_loss_pct,0.0169
2026-10-08T02:40:00Z,CMG-01,active_bearers,518990.0
2026-10-08T02:40:00Z,CMG-02,cpu_utilization,27.28
2026-10-08T02:40:00Z,CMG-02,memory_utilization,34.1
2026-10-08T02:40:00Z,CMG-02,bgp_session_state,1.0
2026-10-08T02:40:00Z,CMG-02,throughput_gbps,94.28
2026-10-08T02:40:00Z,CMG-02,packet_loss_pct,0.0151
2026-10-08T02:40:00Z,CMG-02,active_bearers,531566.0
2026-10-08T02:40:00Z,CMG-03,cpu_utilization,22.2
2026-10-08T02:40:00Z,CMG-03,memory_utilization,30.29
2026-10-08T02:40:00Z,CMG-03,bgp_session_state,1.0
2026-10-08T02:40:00Z,CMG-03,throughput_gbps,87.8
2026-10-08T02:40:00Z,CMG-03,packet_loss_pct,0.0268
2026-10-08T02:40:00Z,CMG-03,active_bearers,506253.0
2026-10-08T02:40:00Z,UPF-01,cpu_utilization,33.45
2026-10-08T02:40:00Z,UPF-01,memory_utilization,31.63
2026-10-08T02:40:00Z,UPF-01,bgp_session_state,1.0
2026-10-08T02:40:00Z,UPF-01,throughput_gbps,113.14
2026-10-08T02:40:00Z,UPF-01,packet_loss_pct,0.0151
2026-10-08T02:40:00Z,UPF-01,active_bearers,517216.0
2026-10-08T02:40:00Z,UPF-02,cpu_utilization,29.86
2026-10-08T02:40:00Z,UPF-02,memory_utilization,33.72
2026-10-08T02:40:00Z,UPF-02,bgp_session_state,1.0
2026-10-08T02:40:00Z,UPF-02,throughput_gbps,86.13
2026-10-08T02:40:00Z,UPF-02,packet_loss_pct,0.0196
2026-10-08T02:40:00Z,UPF-02,active_bearers,474662.0
2026-10-08T02:45:00Z,CMG-01,cpu_utilization,27.29
2026-10-08T02:45:00Z,CMG-01,memory_utilization,44.25
2026-10-08T02:45:00Z,CMG-01,bgp_session_state,1.0
2026-10-08T02:45:00Z,CMG-01,throughput_gbps,94.3
2026-10-08T02:45:00Z,CMG-01,packet_loss_pct,0.0281
2026-10-08T02:45:00Z,CMG-01,active_bearers,525020.0
2026-10-08T02:45:00Z,CMG-02,cpu_utilization,15.43
2026-10-08T02:45:00Z,CMG-02,memory_utilization,36.8
2026-10-08T02:45:00Z,CMG-02,bgp_session_state,1.0
2026-10-08T02:45:00Z,CMG-02,throughput_gbps,116.1
2026-10-08T02:45:00Z,CMG-02,packet_loss_pct,0.0227
2026-10-08T02:45:00Z,CMG-02,active_bearers,493939.0
2026-10-08T02:45:00Z,CMG-03,cpu_utilization,32.46
2026-10-08T02:45:00Z,CMG-03,memory_utilization,35.25
2026-10-08T02:45:00Z,CMG-03,bgp_session_state,1.0
2026-10-08T02:45:00Z,CMG-03,throughput_gbps,81.29
2026-10-08T02:45:00Z,CMG-03,packet_loss_pct,0.0213
2026-10-08T02:45:00Z,CMG-03,active_bearers,462004.0
2026-10-08T02:45:00Z,UPF-01,cpu_utilization,33.51
2026-10-08T02:45:00Z,UPF-01,memory_utilization,39.4
2026-10-08T02:45:00Z,UPF-01,bgp_session_state,1.0
2026-10-08T02:45:00Z,UPF-01,throughput_gbps,87.58
2026-10-08T02:45:00Z,UPF-01,packet_loss_pct,0.0463
2026-10-08T02:45:00Z,UPF-01,active_bearers,495964.0
2026-10-08T02:45:00Z,UPF-02,cpu_utilization,26.88
2026-10-08T02:45:00Z,UPF-02,memory_utilization,45.8
2026-10-08T02:45:00Z,UPF-02,bgp_session_state,1.0
2026-10-08T02:45:00Z,UPF-02,throughput_gbps,102.77
2026-10-08T02:45:00Z,UPF-02,packet_loss_pct,0.0098
2026-10-08T02:45:00Z,UPF-02,active_bearers,511197.0
2026-10-08T02:50:00Z,CMG-01,cpu_utilization,31.67
2026-10-08T02:50:00Z,CMG-01,memory_utilization,31.88
2026-10-08T02:50:00Z,CMG-01,bgp_session_state,1.0
2026-10-08T02:50:00Z,CMG-01,throughput_gbps,115.85
2026-10-08T02:50:00Z,CMG-01,packet_loss_pct,0.0036
2026-10-08T02:50:00Z,CMG-01,active_bearers,527199.0
2026-10-08T02:50:00Z,CMG-02,cpu_utilization,34.82
2026-10-08T02:50:00Z,CMG-02,memory_utilization,37.16
2026-10-08T02:50:00Z,CMG-02,bgp_session_state,1.0
2026-10-08T02:50:00Z,CMG-02,throughput_gbps,117.65
2026-10-08T02:50:00Z,CMG-02,packet_loss_pct,0.0167
2026-10-08T02:50:00Z,CMG-02,active_bearers,521470.0
2026-10-08T02:50:00Z,CMG-03,cpu_utilization,23.08
2026-10-08T02:50:00Z,CMG-03,memory_utilization,35.41
2026-10-08T02:50:00Z,CMG-03,bgp_session_state,1.0
2026-10-08T02:50:00Z,CMG-03,throughput_gbps,82.85
2026-10-08T02:50:00Z,CMG-03,packet_loss_pct,0.0066
2026-10-08T02:50:00Z,CMG-03,active_bearers,507002.0
2026-10-08T02:50:00Z,UPF-01,cpu_utilization,26.78
2026-10-08T02:50:00Z,UPF-01,memory_utilization,45.02
2026-10-08T02:50:00Z,UPF-01,bgp_session_state,1.0
2026-10-08T02:50:00Z,UPF-01,throughput_gbps,113.83
2026-10-08T02:50:00Z,UPF-01,packet_loss_pct,0.0163
2026-10-08T02:50:00Z,UPF-01,active_bearers,544981.0
2026-10-08T02:50:00Z,UPF-02,cpu_utilization,31.5
2026-10-08T02:50:00Z,UPF-02,memory_utilization,38.66
2026-10-08T02:50:00Z,UPF-02,bgp_session_state,1.0
2026-10-08T02:50:00Z,UPF-02,throughput_gbps,118.69
2026-10-08T02:50:00Z,UPF-02,packet_loss_pct,0.043
2026-10-08T02:50:00Z,UPF-02,active_bearers,527396.0
2026-10-08T02:55:00Z,CMG-01,cpu_utilization,26.14
2026-10-08T02:55:00Z,CMG-01,memory_utilization,30.99
2026-10-08T02:55:00Z,CMG-01,bgp_session_state,1.0
2026-10-08T02:55:00Z,CMG-01,throughput_gbps,117.15
2026-10-08T02:55:00Z,CMG-01,packet_loss_pct,0.0454
2026-10-08T02:55:00Z,CMG-01,active_bearers,525576.0
2026-10-08T02:55:00Z,CMG-02,cpu_utilization,27.85
2026-10-08T02:55:00Z,CMG-02,memory_utilization,49.96
2026-10-08T02:55:00Z,CMG-02,bgp_session_state,1.0
2026-10-08T02:55:00Z,CMG-02,throughput_gbps,82.22
2026-10-08T02:55:00Z,CMG-02,packet_loss_pct,0.0109
2026-10-08T02:55:00Z,CMG-02,active_bearers,461120.0
2026-10-08T02:55:00Z,CMG-03,cpu_utilization,27.64
2026-10-08T02:55:00Z,CMG-03,memory_utilization,39.36
2026-10-08T02:55:00Z,CMG-03,bgp_session_state,1.0
2026-10-08T02:55:00Z,CMG-03,throughput_gbps,86.82
2026-10-08T02:55:00Z,CMG-03,packet_loss_pct,0.0062
2026-10-08T02:55:00Z,CMG-03,active_bearers,530293.0
2026-10-08T02:55:00Z,UPF-01,cpu_utilization,18.99
2026-10-08T02:55:00Z,UPF-01,memory_utilization,35.89
2026-10-08T02:55:00Z,UPF-01,bgp_session_state,1.0
2026-10-08T02:55:00Z,UPF-01,throughput_gbps,83.12
2026-10-08T02:55:00Z,UPF-01,packet_loss_pct,0.0452
2026-10-08T02:55:00Z,UPF-01,active_bearers,516103.0
2026-10-08T02:55:00Z,UPF-02,cpu_utilization,20.15
2026-10-08T02:55:00Z,UPF-02,memory_utilization,49.26
2026-10-08T02:55:00Z,UPF-02,bgp_session_state,1.0
2026-10-08T02:55:00Z,UPF-02,throughput_gbps,107.48
2026-10-08T02:55:00Z,UPF-02,packet_loss_pct,0.0372
2026-10-08T02:55:00Z,UPF-02,active_bearers,490540.0
2026-10-08T03:00:00Z,CMG-01,cpu_utilization,16.04
2026-10-08T03:00:00Z,CMG-01,memory_utilization,39.6
2026-10-08T03:00:00Z,CMG-01,bgp_session_state,1.0
2026-10-08T03:00:00Z,CMG-01,throughput_gbps,92.28
2026-10-08T03:00:00Z,CMG-01,packet_loss_pct,0.005
2026-10-08T03:00:00Z,CMG-01,active_bearers,540848.0
2026-10-08T03:00:00Z,CMG-02,cpu_utilization,16.51
2026-10-08T03:00:00Z,CMG-02,memory_utilization,30.54
2026-10-08T03:00:00Z,CMG-02,bgp_session_state,1.0
2026-10-08T03:00:00Z,CMG-02,throughput_gbps,84.06
2026-10-08T03:00:00Z,CMG-02,packet_loss_pct,0.0165
2026-10-08T03:00:00Z,CMG-02,active_bearers,511589.0
2026-10-08T03:00:00Z,CMG-03,cpu_utilization,22.81
2026-10-08T03:00:00Z,CMG-03,memory_utilization,48.3
2026-10-08T03:00:00Z,CMG-03,bgp_session_state,1.0
2026-10-08T03:00:00Z,CMG-03,throughput_gbps,94.17
2026-10-08T03:00:00Z,CMG-03,packet_loss_pct,0.0427
2026-10-08T03:00:00Z,CMG-03,active_bearers,517356.0
2026-10-08T03:00:00Z,UPF-01,cpu_utilization,18.27
2026-10-08T03:00:00Z,UPF-01,memory_utilization,44.77
2026-10-08T03:00:00Z,UPF-01,bgp_session_state,1.0
2026-10-08T03:00:00Z,UPF-01,throughput_gbps,90.91
2026-10-08T03:00:00Z,UPF-01,packet_loss_pct,0.0111
2026-10-08T03:00:00Z,UPF-01,active_bearers,487828.0
2026-10-08T03:00:00Z,UPF-02,cpu_utilization,22.68
2026-10-08T03:00:00Z,UPF-02,memory_utilization,33.81
2026-10-08T03:00:00Z,UPF-02,bgp_session_state,1.0
2026-10-08T03:00:00Z,UPF-02,throughput_gbps,106.99
2026-10-08T03:00:00Z,UPF-02,packet_loss_pct,0.0064
2026-10-08T03:00:00Z,UPF-02,active_bearers,500116.0
2026-10-08T03:05:00Z,CMG-01,cpu_utilization,16.17
2026-10-08T03:05:00Z,CMG-01,memory_utilization,30.26
2026-10-08T03:05:00Z,CMG-01,bgp_session_state,1.0
2026-10-08T03:05:00Z,CMG-01,throughput_gbps,84.91
2026-10-08T03:05:00Z,CMG-01,packet_loss_pct,0.0306
2026-10-08T03:05:00Z,CMG-01,active_bearers,487913.0
2026-10-08T03:05:00Z,CMG-02,cpu_utilization,34.63
2026-10-08T03:05:00Z,CMG-02,memory_utilization,36.72
2026-10-08T03:05:00Z,CMG-02,bgp_session_state,1.0
2026-10-08T03:05:00Z,CMG-02,throughput_gbps,100.61
2026-10-08T03:05:00Z,CMG-02,packet_loss_pct,0.0369
2026-10-08T03:05:00Z,CMG-02,active_bearers,526170.0
2026-10-08T03:05:00Z,CMG-03,cpu_utilization,20.73
2026-10-08T03:05:00Z,CMG-03,memory_utilization,40.24
2026-10-08T03:05:00Z,CMG-03,bgp_session_state,1.0
2026-10-08T03:05:00Z,CMG-03,throughput_gbps,108.71
2026-10-08T03:05:00Z,CMG-03,packet_loss_pct,0.0132
2026-10-08T03:05:00Z,CMG-03,active_bearers,490807.0
2026-10-08T03:05:00Z,UPF-01,cpu_utilization,32.75
2026-10-08T03:05:00Z,UPF-01,memory_utilization,47.1
2026-10-08T03:05:00Z,UPF-01,bgp_session_state,1.0
2026-10-08T03:05:00Z,UPF-01,throughput_gbps,118.78
2026-10-08T03:05:00Z,UPF-01,packet_loss_pct,0.0361
2026-10-08T03:05:00Z,UPF-01,active_bearers,497956.0
2026-10-08T03:05:00Z,UPF-02,cpu_utilization,29.35
2026-10-08T03:05:00Z,UPF-02,memory_utilization,48.99
2026-10-08T03:05:00Z,UPF-02,bgp_session_state,1.0
2026-10-08T03:05:00Z,UPF-02,throughput_gbps,86.64
2026-10-08T03:05:00Z,UPF-02,packet_loss_pct,0.0208
2026-10-08T03:05:00Z,UPF-02,active_bearers,479310.0
2026-10-08T03:10:00Z,CMG-01,cpu_utilization,18.93
2026-10-08T03:10:00Z,CMG-01,memory_utilization,31.26
2026-10-08T03:10:00Z,CMG-01,bgp_session_state,1.0
2026-10-08T03:10:00Z,CMG-01,throughput_gbps,81.68
2026-10-08T03:10:00Z,CMG-01,packet_loss_pct,0.0075
2026-10-08T03:10:00Z,CMG-01,active_bearers,473323.0
2026-10-08T03:10:00Z,CMG-02,cpu_utilization,21.25
2026-10-08T03:10:00Z,CMG-02,memory_utilization,45.68
2026-10-08T03:10:00Z,CMG-02,bgp_session_state,1.0
2026-10-08T03:10:00Z,CMG-02,throughput_gbps,101.6
2026-10-08T03:10:00Z,CMG-02,packet_loss_pct,0.0123
2026-10-08T03:10:00Z,CMG-02,active_bearers,483889.0
2026-10-08T03:10:00Z,CMG-03,cpu_utilization,34.18
2026-10-08T03:10:00Z,CMG-03,memory_utilization,31.17
2026-10-08T03:10:00Z,CMG-03,bgp_session_state,1.0
2026-10-08T03:10:00Z,CMG-03,throughput_gbps,106.39
2026-10-08T03:10:00Z,CMG-03,packet_loss_pct,0.048
2026-10-08T03:10:00Z,CMG-03,active_bearers,549900.0
2026-10-08T03:10:00Z,UPF-01,cpu_utilization,15.77
2026-10-08T03:10:00Z,UPF-01,memory_utilization,37.3
2026-10-08T03:10:00Z,UPF-01,bgp_session_state,1.0
2026-10-08T03:10:00Z,UPF-01,throughput_gbps,95.54
2026-10-08T03:10:00Z,UPF-01,packet_loss_pct,0.0442
2026-10-08T03:10:00Z,UPF-01,active_bearers,454431.0
2026-10-08T03:10:00Z,UPF-02,cpu_utilization,31.33
2026-10-08T03:10:00Z,UPF-02,memory_utilization,34.63
2026-10-08T03:10:00Z,UPF-02,bgp_session_state,1.0
2026-10-08T03:10:00Z,UPF-02,throughput_gbps,103.71
2026-10-08T03:10:00Z,UPF-02,packet_loss_pct,0.0256
2026-10-08T03:10:00Z,UPF-02,active_bearers,466144.0
2026-10-08T03:15:00Z,CMG-01,cpu_utilization,27.78
2026-10-08T03:15:00Z,CMG-01,memory_utilization,44.28
2026-10-08T03:15:00Z,CMG-01,bgp_session_state,1.0
2026-10-08T03:15:00Z,CMG-01,throughput_gbps,88.97
2026-10-08T03:15:00Z,CMG-01,packet_loss_pct,0.0126
2026-10-08T03:15:00Z,CMG-01,active_bearers,522356.0
2026-10-08T03:15:00Z,CMG-02,cpu_utilization,33.11
2026-10-08T03:15:00Z,CMG-02,memory_utilization,49.42
2026-10-08T03:15:00Z,CMG-02,bgp_session_state,1.0
2026-10-08T03:15:00Z,CMG-02,throughput_gbps,116.6
2026-10-08T03:15:00Z,CMG-02,packet_loss_pct,0.0464
2026-10-08T03:15:00Z,CMG-02,active_bearers,498122.0
2026-10-08T03:15:00Z,CMG-03,cpu_utilization,27.91
2026-10-08T03:15:00Z,CMG-03,memory_utilization,32.98
2026-10-08T03:15:00Z,CMG-03,bgp_session_state,1.0
2026-10-08T03:15:00Z,CMG-03,throughput_gbps,105.8
2026-10-08T03:15:00Z,CMG-03,packet_loss_pct,0.0066
2026-10-08T03:15:00Z,CMG-03,active_bearers,461382.0
2026-10-08T03:15:00Z,UPF-01,cpu_utilization,29.66
2026-10-08T03:15:00Z,UPF-01,memory_utilization,33.46
2026-10-08T03:15:00Z,UPF-01,bgp_session_state,1.0
2026-10-08T03:15:00Z,UPF-01,throughput_gbps,110.69
2026-10-08T03:15:00Z,UPF-01,packet_loss_pct,0.011
2026-10-08T03:15:00Z,UPF-01,active_bearers,499379.0
2026-10-08T03:15:00Z,UPF-02,cpu_utilization,33.93
2026-10-08T03:15:00Z,UPF-02,memory_utilization,49.68
2026-10-08T03:15:00Z,UPF-02,bgp_session_state,1.0
2026-10-08T03:15:00Z,UPF-02,throughput_gbps,89.61
2026-10-08T03:15:00Z,UPF-02,packet_loss_pct,0.0206
2026-10-08T03:15:00Z,UPF-02,active_bearers,506251.0
2026-10-08T03:20:00Z,CMG-01,cpu_utilization,25.83
2026-10-08T03:20:00Z,CMG-01,memory_utilization,42.6
2026-10-08T03:20:00Z,CMG-01,bgp_session_state,1.0
2026-10-08T03:20:00Z,CMG-01,throughput_gbps,95.56
2026-10-08T03:20:00Z,CMG-01,packet_loss_pct,0.0031
2026-10-08T03:20:00Z,CMG-01,active_bearers,468080.0
2026-10-08T03:20:00Z,CMG-02,cpu_utilization,21.09
2026-10-08T03:20:00Z,CMG-02,memory_utilization,39.0
2026-10-08T03:20:00Z,CMG-02,bgp_session_state,1.0
2026-10-08T03:20:00Z,CMG-02,throughput_gbps,102.09
2026-10-08T03:20:00Z,CMG-02,packet_loss_pct,0.0214
2026-10-08T03:20:00Z,CMG-02,active_bearers,511639.0
2026-10-08T03:20:00Z,CMG-03,cpu_utilization,17.82
2026-10-08T03:20:00Z,CMG-03,memory_utilization,40.74
2026-10-08T03:20:00Z,CMG-03,bgp_session_state,1.0
2026-10-08T03:20:00Z,CMG-03,throughput_gbps,86.58
2026-10-08T03:20:00Z,CMG-03,packet_loss_pct,0.0377
2026-10-08T03:20:00Z,CMG-03,active_bearers,492188.0
2026-10-08T03:20:00Z,UPF-01,cpu_utilization,31.59
2026-10-08T03:20:00Z,UPF-01,memory_utilization,43.78
2026-10-08T03:20:00Z,UPF-01,bgp_session_state,1.0
2026-10-08T03:20:00Z,UPF-01,throughput_gbps,114.3
2026-10-08T03:20:00Z,UPF-01,packet_loss_pct,0.0321
2026-10-08T03:20:00Z,UPF-01,active_bearers,523548.0
2026-10-08T03:20:00Z,UPF-02,cpu_utilization,34.53
2026-10-08T03:20:00Z,UPF-02,memory_utilization,40.6
2026-10-08T03:20:00Z,UPF-02,bgp_session_state,1.0
2026-10-08T03:20:00Z,UPF-02,throughput_gbps,112.27
2026-10-08T03:20:00Z,UPF-02,packet_loss_pct,0.0189
2026-10-08T03:20:00Z,UPF-02,active_bearers,495703.0
2026-10-08T03:25:00Z,CMG-01,cpu_utilization,29.12
2026-10-08T03:25:00Z,CMG-01,memory_utilization,31.31
2026-10-08T03:25:00Z,CMG-01,bgp_session_state,1.0
2026-10-08T03:25:00Z,CMG-01,throughput_gbps,109.99
2026-10-08T03:25:00Z,CMG-01,packet_loss_pct,0.0498
2026-10-08T03:25:00Z,CMG-01,active_bearers,489881.0
2026-10-08T03:25:00Z,CMG-02,cpu_utilization,15.01
2026-10-08T03:25:00Z,CMG-02,memory_utilization,36.66
2026-10-08T03:25:00Z,CMG-02,bgp_session_state,1.0
2026-10-08T03:25:00Z,CMG-02,throughput_gbps,117.86
2026-10-08T03:25:00Z,CMG-02,packet_loss_pct,0.0321
2026-10-08T03:25:00Z,CMG-02,active_bearers,450397.0
2026-10-08T03:25:00Z,CMG-03,cpu_utilization,30.61
2026-10-08T03:25:00Z,CMG-03,memory_utilization,46.02
2026-10-08T03:25:00Z,CMG-03,bgp_session_state,1.0
2026-10-08T03:25:00Z,CMG-03,throughput_gbps,119.28
2026-10-08T03:25:00Z,CMG-03,packet_loss_pct,0.0453
2026-10-08T03:25:00Z,CMG-03,active_bearers,482249.0
2026-10-08T03:25:00Z,UPF-01,cpu_utilization,24.05
2026-10-08T03:25:00Z,UPF-01,memory_utilization,37.41
2026-10-08T03:25:00Z,UPF-01,bgp_session_state,1.0
2026-10-08T03:25:00Z,UPF-01,throughput_gbps,108.85
2026-10-08T03:25:00Z,UPF-01,packet_loss_pct,0.0384
2026-10-08T03:25:00Z,UPF-01,active_bearers,469045.0
2026-10-08T03:25:00Z,UPF-02,cpu_utilization,28.58
2026-10-08T03:25:00Z,UPF-02,memory_utilization,43.8
2026-10-08T03:25:00Z,UPF-02,bgp_session_state,1.0
2026-10-08T03:25:00Z,UPF-02,throughput_gbps,112.99
2026-10-08T03:25:00Z,UPF-02,packet_loss_pct,0.0342
2026-10-08T03:25:00Z,UPF-02,active_bearers,492502.0
2026-10-08T03:30:00Z,CMG-01,cpu_utilization,21.46
2026-10-08T03:30:00Z,CMG-01,memory_utilization,36.05
2026-10-08T03:30:00Z,CMG-01,bgp_session_state,1.0
2026-10-08T03:30:00Z,CMG-01,throughput_gbps,117.39
2026-10-08T03:30:00Z,CMG-01,packet_loss_pct,0.0238
2026-10-08T03:30:00Z,CMG-01,active_bearers,471958.0
2026-10-08T03:30:00Z,CMG-02,cpu_utilization,16.93
2026-10-08T03:30:00Z,CMG-02,memory_utilization,36.06
2026-10-08T03:30:00Z,CMG-02,bgp_session_state,1.0
2026-10-08T03:30:00Z,CMG-02,throughput_gbps,80.4
2026-10-08T03:30:00Z,CMG-02,packet_loss_pct,0.0162
2026-10-08T03:30:00Z,CMG-02,active_bearers,481838.0
2026-10-08T03:30:00Z,CMG-03,cpu_utilization,21.64
2026-10-08T03:30:00Z,CMG-03,memory_utilization,32.12
2026-10-08T03:30:00Z,CMG-03,bgp_session_state,1.0
2026-10-08T03:30:00Z,CMG-03,throughput_gbps,85.4
2026-10-08T03:30:00Z,CMG-03,packet_loss_pct,0.023
2026-10-08T03:30:00Z,CMG-03,active_bearers,491202.0
2026-10-08T03:30:00Z,UPF-01,cpu_utilization,33.59
2026-10-08T03:30:00Z,UPF-01,memory_utilization,48.38
2026-10-08T03:30:00Z,UPF-01,bgp_session_state,1.0
2026-10-08T03:30:00Z,UPF-01,throughput_gbps,112.4
2026-10-08T03:30:00Z,UPF-01,packet_loss_pct,0.0303
2026-10-08T03:30:00Z,UPF-01,active_bearers,532607.0
2026-10-08T03:30:00Z,UPF-02,cpu_utilization,29.47
2026-10-08T03:30:00Z,UPF-02,memory_utilization,32.49
2026-10-08T03:30:00Z,UPF-02,bgp_session_state,1.0
2026-10-08T03:30:00Z,UPF-02,throughput_gbps,100.66
2026-10-08T03:30:00Z,UPF-02,packet_loss_pct,0.0386
2026-10-08T03:30:00Z,UPF-02,active_bearers,533202.0
2026-10-08T03:35:00Z,CMG-01,cpu_utilization,34.99
2026-10-08T03:35:00Z,CMG-01,memory_utilization,48.08
2026-10-08T03:35:00Z,CMG-01,bgp_session_state,1.0
2026-10-08T03:35:00Z,CMG-01,throughput_gbps,105.36
2026-10-08T03:35:00Z,CMG-01,packet_loss_pct,0.0033
2026-10-08T03:35:00Z,CMG-01,active_bearers,472380.0
2026-10-08T03:35:00Z,CMG-02,cpu_utilization,27.54
2026-10-08T03:35:00Z,CMG-02,memory_utilization,47.74
2026-10-08T03:35:00Z,CMG-02,bgp_session_state,1.0
2026-10-08T03:35:00Z,CMG-02,throughput_gbps,80.99
2026-10-08T03:35:00Z,CMG-02,packet_loss_pct,0.0112
2026-10-08T03:35:00Z,CMG-02,active_bearers,498149.0
2026-10-08T03:35:00Z,CMG-03,cpu_utilization,25.29
2026-10-08T03:35:00Z,CMG-03,memory_utilization,41.7
2026-10-08T03:35:00Z,CMG-03,bgp_session_state,1.0
2026-10-08T03:35:00Z,CMG-03,throughput_gbps,80.18
2026-10-08T03:35:00Z,CMG-03,packet_loss_pct,0.0011
2026-10-08T03:35:00Z,CMG-03,active_bearers,488413.0
2026-10-08T03:35:00Z,UPF-01,cpu_utilization,31.62
2026-10-08T03:35:00Z,UPF-01,memory_utilization,32.07
2026-10-08T03:35:00Z,UPF-01,bgp_session_state,1.0
2026-10-08T03:35:00Z,UPF-01,throughput_gbps,111.32
2026-10-08T03:35:00Z,UPF-01,packet_loss_pct,0.0121
2026-10-08T03:35:00Z,UPF-01,active_bearers,487972.0
2026-10-08T03:35:00Z,UPF-02,cpu_utilization,15.96
2026-10-08T03:35:00Z,UPF-02,memory_utilization,37.63
2026-10-08T03:35:00Z,UPF-02,bgp_session_state,1.0
2026-10-08T03:35:00Z,UPF-02,throughput_gbps,118.63
2026-10-08T03:35:00Z,UPF-02,packet_loss_pct,0.0269
2026-10-08T03:35:00Z,UPF-02,active_bearers,548621.0
2026-10-08T03:40:00Z,CMG-01,cpu_utilization,25.63
2026-10-08T03:40:00Z,CMG-01,memory_utilization,40.08
2026-10-08T03:40:00Z,CMG-01,bgp_session_state,1.0
2026-10-08T03:40:00Z,CMG-01,throughput_gbps,101.27
2026-10-08T03:40:00Z,CMG-01,packet_loss_pct,0.0494
2026-10-08T03:40:00Z,CMG-01,active_bearers,520815.0
2026-10-08T03:40:00Z,CMG-02,cpu_utilization,17.53
2026-10-08T03:40:00Z,CMG-02,memory_utilization,35.94
2026-10-08T03:40:00Z,CMG-02,bgp_session_state,1.0
2026-10-08T03:40:00Z,CMG-02,throughput_gbps,113.01
2026-10-08T03:40:00Z,CMG-02,packet_loss_pct,0.0302
2026-10-08T03:40:00Z,CMG-02,active_bearers,515401.0
2026-10-08T03:40:00Z,CMG-03,cpu_utilization,20.84
2026-10-08T03:40:00Z,CMG-03,memory_utilization,31.72
2026-10-08T03:40:00Z,CMG-03,bgp_session_state,1.0
2026-10-08T03:40:00Z,CMG-03,throughput_gbps,100.82
2026-10-08T03:40:00Z,CMG-03,packet_loss_pct,0.0094
2026-10-08T03:40:00Z,CMG-03,active_bearers,528446.0
2026-10-08T03:40:00Z,UPF-01,cpu_utilization,31.78
2026-10-08T03:40:00Z,UPF-01,memory_utilization,36.42
2026-10-08T03:40:00Z,UPF-01,bgp_session_state,1.0
2026-10-08T03:40:00Z,UPF-01,throughput_gbps,93.16
2026-10-08T03:40:00Z,UPF-01,packet_loss_pct,0.0205
2026-10-08T03:40:00Z,UPF-01,active_bearers,545222.0
2026-10-08T03:40:00Z,UPF-02,cpu_utilization,33.95
2026-10-08T03:40:00Z,UPF-02,memory_utilization,33.21
2026-10-08T03:40:00Z,UPF-02,bgp_session_state,1.0
2026-10-08T03:40:00Z,UPF-02,throughput_gbps,84.72
2026-10-08T03:40:00Z,UPF-02,packet_loss_pct,0.0005
2026-10-08T03:40:00Z,UPF-02,active_bearers,481650.0
2026-10-08T03:45:00Z,CMG-01,cpu_utilization,27.56
2026-10-08T03:45:00Z,CMG-01,memory_utilization,37.63
2026-10-08T03:45:00Z,CMG-01,bgp_session_state,1.0
2026-10-08T03:45:00Z,CMG-01,throughput_gbps,98.44
2026-10-08T03:45:00Z,CMG-01,packet_loss_pct,0.0151
2026-10-08T03:45:00Z,CMG-01,active_bearers,503969.0
2026-10-08T03:45:00Z,CMG-02,cpu_utilization,16.46
2026-10-08T03:45:00Z,CMG-02,memory_utilization,33.19
2026-10-08T03:45:00Z,CMG-02,bgp_session_state,1.0
2026-10-08T03:45:00Z,CMG-02,throughput_gbps,80.95
2026-10-08T03:45:00Z,CMG-02,packet_loss_pct,0.0391
2026-10-08T03:45:00Z,CMG-02,active_bearers,463756.0
2026-10-08T03:45:00Z,CMG-03,cpu_utilization,34.81
2026-10-08T03:45:00Z,CMG-03,memory_utilization,34.8
2026-10-08T03:45:00Z,CMG-03,bgp_session_state,1.0
2026-10-08T03:45:00Z,CMG-03,throughput_gbps,105.23
2026-10-08T03:45:00Z,CMG-03,packet_loss_pct,0.0025
2026-10-08T03:45:00Z,CMG-03,active_bearers,491827.0
2026-10-08T03:45:00Z,UPF-01,cpu_utilization,24.97
2026-10-08T03:45:00Z,UPF-01,memory_utilization,39.82
2026-10-08T03:45:00Z,UPF-01,bgp_session_state,1.0
2026-10-08T03:45:00Z,UPF-01,throughput_gbps,81.6
2026-10-08T03:45:00Z,UPF-01,packet_loss_pct,0.0359
2026-10-08T03:45:00Z,UPF-01,active_bearers,546173.0
2026-10-08T03:45:00Z,UPF-02,cpu_utilization,27.08
2026-10-08T03:45:00Z,UPF-02,memory_utilization,39.04
2026-10-08T03:45:00Z,UPF-02,bgp_session_state,1.0
2026-10-08T03:45:00Z,UPF-02,throughput_gbps,96.72
2026-10-08T03:45:00Z,UPF-02,packet_loss_pct,0.0179
2026-10-08T03:45:00Z,UPF-02,active_bearers,474824.0
2026-10-08T03:50:00Z,CMG-01,cpu_utilization,34.54
2026-10-08T03:50:00Z,CMG-01,memory_utilization,30.66
2026-10-08T03:50:00Z,CMG-01,bgp_session_state,1.0
2026-10-08T03:50:00Z,CMG-01,throughput_gbps,90.13
2026-10-08T03:50:00Z,CMG-01,packet_loss_pct,0.0285
2026-10-08T03:50:00Z,CMG-01,active_bearers,503010.0
2026-10-08T03:50:00Z,CMG-02,cpu_utilization,18.84
2026-10-08T03:50:00Z,CMG-02,memory_utilization,37.74
2026-10-08T03:50:00Z,CMG-02,bgp_session_state,1.0
2026-10-08T03:50:00Z,CMG-02,throughput_gbps,100.89
2026-10-08T03:50:00Z,CMG-02,packet_loss_pct,0.0236
2026-10-08T03:50:00Z,CMG-02,active_bearers,542654.0
2026-10-08T03:50:00Z,CMG-03,cpu_utilization,29.31
2026-10-08T03:50:00Z,CMG-03,memory_utilization,37.68
2026-10-08T03:50:00Z,CMG-03,bgp_session_state,1.0
2026-10-08T03:50:00Z,CMG-03,throughput_gbps,96.24
2026-10-08T03:50:00Z,CMG-03,packet_loss_pct,0.0298
2026-10-08T03:50:00Z,CMG-03,active_bearers,495356.0
2026-10-08T03:50:00Z,UPF-01,cpu_utilization,20.31
2026-10-08T03:50:00Z,UPF-01,memory_utilization,31.16
2026-10-08T03:50:00Z,UPF-01,bgp_session_state,1.0
2026-10-08T03:50:00Z,UPF-01,throughput_gbps,98.28
2026-10-08T03:50:00Z,UPF-01,packet_loss_pct,0.0055
2026-10-08T03:50:00Z,UPF-01,active_bearers,481092.0
2026-10-08T03:50:00Z,UPF-02,cpu_utilization,33.71
2026-10-08T03:50:00Z,UPF-02,memory_utilization,34.38
2026-10-08T03:50:00Z,UPF-02,bgp_session_state,1.0
2026-10-08T03:50:00Z,UPF-02,throughput_gbps,118.7
2026-10-08T03:50:00Z,UPF-02,packet_loss_pct,0.0294
2026-10-08T03:50:00Z,UPF-02,active_bearers,459680.0
2026-10-08T03:55:00Z,CMG-01,cpu_utilization,29.97
2026-10-08T03:55:00Z,CMG-01,memory_utilization,36.0
2026-10-08T03:55:00Z,CMG-01,bgp_session_state,1.0
2026-10-08T03:55:00Z,CMG-01,throughput_gbps,108.97
2026-10-08T03:55:00Z,CMG-01,packet_loss_pct,0.0205
2026-10-08T03:55:00Z,CMG-01,active_bearers,514673.0
2026-10-08T03:55:00Z,CMG-02,cpu_utilization,25.78
2026-10-08T03:55:00Z,CMG-02,memory_utilization,41.36
2026-10-08T03:55:00Z,CMG-02,bgp_session_state,1.0
2026-10-08T03:55:00Z,CMG-02,throughput_gbps,95.39
2026-10-08T03:55:00Z,CMG-02,packet_loss_pct,0.0186
2026-10-08T03:55:00Z,CMG-02,active_bearers,512997.0
2026-10-08T03:55:00Z,CMG-03,cpu_utilization,24.61
2026-10-08T03:55:00Z,CMG-03,memory_utilization,40.6
2026-10-08T03:55:00Z,CMG-03,bgp_session_state,1.0
2026-10-08T03:55:00Z,CMG-03,throughput_gbps,102.04
2026-10-08T03:55:00Z,CMG-03,packet_loss_pct,0.014
2026-10-08T03:55:00Z,CMG-03,active_bearers,486036.0
2026-10-08T03:55:00Z,UPF-01,cpu_utilization,32.49
2026-10-08T03:55:00Z,UPF-01,memory_utilization,46.76
2026-10-08T03:55:00Z,UPF-01,bgp_session_state,1.0
2026-10-08T03:55:00Z,UPF-01,throughput_gbps,80.94
2026-10-08T03:55:00Z,UPF-01,packet_loss_pct,0.0486
2026-10-08T03:55:00Z,UPF-01,active_bearers,476295.0
2026-10-08T03:55:00Z,UPF-02,cpu_utilization,29.61
2026-10-08T03:55:00Z,UPF-02,memory_utilization,39.84
2026-10-08T03:55:00Z,UPF-02,bgp_session_state,1.0
2026-10-08T03:55:00Z,UPF-02,throughput_gbps,83.34
2026-10-08T03:55:00Z,UPF-02,packet_loss_pct,0.0456
2026-10-08T03:55:00Z,UPF-02,active_bearers,498098.0
2026-10-08T04:00:00Z,CMG-01,cpu_utilization,26.99
2026-10-08T04:00:00Z,CMG-01,memory_utilization,40.13
2026-10-08T04:00:00Z,CMG-01,bgp_session_state,1.0
2026-10-08T04:00:00Z,CMG-01,throughput_gbps,92.57
2026-10-08T04:00:00Z,CMG-01,packet_loss_pct,0.0298
2026-10-08T04:00:00Z,CMG-01,active_bearers,486051.0
2026-10-08T04:00:00Z,CMG-02,cpu_utilization,15.32
2026-10-08T04:00:00Z,CMG-02,memory_utilization,33.42
2026-10-08T04:00:00Z,CMG-02,bgp_session_state,1.0
2026-10-08T04:00:00Z,CMG-02,throughput_gbps,92.32
2026-10-08T04:00:00Z,CMG-02,packet_loss_pct,0.0288
2026-10-08T04:00:00Z,CMG-02,active_bearers,479341.0
2026-10-08T04:00:00Z,CMG-03,cpu_utilization,21.33
2026-10-08T04:00:00Z,CMG-03,memory_utilization,31.09
2026-10-08T04:00:00Z,CMG-03,bgp_session_state,1.0
2026-10-08T04:00:00Z,CMG-03,throughput_gbps,97.28
2026-10-08T04:00:00Z,CMG-03,packet_loss_pct,0.0262
2026-10-08T04:00:00Z,CMG-03,active_bearers,462456.0
2026-10-08T04:00:00Z,UPF-01,cpu_utilization,26.24
2026-10-08T04:00:00Z,UPF-01,memory_utilization,32.62
2026-10-08T04:00:00Z,UPF-01,bgp_session_state,1.0
2026-10-08T04:00:00Z,UPF-01,throughput_gbps,98.92
2026-10-08T04:00:00Z,UPF-01,packet_loss_pct,0.0089
2026-10-08T04:00:00Z,UPF-01,active_bearers,540871.0
2026-10-08T04:00:00Z,UPF-02,cpu_utilization,22.37
2026-10-08T04:00:00Z,UPF-02,memory_utilization,40.89
2026-10-08T04:00:00Z,UPF-02,bgp_session_state,1.0
2026-10-08T04:00:00Z,UPF-02,throughput_gbps,117.74
2026-10-08T04:00:00Z,UPF-02,packet_loss_pct,0.0175
2026-10-08T04:00:00Z,UPF-02,active_bearers,490869.0
2026-10-08T04:05:00Z,CMG-01,cpu_utilization,32.21
2026-10-08T04:05:00Z,CMG-01,memory_utilization,47.91
2026-10-08T04:05:00Z,CMG-01,bgp_session_state,1.0
2026-10-08T04:05:00Z,CMG-01,throughput_gbps,109.5
2026-10-08T04:05:00Z,CMG-01,packet_loss_pct,0.0172
2026-10-08T04:05:00Z,CMG-01,active_bearers,496560.0
2026-10-08T04:05:00Z,CMG-02,cpu_utilization,27.61
2026-10-08T04:05:00Z,CMG-02,memory_utilization,35.61
2026-10-08T04:05:00Z,CMG-02,bgp_session_state,1.0
2026-10-08T04:05:00Z,CMG-02,throughput_gbps,111.72
2026-10-08T04:05:00Z,CMG-02,packet_loss_pct,0.036
2026-10-08T04:05:00Z,CMG-02,active_bearers,450575.0
2026-10-08T04:05:00Z,CMG-03,cpu_utilization,34.91
2026-10-08T04:05:00Z,CMG-03,memory_utilization,30.78
2026-10-08T04:05:00Z,CMG-03,bgp_session_state,1.0
2026-10-08T04:05:00Z,CMG-03,throughput_gbps,108.12
2026-10-08T04:05:00Z,CMG-03,packet_loss_pct,0.0243
2026-10-08T04:05:00Z,CMG-03,active_bearers,453771.0
2026-10-08T04:05:00Z,UPF-01,cpu_utilization,16.92
2026-10-08T04:05:00Z,UPF-01,memory_utilization,37.27
2026-10-08T04:05:00Z,UPF-01,bgp_session_state,1.0
2026-10-08T04:05:00Z,UPF-01,throughput_gbps,119.05
2026-10-08T04:05:00Z,UPF-01,packet_loss_pct,0.0401
2026-10-08T04:05:00Z,UPF-01,active_bearers,485754.0
2026-10-08T04:05:00Z,UPF-02,cpu_utilization,15.49
2026-10-08T04:05:00Z,UPF-02,memory_utilization,34.93
2026-10-08T04:05:00Z,UPF-02,bgp_session_state,1.0
2026-10-08T04:05:00Z,UPF-02,throughput_gbps,85.03
2026-10-08T04:05:00Z,UPF-02,packet_loss_pct,0.0343
2026-10-08T04:05:00Z,UPF-02,active_bearers,472412.0
2026-10-08T04:10:00Z,CMG-01,cpu_utilization,17.93
2026-10-08T04:10:00Z,CMG-01,memory_utilization,30.88
2026-10-08T04:10:00Z,CMG-01,bgp_session_state,1.0
2026-10-08T04:10:00Z,CMG-01,throughput_gbps,90.5
2026-10-08T04:10:00Z,CMG-01,packet_loss_pct,0.0216
2026-10-08T04:10:00Z,CMG-01,active_bearers,477395.0
2026-10-08T04:10:00Z,CMG-02,cpu_utilization,20.24
2026-10-08T04:10:00Z,CMG-02,memory_utilization,47.96
2026-10-08T04:10:00Z,CMG-02,bgp_session_state,1.0
2026-10-08T04:10:00Z,CMG-02,throughput_gbps,100.11
2026-10-08T04:10:00Z,CMG-02,packet_loss_pct,0.0267
2026-10-08T04:10:00Z,CMG-02,active_bearers,527691.0
2026-10-08T04:10:00Z,CMG-03,cpu_utilization,27.17
2026-10-08T04:10:00Z,CMG-03,memory_utilization,46.93
2026-10-08T04:10:00Z,CMG-03,bgp_session_state,1.0
2026-10-08T04:10:00Z,CMG-03,throughput_gbps,108.62
2026-10-08T04:10:00Z,CMG-03,packet_loss_pct,0.0207
2026-10-08T04:10:00Z,CMG-03,active_bearers,547364.0
2026-10-08T04:10:00Z,UPF-01,cpu_utilization,24.47
2026-10-08T04:10:00Z,UPF-01,memory_utilization,33.85
2026-10-08T04:10:00Z,UPF-01,bgp_session_state,1.0
2026-10-08T04:10:00Z,UPF-01,throughput_gbps,108.47
2026-10-08T04:10:00Z,UPF-01,packet_loss_pct,0.0031
2026-10-08T04:10:00Z,UPF-01,active_bearers,545113.0
2026-10-08T04:10:00Z,UPF-02,cpu_utilization,31.89
2026-10-08T04:10:00Z,UPF-02,memory_utilization,36.7
2026-10-08T04:10:00Z,UPF-02,bgp_session_state,1.0
2026-10-08T04:10:00Z,UPF-02,throughput_gbps,107.68
2026-10-08T04:10:00Z,UPF-02,packet_loss_pct,0.0454
2026-10-08T04:10:00Z,UPF-02,active_bearers,535167.0
2026-10-08T04:15:00Z,CMG-01,cpu_utilization,17.12
2026-10-08T04:15:00Z,CMG-01,memory_utilization,41.07
2026-10-08T04:15:00Z,CMG-01,bgp_session_state,1.0
2026-10-08T04:15:00Z,CMG-01,throughput_gbps,81.43
2026-10-08T04:15:00Z,CMG-01,packet_loss_pct,0.0051
2026-10-08T04:15:00Z,CMG-01,active_bearers,521266.0
2026-10-08T04:15:00Z,CMG-02,cpu_utilization,23.84
2026-10-08T04:15:00Z,CMG-02,memory_utilization,46.46
2026-10-08T04:15:00Z,CMG-02,bgp_session_state,1.0
2026-10-08T04:15:00Z,CMG-02,throughput_gbps,114.46
2026-10-08T04:15:00Z,CMG-02,packet_loss_pct,0.0111
2026-10-08T04:15:00Z,CMG-02,active_bearers,479949.0
2026-10-08T04:15:00Z,CMG-03,cpu_utilization,27.74
2026-10-08T04:15:00Z,CMG-03,memory_utilization,45.25
2026-10-08T04:15:00Z,CMG-03,bgp_session_state,1.0
2026-10-08T04:15:00Z,CMG-03,throughput_gbps,111.07
2026-10-08T04:15:00Z,CMG-03,packet_loss_pct,0.0321
2026-10-08T04:15:00Z,CMG-03,active_bearers,470104.0
2026-10-08T04:15:00Z,UPF-01,cpu_utilization,31.43
2026-10-08T04:15:00Z,UPF-01,memory_utilization,32.64
2026-10-08T04:15:00Z,UPF-01,bgp_session_state,1.0
2026-10-08T04:15:00Z,UPF-01,throughput_gbps,92.77
2026-10-08T04:15:00Z,UPF-01,packet_loss_pct,0.0353
2026-10-08T04:15:00Z,UPF-01,active_bearers,486119.0
2026-10-08T04:15:00Z,UPF-02,cpu_utilization,16.5
2026-10-08T04:15:00Z,UPF-02,memory_utilization,34.78
2026-10-08T04:15:00Z,UPF-02,bgp_session_state,1.0
2026-10-08T04:15:00Z,UPF-02,throughput_gbps,119.9
2026-10-08T04:15:00Z,UPF-02,packet_loss_pct,0.0098
2026-10-08T04:15:00Z,UPF-02,active_bearers,463217.0
2026-10-08T04:20:00Z,CMG-01,cpu_utilization,26.69
2026-10-08T04:20:00Z,CMG-01,memory_utilization,41.76
2026-10-08T04:20:00Z,CMG-01,bgp_session_state,1.0
2026-10-08T04:20:00Z,CMG-01,throughput_gbps,104.78
2026-10-08T04:20:00Z,CMG-01,packet_loss_pct,0.0447
2026-10-08T04:20:00Z,CMG-01,active_bearers,464013.0
2026-10-08T04:20:00Z,CMG-02,cpu_utilization,25.29
2026-10-08T04:20:00Z,CMG-02,memory_utilization,45.71
2026-10-08T04:20:00Z,CMG-02,bgp_session_state,1.0
2026-10-08T04:20:00Z,CMG-02,throughput_gbps,86.8
2026-10-08T04:20:00Z,CMG-02,packet_loss_pct,0.0033
2026-10-08T04:20:00Z,CMG-02,active_bearers,470274.0
2026-10-08T04:20:00Z,CMG-03,cpu_utilization,26.41
2026-10-08T04:20:00Z,CMG-03,memory_utilization,44.01
2026-10-08T04:20:00Z,CMG-03,bgp_session_state,1.0
2026-10-08T04:20:00Z,CMG-03,throughput_gbps,81.19
2026-10-08T04:20:00Z,CMG-03,packet_loss_pct,0.0176
2026-10-08T04:20:00Z,CMG-03,active_bearers,478412.0
2026-10-08T04:20:00Z,UPF-01,cpu_utilization,20.82
2026-10-08T04:20:00Z,UPF-01,memory_utilization,46.77
2026-10-08T04:20:00Z,UPF-01,bgp_session_state,1.0
2026-10-08T04:20:00Z,UPF-01,throughput_gbps,95.21
2026-10-08T04:20:00Z,UPF-01,packet_loss_pct,0.026
2026-10-08T04:20:00Z,UPF-01,active_bearers,465153.0
2026-10-08T04:20:00Z,UPF-02,cpu_utilization,30.96
2026-10-08T04:20:00Z,UPF-02,memory_utilization,49.38
2026-10-08T04:20:00Z,UPF-02,bgp_session_state,1.0
2026-10-08T04:20:00Z,UPF-02,throughput_gbps,110.38
2026-10-08T04:20:00Z,UPF-02,packet_loss_pct,0.0018
2026-10-08T04:20:00Z,UPF-02,active_bearers,451049.0
2026-10-08T04:25:00Z,CMG-01,cpu_utilization,18.45
2026-10-08T04:25:00Z,CMG-01,memory_utilization,40.64
2026-10-08T04:25:00Z,CMG-01,bgp_session_state,1.0
2026-10-08T04:25:00Z,CMG-01,throughput_gbps,89.71
2026-10-08T04:25:00Z,CMG-01,packet_loss_pct,0.0379
2026-10-08T04:25:00Z,CMG-01,active_bearers,520071.0
2026-10-08T04:25:00Z,CMG-02,cpu_utilization,28.46
2026-10-08T04:25:00Z,CMG-02,memory_utilization,34.0
2026-10-08T04:25:00Z,CMG-02,bgp_session_state,1.0
2026-10-08T04:25:00Z,CMG-02,throughput_gbps,99.05
2026-10-08T04:25:00Z,CMG-02,packet_loss_pct,0.0366
2026-10-08T04:25:00Z,CMG-02,active_bearers,454988.0
2026-10-08T04:25:00Z,CMG-03,cpu_utilization,20.24
2026-10-08T04:25:00Z,CMG-03,memory_utilization,48.13
2026-10-08T04:25:00Z,CMG-03,bgp_session_state,1.0
2026-10-08T04:25:00Z,CMG-03,throughput_gbps,104.35
2026-10-08T04:25:00Z,CMG-03,packet_loss_pct,0.0405
2026-10-08T04:25:00Z,CMG-03,active_bearers,504116.0
2026-10-08T04:25:00Z,UPF-01,cpu_utilization,33.81
2026-10-08T04:25:00Z,UPF-01,memory_utilization,46.63
2026-10-08T04:25:00Z,UPF-01,bgp_session_state,1.0
2026-10-08T04:25:00Z,UPF-01,throughput_gbps,109.9
2026-10-08T04:25:00Z,UPF-01,packet_loss_pct,0.04
2026-10-08T04:25:00Z,UPF-01,active_bearers,511441.0
2026-10-08T04:25:00Z,UPF-02,cpu_utilization,16.28
2026-10-08T04:25:00Z,UPF-02,memory_utilization,30.73
2026-10-08T04:25:00Z,UPF-02,bgp_session_state,1.0
2026-10-08T04:25:00Z,UPF-02,throughput_gbps,115.27
2026-10-08T04:25:00Z,UPF-02,packet_loss_pct,0.0483
2026-10-08T04:25:00Z,UPF-02,active_bearers,470747.0
2026-10-08T04:30:00Z,CMG-01,cpu_utilization,34.15
2026-10-08T04:30:00Z,CMG-01,memory_utilization,37.97
2026-10-08T04:30:00Z,CMG-01,bgp_session_state,1.0
2026-10-08T04:30:00Z,CMG-01,throughput_gbps,105.59
2026-10-08T04:30:00Z,CMG-01,packet_loss_pct,0.0247
2026-10-08T04:30:00Z,CMG-01,active_bearers,517738.0
2026-10-08T04:30:00Z,CMG-02,cpu_utilization,27.19
2026-10-08T04:30:00Z,CMG-02,memory_utilization,30.45
2026-10-08T04:30:00Z,CMG-02,bgp_session_state,1.0
2026-10-08T04:30:00Z,CMG-02,throughput_gbps,80.22
2026-10-08T04:30:00Z,CMG-02,packet_loss_pct,0.0232
2026-10-08T04:30:00Z,CMG-02,active_bearers,456085.0
2026-10-08T04:30:00Z,CMG-03,cpu_utilization,15.97
2026-10-08T04:30:00Z,CMG-03,memory_utilization,30.11
2026-10-08T04:30:00Z,CMG-03,bgp_session_state,1.0
2026-10-08T04:30:00Z,CMG-03,throughput_gbps,118.38
2026-10-08T04:30:00Z,CMG-03,packet_loss_pct,0.0247
2026-10-08T04:30:00Z,CMG-03,active_bearers,531881.0
2026-10-08T04:30:00Z,UPF-01,cpu_utilization,15.77
2026-10-08T04:30:00Z,UPF-01,memory_utilization,34.96
2026-10-08T04:30:00Z,UPF-01,bgp_session_state,1.0
2026-10-08T04:30:00Z,UPF-01,throughput_gbps,109.44
2026-10-08T04:30:00Z,UPF-01,packet_loss_pct,0.0411
2026-10-08T04:30:00Z,UPF-01,active_bearers,476397.0
2026-10-08T04:30:00Z,UPF-02,cpu_utilization,26.26
2026-10-08T04:30:00Z,UPF-02,memory_utilization,38.54
2026-10-08T04:30:00Z,UPF-02,bgp_session_state,1.0
2026-10-08T04:30:00Z,UPF-02,throughput_gbps,105.43
2026-10-08T04:30:00Z,UPF-02,packet_loss_pct,0.0351
2026-10-08T04:30:00Z,UPF-02,active_bearers,480823.0
2026-10-08T04:35:00Z,CMG-01,cpu_utilization,16.59
2026-10-08T04:35:00Z,CMG-01,memory_utilization,36.01
2026-10-08T04:35:00Z,CMG-01,bgp_session_state,1.0
2026-10-08T04:35:00Z,CMG-01,throughput_gbps,92.29
2026-10-08T04:35:00Z,CMG-01,packet_loss_pct,0.0211
2026-10-08T04:35:00Z,CMG-01,active_bearers,501678.0
2026-10-08T04:35:00Z,CMG-02,cpu_utilization,15.27
2026-10-08T04:35:00Z,CMG-02,memory_utilization,35.35
2026-10-08T04:35:00Z,CMG-02,bgp_session_state,1.0
2026-10-08T04:35:00Z,CMG-02,throughput_gbps,96.86
2026-10-08T04:35:00Z,CMG-02,packet_loss_pct,0.0107
2026-10-08T04:35:00Z,CMG-02,active_bearers,516949.0
2026-10-08T04:35:00Z,CMG-03,cpu_utilization,31.24
2026-10-08T04:35:00Z,CMG-03,memory_utilization,37.87
2026-10-08T04:35:00Z,CMG-03,bgp_session_state,1.0
2026-10-08T04:35:00Z,CMG-03,throughput_gbps,100.07
2026-10-08T04:35:00Z,CMG-03,packet_loss_pct,0.0289
2026-10-08T04:35:00Z,CMG-03,active_bearers,467332.0
2026-10-08T04:35:00Z,UPF-01,cpu_utilization,16.7
2026-10-08T04:35:00Z,UPF-01,memory_utilization,48.73
2026-10-08T04:35:00Z,UPF-01,bgp_session_state,1.0
2026-10-08T04:35:00Z,UPF-01,throughput_gbps,102.96
2026-10-08T04:35:00Z,UPF-01,packet_loss_pct,0.0442
2026-10-08T04:35:00Z,UPF-01,active_bearers,500089.0
2026-10-08T04:35:00Z,UPF-02,cpu_utilization,18.03
2026-10-08T04:35:00Z,UPF-02,memory_utilization,33.63
2026-10-08T04:35:00Z,UPF-02,bgp_session_state,1.0
2026-10-08T04:35:00Z,UPF-02,throughput_gbps,82.21
2026-10-08T04:35:00Z,UPF-02,packet_loss_pct,0.0343
2026-10-08T04:35:00Z,UPF-02,active_bearers,539387.0
2026-10-08T04:40:00Z,CMG-01,cpu_utilization,29.42
2026-10-08T04:40:00Z,CMG-01,memory_utilization,32.27
2026-10-08T04:40:00Z,CMG-01,bgp_session_state,1.0
2026-10-08T04:40:00Z,CMG-01,throughput_gbps,103.11
2026-10-08T04:40:00Z,CMG-01,packet_loss_pct,0.0104
2026-10-08T04:40:00Z,CMG-01,active_bearers,455022.0
2026-10-08T04:40:00Z,CMG-02,cpu_utilization,30.93
2026-10-08T04:40:00Z,CMG-02,memory_utilization,32.33
2026-10-08T04:40:00Z,CMG-02,bgp_session_state,1.0
2026-10-08T04:40:00Z,CMG-02,throughput_gbps,88.57
2026-10-08T04:40:00Z,CMG-02,packet_loss_pct,0.0191
2026-10-08T04:40:00Z,CMG-02,active_bearers,549265.0
2026-10-08T04:40:00Z,CMG-03,cpu_utilization,34.42
2026-10-08T04:40:00Z,CMG-03,memory_utilization,38.5
2026-10-08T04:40:00Z,CMG-03,bgp_session_state,1.0
2026-10-08T04:40:00Z,CMG-03,throughput_gbps,110.65
2026-10-08T04:40:00Z,CMG-03,packet_loss_pct,0.0073
2026-10-08T04:40:00Z,CMG-03,active_bearers,537904.0
2026-10-08T04:40:00Z,UPF-01,cpu_utilization,22.12
2026-10-08T04:40:00Z,UPF-01,memory_utilization,39.18
2026-10-08T04:40:00Z,UPF-01,bgp_session_state,1.0
2026-10-08T04:40:00Z,UPF-01,throughput_gbps,116.01
2026-10-08T04:40:00Z,UPF-01,packet_loss_pct,0.045
2026-10-08T04:40:00Z,UPF-01,active_bearers,451493.0
2026-10-08T04:40:00Z,UPF-02,cpu_utilization,27.69
2026-10-08T04:40:00Z,UPF-02,memory_utilization,42.68
2026-10-08T04:40:00Z,UPF-02,bgp_session_state,1.0
2026-10-08T04:40:00Z,UPF-02,throughput_gbps,99.45
2026-10-08T04:40:00Z,UPF-02,packet_loss_pct,0.034
2026-10-08T04:40:00Z,UPF-02,active_bearers,530031.0
2026-10-08T04:45:00Z,CMG-01,cpu_utilization,33.44
2026-10-08T04:45:00Z,CMG-01,memory_utilization,47.39
2026-10-08T04:45:00Z,CMG-01,bgp_session_state,1.0
2026-10-08T04:45:00Z,CMG-01,throughput_gbps,91.58
2026-10-08T04:45:00Z,CMG-01,packet_loss_pct,0.0391
2026-10-08T04:45:00Z,CMG-01,active_bearers,456636.0
2026-10-08T04:45:00Z,CMG-02,cpu_utilization,19.18
2026-10-08T04:45:00Z,CMG-02,memory_utilization,46.29
2026-10-08T04:45:00Z,CMG-02,bgp_session_state,1.0
2026-10-08T04:45:00Z,CMG-02,throughput_gbps,100.22
2026-10-08T04:45:00Z,CMG-02,packet_loss_pct,0.0279
2026-10-08T04:45:00Z,CMG-02,active_bearers,457777.0
2026-10-08T04:45:00Z,CMG-03,cpu_utilization,17.83
2026-10-08T04:45:00Z,CMG-03,memory_utilization,48.14
2026-10-08T04:45:00Z,CMG-03,bgp_session_state,1.0
2026-10-08T04:45:00Z,CMG-03,throughput_gbps,86.45
2026-10-08T04:45:00Z,CMG-03,packet_loss_pct,0.0118
2026-10-08T04:45:00Z,CMG-03,active_bearers,465984.0
2026-10-08T04:45:00Z,UPF-01,cpu_utilization,18.67
2026-10-08T04:45:00Z,UPF-01,memory_utilization,37.06
2026-10-08T04:45:00Z,UPF-01,bgp_session_state,1.0
2026-10-08T04:45:00Z,UPF-01,throughput_gbps,100.89
2026-10-08T04:45:00Z,UPF-01,packet_loss_pct,0.0269
2026-10-08T04:45:00Z,UPF-01,active_bearers,511863.0
2026-10-08T04:45:00Z,UPF-02,cpu_utilization,30.79
2026-10-08T04:45:00Z,UPF-02,memory_utilization,40.21
2026-10-08T04:45:00Z,UPF-02,bgp_session_state,1.0
2026-10-08T04:45:00Z,UPF-02,throughput_gbps,96.87
2026-10-08T04:45:00Z,UPF-02,packet_loss_pct,0.017
2026-10-08T04:45:00Z,UPF-02,active_bearers,453880.0
2026-10-08T04:50:00Z,CMG-01,cpu_utilization,18.28
2026-10-08T04:50:00Z,CMG-01,memory_utilization,48.96
2026-10-08T04:50:00Z,CMG-01,bgp_session_state,1.0
2026-10-08T04:50:00Z,CMG-01,throughput_gbps,82.84
2026-10-08T04:50:00Z,CMG-01,packet_loss_pct,0.0335
2026-10-08T04:50:00Z,CMG-01,active_bearers,524328.0
2026-10-08T04:50:00Z,CMG-02,cpu_utilization,18.42
2026-10-08T04:50:00Z,CMG-02,memory_utilization,48.55
2026-10-08T04:50:00Z,CMG-02,bgp_session_state,1.0
2026-10-08T04:50:00Z,CMG-02,throughput_gbps,115.8
2026-10-08T04:50:00Z,CMG-02,packet_loss_pct,0.0006
2026-10-08T04:50:00Z,CMG-02,active_bearers,508799.0
2026-10-08T04:50:00Z,CMG-03,cpu_utilization,20.99
2026-10-08T04:50:00Z,CMG-03,memory_utilization,43.09
2026-10-08T04:50:00Z,CMG-03,bgp_session_state,1.0
2026-10-08T04:50:00Z,CMG-03,throughput_gbps,111.93
2026-10-08T04:50:00Z,CMG-03,packet_loss_pct,0.0416
2026-10-08T04:50:00Z,CMG-03,active_bearers,463005.0
2026-10-08T04:50:00Z,UPF-01,cpu_utilization,21.95
2026-10-08T04:50:00Z,UPF-01,memory_utilization,31.47
2026-10-08T04:50:00Z,UPF-01,bgp_session_state,1.0
2026-10-08T04:50:00Z,UPF-01,throughput_gbps,100.19
2026-10-08T04:50:00Z,UPF-01,packet_loss_pct,0.0492
2026-10-08T04:50:00Z,UPF-01,active_bearers,479502.0
2026-10-08T04:50:00Z,UPF-02,cpu_utilization,25.97
2026-10-08T04:50:00Z,UPF-02,memory_utilization,39.21
2026-10-08T04:50:00Z,UPF-02,bgp_session_state,1.0
2026-10-08T04:50:00Z,UPF-02,throughput_gbps,118.68
2026-10-08T04:50:00Z,UPF-02,packet_loss_pct,0.0317
2026-10-08T04:50:00Z,UPF-02,active_bearers,521624.0
2026-10-08T04:55:00Z,CMG-01,cpu_utilization,17.01
2026-10-08T04:55:00Z,CMG-01,memory_utilization,31.07
2026-10-08T04:55:00Z,CMG-01,bgp_session_state,1.0
2026-10-08T04:55:00Z,CMG-01,throughput_gbps,106.61
2026-10-08T04:55:00Z,CMG-01,packet_loss_pct,0.0492
2026-10-08T04:55:00Z,CMG-01,active_bearers,472578.0
2026-10-08T04:55:00Z,CMG-02,cpu_utilization,20.6
2026-10-08T04:55:00Z,CMG-02,memory_utilization,42.74
2026-10-08T04:55:00Z,CMG-02,bgp_session_state,1.0
2026-10-08T04:55:00Z,CMG-02,throughput_gbps,103.47
2026-10-08T04:55:00Z,CMG-02,packet_loss_pct,0.001
2026-10-08T04:55:00Z,CMG-02,active_bearers,511023.0
2026-10-08T04:55:00Z,CMG-03,cpu_utilization,17.74
2026-10-08T04:55:00Z,CMG-03,memory_utilization,34.69
2026-10-08T04:55:00Z,CMG-03,bgp_session_state,1.0
2026-10-08T04:55:00Z,CMG-03,throughput_gbps,100.46
2026-10-08T04:55:00Z,CMG-03,packet_loss_pct,0.0127
2026-10-08T04:55:00Z,CMG-03,active_bearers,528595.0
2026-10-08T04:55:00Z,UPF-01,cpu_utilization,32.17
2026-10-08T04:55:00Z,UPF-01,memory_utilization,43.58
2026-10-08T04:55:00Z,UPF-01,bgp_session_state,1.0
2026-10-08T04:55:00Z,UPF-01,throughput_gbps,96.04
2026-10-08T04:55:00Z,UPF-01,packet_loss_pct,0.0166
2026-10-08T04:55:00Z,UPF-01,active_bearers,538434.0
2026-10-08T04:55:00Z,UPF-02,cpu_utilization,18.53
2026-10-08T04:55:00Z,UPF-02,memory_utilization,41.81
2026-10-08T04:55:00Z,UPF-02,bgp_session_state,1.0
2026-10-08T04:55:00Z,UPF-02,throughput_gbps,95.14
2026-10-08T04:55:00Z,UPF-02,packet_loss_pct,0.0237
2026-10-08T04:55:00Z,UPF-02,active_bearers,518169.0
2026-10-08T05:00:00Z,CMG-01,cpu_utilization,15.19
2026-10-08T05:00:00Z,CMG-01,memory_utilization,46.61
2026-10-08T05:00:00Z,CMG-01,bgp_session_state,1.0
2026-10-08T05:00:00Z,CMG-01,throughput_gbps,89.87
2026-10-08T05:00:00Z,CMG-01,packet_loss_pct,0.0245
2026-10-08T05:00:00Z,CMG-01,active_bearers,454359.0
2026-10-08T05:00:00Z,CMG-02,cpu_utilization,18.21
2026-10-08T05:00:00Z,CMG-02,memory_utilization,35.55
2026-10-08T05:00:00Z,CMG-02,bgp_session_state,1.0
2026-10-08T05:00:00Z,CMG-02,throughput_gbps,97.79
2026-10-08T05:00:00Z,CMG-02,packet_loss_pct,0.0392
2026-10-08T05:00:00Z,CMG-02,active_bearers,524781.0
2026-10-08T05:00:00Z,CMG-03,cpu_utilization,25.15
2026-10-08T05:00:00Z,CMG-03,memory_utilization,33.26
2026-10-08T05:00:00Z,CMG-03,bgp_session_state,1.0
2026-10-08T05:00:00Z,CMG-03,throughput_gbps,105.74
2026-10-08T05:00:00Z,CMG-03,packet_loss_pct,0.0316
2026-10-08T05:00:00Z,CMG-03,active_bearers,483840.0
2026-10-08T05:00:00Z,UPF-01,cpu_utilization,33.18
2026-10-08T05:00:00Z,UPF-01,memory_utilization,32.5
2026-10-08T05:00:00Z,UPF-01,bgp_session_state,1.0
2026-10-08T05:00:00Z,UPF-01,throughput_gbps,115.82
2026-10-08T05:00:00Z,UPF-01,packet_loss_pct,0.0159
2026-10-08T05:00:00Z,UPF-01,active_bearers,505207.0
2026-10-08T05:00:00Z,UPF-02,cpu_utilization,19.11
2026-10-08T05:00:00Z,UPF-02,memory_utilization,48.33
2026-10-08T05:00:00Z,UPF-02,bgp_session_state,1.0
2026-10-08T05:00:00Z,UPF-02,throughput_gbps,93.38
2026-10-08T05:00:00Z,UPF-02,packet_loss_pct,0.0042
2026-10-08T05:00:00Z,UPF-02,active_bearers,460248.0
2026-10-08T05:05:00Z,CMG-01,cpu_utilization,26.57
2026-10-08T05:05:00Z,CMG-01,memory_utilization,45.39
2026-10-08T05:05:00Z,CMG-01,bgp_session_state,1.0
2026-10-08T05:05:00Z,CMG-01,throughput_gbps,100.23
2026-10-08T05:05:00Z,CMG-01,packet_loss_pct,0.0184
2026-10-08T05:05:00Z,CMG-01,active_bearers,521160.0
2026-10-08T05:05:00Z,CMG-02,cpu_utilization,28.69
2026-10-08T05:05:00Z,CMG-02,memory_utilization,32.0
2026-10-08T05:05:00Z,CMG-02,bgp_session_state,1.0
2026-10-08T05:05:00Z,CMG-02,throughput_gbps,103.06
2026-10-08T05:05:00Z,CMG-02,packet_loss_pct,0.0388
2026-10-08T05:05:00Z,CMG-02,active_bearers,481114.0
2026-10-08T05:05:00Z,CMG-03,cpu_utilization,15.11
2026-10-08T05:05:00Z,CMG-03,memory_utilization,33.4
2026-10-08T05:05:00Z,CMG-03,bgp_session_state,1.0
2026-10-08T05:05:00Z,CMG-03,throughput_gbps,80.69
2026-10-08T05:05:00Z,CMG-03,packet_loss_pct,0.032
2026-10-08T05:05:00Z,CMG-03,active_bearers,547345.0
2026-10-08T05:05:00Z,UPF-01,cpu_utilization,28.74
2026-10-08T05:05:00Z,UPF-01,memory_utilization,37.18
2026-10-08T05:05:00Z,UPF-01,bgp_session_state,1.0
2026-10-08T05:05:00Z,UPF-01,throughput_gbps,92.81
2026-10-08T05:05:00Z,UPF-01,packet_loss_pct,0.0359
2026-10-08T05:05:00Z,UPF-01,active_bearers,520848.0
2026-10-08T05:05:00Z,UPF-02,cpu_utilization,18.98
2026-10-08T05:05:00Z,UPF-02,memory_utilization,30.43
2026-10-08T05:05:00Z,UPF-02,bgp_session_state,1.0
2026-10-08T05:05:00Z,UPF-02,throughput_gbps,89.22
2026-10-08T05:05:00Z,UPF-02,packet_loss_pct,0.0206
2026-10-08T05:05:00Z,UPF-02,active_bearers,491698.0
2026-10-08T05:10:00Z,CMG-01,cpu_utilization,22.59
2026-10-08T05:10:00Z,CMG-01,memory_utilization,44.56
2026-10-08T05:10:00Z,CMG-01,bgp_session_state,1.0
2026-10-08T05:10:00Z,CMG-01,throughput_gbps,80.07
2026-10-08T05:10:00Z,CMG-01,packet_loss_pct,0.0478
2026-10-08T05:10:00Z,CMG-01,active_bearers,464758.0
2026-10-08T05:10:00Z,CMG-02,cpu_utilization,25.56
2026-10-08T05:10:00Z,CMG-02,memory_utilization,34.08
2026-10-08T05:10:00Z,CMG-02,bgp_session_state,1.0
2026-10-08T05:10:00Z,CMG-02,throughput_gbps,110.7
2026-10-08T05:10:00Z,CMG-02,packet_loss_pct,0.0453
2026-10-08T05:10:00Z,CMG-02,active_bearers,513987.0
2026-10-08T05:10:00Z,CMG-03,cpu_utilization,20.54
2026-10-08T05:10:00Z,CMG-03,memory_utilization,35.1
2026-10-08T05:10:00Z,CMG-03,bgp_session_state,1.0
2026-10-08T05:10:00Z,CMG-03,throughput_gbps,115.55
2026-10-08T05:10:00Z,CMG-03,packet_loss_pct,0.0066
2026-10-08T05:10:00Z,CMG-03,active_bearers,500473.0
2026-10-08T05:10:00Z,UPF-01,cpu_utilization,24.94
2026-10-08T05:10:00Z,UPF-01,memory_utilization,46.61
2026-10-08T05:10:00Z,UPF-01,bgp_session_state,1.0
2026-10-08T05:10:00Z,UPF-01,throughput_gbps,103.97
2026-10-08T05:10:00Z,UPF-01,packet_loss_pct,0.0201
2026-10-08T05:10:00Z,UPF-01,active_bearers,478687.0
2026-10-08T05:10:00Z,UPF-02,cpu_utilization,15.95
2026-10-08T05:10:00Z,UPF-02,memory_utilization,43.16
2026-10-08T05:10:00Z,UPF-02,bgp_session_state,1.0
2026-10-08T05:10:00Z,UPF-02,throughput_gbps,116.44
2026-10-08T05:10:00Z,UPF-02,packet_loss_pct,0.0089
2026-10-08T05:10:00Z,UPF-02,active_bearers,546300.0
2026-10-08T05:15:00Z,CMG-01,cpu_utilization,18.51
2026-10-08T05:15:00Z,CMG-01,memory_utilization,31.55
2026-10-08T05:15:00Z,CMG-01,bgp_session_state,1.0
2026-10-08T05:15:00Z,CMG-01,throughput_gbps,95.51
2026-10-08T05:15:00Z,CMG-01,packet_loss_pct,0.0016
2026-10-08T05:15:00Z,CMG-01,active_bearers,462258.0
2026-10-08T05:15:00Z,CMG-02,cpu_utilization,27.9
2026-10-08T05:15:00Z,CMG-02,memory_utilization,43.02
2026-10-08T05:15:00Z,CMG-02,bgp_session_state,1.0
2026-10-08T05:15:00Z,CMG-02,throughput_gbps,115.33
2026-10-08T05:15:00Z,CMG-02,packet_loss_pct,0.0416
2026-10-08T05:15:00Z,CMG-02,active_bearers,498135.0
2026-10-08T05:15:00Z,CMG-03,cpu_utilization,29.3
2026-10-08T05:15:00Z,CMG-03,memory_utilization,39.77
2026-10-08T05:15:00Z,CMG-03,bgp_session_state,1.0
2026-10-08T05:15:00Z,CMG-03,throughput_gbps,98.59
2026-10-08T05:15:00Z,CMG-03,packet_loss_pct,0.0193
2026-10-08T05:15:00Z,CMG-03,active_bearers,466777.0
2026-10-08T05:15:00Z,UPF-01,cpu_utilization,18.06
2026-10-08T05:15:00Z,UPF-01,memory_utilization,43.35
2026-10-08T05:15:00Z,UPF-01,bgp_session_state,1.0
2026-10-08T05:15:00Z,UPF-01,throughput_gbps,87.87
2026-10-08T05:15:00Z,UPF-01,packet_loss_pct,0.0478
2026-10-08T05:15:00Z,UPF-01,active_bearers,512937.0
2026-10-08T05:15:00Z,UPF-02,cpu_utilization,26.6
2026-10-08T05:15:00Z,UPF-02,memory_utilization,32.21
2026-10-08T05:15:00Z,UPF-02,bgp_session_state,1.0
2026-10-08T05:15:00Z,UPF-02,throughput_gbps,112.23
2026-10-08T05:15:00Z,UPF-02,packet_loss_pct,0.0482
2026-10-08T05:15:00Z,UPF-02,active_bearers,544439.0
2026-10-08T05:20:00Z,CMG-01,cpu_utilization,19.73
2026-10-08T05:20:00Z,CMG-01,memory_utilization,46.46
2026-10-08T05:20:00Z,CMG-01,bgp_session_state,1.0
2026-10-08T05:20:00Z,CMG-01,throughput_gbps,84.12
2026-10-08T05:20:00Z,CMG-01,packet_loss_pct,0.0485
2026-10-08T05:20:00Z,CMG-01,active_bearers,487259.0
2026-10-08T05:20:00Z,CMG-02,cpu_utilization,33.41
2026-10-08T05:20:00Z,CMG-02,memory_utilization,30.4
2026-10-08T05:20:00Z,CMG-02,bgp_session_state,1.0
2026-10-08T05:20:00Z,CMG-02,throughput_gbps,119.52
2026-10-08T05:20:00Z,CMG-02,packet_loss_pct,0.0041
2026-10-08T05:20:00Z,CMG-02,active_bearers,496313.0
2026-10-08T05:20:00Z,CMG-03,cpu_utilization,16.27
2026-10-08T05:20:00Z,CMG-03,memory_utilization,31.88
2026-10-08T05:20:00Z,CMG-03,bgp_session_state,1.0
2026-10-08T05:20:00Z,CMG-03,throughput_gbps,87.12
2026-10-08T05:20:00Z,CMG-03,packet_loss_pct,0.0085
2026-10-08T05:20:00Z,CMG-03,active_bearers,502439.0
2026-10-08T05:20:00Z,UPF-01,cpu_utilization,19.25
2026-10-08T05:20:00Z,UPF-01,memory_utilization,46.5
2026-10-08T05:20:00Z,UPF-01,bgp_session_state,1.0
2026-10-08T05:20:00Z,UPF-01,throughput_gbps,98.88
2026-10-08T05:20:00Z,UPF-01,packet_loss_pct,0.0182
2026-10-08T05:20:00Z,UPF-01,active_bearers,458654.0
2026-10-08T05:20:00Z,UPF-02,cpu_utilization,19.22
2026-10-08T05:20:00Z,UPF-02,memory_utilization,46.44
2026-10-08T05:20:00Z,UPF-02,bgp_session_state,1.0
2026-10-08T05:20:00Z,UPF-02,throughput_gbps,92.28
2026-10-08T05:20:00Z,UPF-02,packet_loss_pct,0.0365
2026-10-08T05:20:00Z,UPF-02,active_bearers,511161.0
2026-10-08T05:25:00Z,CMG-01,cpu_utilization,20.41
2026-10-08T05:25:00Z,CMG-01,memory_utilization,37.22
2026-10-08T05:25:00Z,CMG-01,bgp_session_state,1.0
2026-10-08T05:25:00Z,CMG-01,throughput_gbps,96.83
2026-10-08T05:25:00Z,CMG-01,packet_loss_pct,0.0277
2026-10-08T05:25:00Z,CMG-01,active_bearers,530668.0
2026-10-08T05:25:00Z,CMG-02,cpu_utilization,34.25
2026-10-08T05:25:00Z,CMG-02,memory_utilization,35.83
2026-10-08T05:25:00Z,CMG-02,bgp_session_state,1.0
2026-10-08T05:25:00Z,CMG-02,throughput_gbps,103.72
2026-10-08T05:25:00Z,CMG-02,packet_loss_pct,0.0169
2026-10-08T05:25:00Z,CMG-02,active_bearers,539649.0
2026-10-08T05:25:00Z,CMG-03,cpu_utilization,31.67
2026-10-08T05:25:00Z,CMG-03,memory_utilization,34.9
2026-10-08T05:25:00Z,CMG-03,bgp_session_state,1.0
2026-10-08T05:25:00Z,CMG-03,throughput_gbps,114.0
2026-10-08T05:25:00Z,CMG-03,packet_loss_pct,0.0308
2026-10-08T05:25:00Z,CMG-03,active_bearers,540385.0
2026-10-08T05:25:00Z,UPF-01,cpu_utilization,31.09
2026-10-08T05:25:00Z,UPF-01,memory_utilization,30.88
2026-10-08T05:25:00Z,UPF-01,bgp_session_state,1.0
2026-10-08T05:25:00Z,UPF-01,throughput_gbps,91.25
2026-10-08T05:25:00Z,UPF-01,packet_loss_pct,0.0414
2026-10-08T05:25:00Z,UPF-01,active_bearers,483283.0
2026-10-08T05:25:00Z,UPF-02,cpu_utilization,18.73
2026-10-08T05:25:00Z,UPF-02,memory_utilization,40.27
2026-10-08T05:25:00Z,UPF-02,bgp_session_state,1.0
2026-10-08T05:25:00Z,UPF-02,throughput_gbps,106.85
2026-10-08T05:25:00Z,UPF-02,packet_loss_pct,0.0243
2026-10-08T05:25:00Z,UPF-02,active_bearers,480993.0
2026-10-08T05:30:00Z,CMG-01,cpu_utilization,32.29
2026-10-08T05:30:00Z,CMG-01,memory_utilization,31.3
2026-10-08T05:30:00Z,CMG-01,bgp_session_state,1.0
2026-10-08T05:30:00Z,CMG-01,throughput_gbps,109.77
2026-10-08T05:30:00Z,CMG-01,packet_loss_pct,0.0272
2026-10-08T05:30:00Z,CMG-01,active_bearers,534413.0
2026-10-08T05:30:00Z,CMG-02,cpu_utilization,29.95
2026-10-08T05:30:00Z,CMG-02,memory_utilization,42.8
2026-10-08T05:30:00Z,CMG-02,bgp_session_state,1.0
2026-10-08T05:30:00Z,CMG-02,throughput_gbps,107.31
2026-10-08T05:30:00Z,CMG-02,packet_loss_pct,0.032
2026-10-08T05:30:00Z,CMG-02,active_bearers,533177.0
2026-10-08T05:30:00Z,CMG-03,cpu_utilization,17.51
2026-10-08T05:30:00Z,CMG-03,memory_utilization,33.8
2026-10-08T05:30:00Z,CMG-03,bgp_session_state,1.0
2026-10-08T05:30:00Z,CMG-03,throughput_gbps,87.89
2026-10-08T05:30:00Z,CMG-03,packet_loss_pct,0.0129
2026-10-08T05:30:00Z,CMG-03,active_bearers,490383.0
2026-10-08T05:30:00Z,UPF-01,cpu_utilization,32.01
2026-10-08T05:30:00Z,UPF-01,memory_utilization,34.05
2026-10-08T05:30:00Z,UPF-01,bgp_session_state,1.0
2026-10-08T05:30:00Z,UPF-01,throughput_gbps,96.88
2026-10-08T05:30:00Z,UPF-01,packet_loss_pct,0.0066
2026-10-08T05:30:00Z,UPF-01,active_bearers,527121.0
2026-10-08T05:30:00Z,UPF-02,cpu_utilization,27.77
2026-10-08T05:30:00Z,UPF-02,memory_utilization,32.23
2026-10-08T05:30:00Z,UPF-02,bgp_session_state,1.0
2026-10-08T05:30:00Z,UPF-02,throughput_gbps,103.54
2026-10-08T05:30:00Z,UPF-02,packet_loss_pct,0.0219
2026-10-08T05:30:00Z,UPF-02,active_bearers,499255.0
2026-10-08T05:35:00Z,CMG-01,cpu_utilization,21.06
2026-10-08T05:35:00Z,CMG-01,memory_utilization,41.88
2026-10-08T05:35:00Z,CMG-01,bgp_session_state,1.0
2026-10-08T05:35:00Z,CMG-01,throughput_gbps,88.11
2026-10-08T05:35:00Z,CMG-01,packet_loss_pct,0.0365
2026-10-08T05:35:00Z,CMG-01,active_bearers,450853.0
2026-10-08T05:35:00Z,CMG-02,cpu_utilization,21.44
2026-10-08T05:35:00Z,CMG-02,memory_utilization,38.47
2026-10-08T05:35:00Z,CMG-02,bgp_session_state,1.0
2026-10-08T05:35:00Z,CMG-02,throughput_gbps,98.57
2026-10-08T05:35:00Z,CMG-02,packet_loss_pct,0.0232
2026-10-08T05:35:00Z,CMG-02,active_bearers,508559.0
2026-10-08T05:35:00Z,CMG-03,cpu_utilization,19.47
2026-10-08T05:35:00Z,CMG-03,memory_utilization,38.14
2026-10-08T05:35:00Z,CMG-03,bgp_session_state,1.0
2026-10-08T05:35:00Z,CMG-03,throughput_gbps,96.01
2026-10-08T05:35:00Z,CMG-03,packet_loss_pct,0.0271
2026-10-08T05:35:00Z,CMG-03,active_bearers,485034.0
2026-10-08T05:35:00Z,UPF-01,cpu_utilization,20.58
2026-10-08T05:35:00Z,UPF-01,memory_utilization,43.09
2026-10-08T05:35:00Z,UPF-01,bgp_session_state,1.0
2026-10-08T05:35:00Z,UPF-01,throughput_gbps,113.6
2026-10-08T05:35:00Z,UPF-01,packet_loss_pct,0.027
2026-10-08T05:35:00Z,UPF-01,active_bearers,504104.0
2026-10-08T05:35:00Z,UPF-02,cpu_utilization,32.12
2026-10-08T05:35:00Z,UPF-02,memory_utilization,47.73
2026-10-08T05:35:00Z,UPF-02,bgp_session_state,1.0
2026-10-08T05:35:00Z,UPF-02,throughput_gbps,87.34
2026-10-08T05:35:00Z,UPF-02,packet_loss_pct,0.0085
2026-10-08T05:35:00Z,UPF-02,active_bearers,539808.0
2026-10-08T05:40:00Z,CMG-01,cpu_utilization,18.61
2026-10-08T05:40:00Z,CMG-01,memory_utilization,30.43
2026-10-08T05:40:00Z,CMG-01,bgp_session_state,1.0
2026-10-08T05:40:00Z,CMG-01,throughput_gbps,102.09
2026-10-08T05:40:00Z,CMG-01,packet_loss_pct,0.0206
2026-10-08T05:40:00Z,CMG-01,active_bearers,457560.0
2026-10-08T05:40:00Z,CMG-02,cpu_utilization,26.64
2026-10-08T05:40:00Z,CMG-02,memory_utilization,44.94
2026-10-08T05:40:00Z,CMG-02,bgp_session_state,1.0
2026-10-08T05:40:00Z,CMG-02,throughput_gbps,100.52
2026-10-08T05:40:00Z,CMG-02,packet_loss_pct,0.0045
2026-10-08T05:40:00Z,CMG-02,active_bearers,540055.0
2026-10-08T05:40:00Z,CMG-03,cpu_utilization,17.41
2026-10-08T05:40:00Z,CMG-03,memory_utilization,39.65
2026-10-08T05:40:00Z,CMG-03,bgp_session_state,1.0
2026-10-08T05:40:00Z,CMG-03,throughput_gbps,84.8
2026-10-08T05:40:00Z,CMG-03,packet_loss_pct,0.0419
2026-10-08T05:40:00Z,CMG-03,active_bearers,518676.0
2026-10-08T05:40:00Z,UPF-01,cpu_utilization,27.28
2026-10-08T05:40:00Z,UPF-01,memory_utilization,40.03
2026-10-08T05:40:00Z,UPF-01,bgp_session_state,1.0
2026-10-08T05:40:00Z,UPF-01,throughput_gbps,93.95
2026-10-08T05:40:00Z,UPF-01,packet_loss_pct,0.0238
2026-10-08T05:40:00Z,UPF-01,active_bearers,494227.0
2026-10-08T05:40:00Z,UPF-02,cpu_utilization,21.4
2026-10-08T05:40:00Z,UPF-02,memory_utilization,37.9
2026-10-08T05:40:00Z,UPF-02,bgp_session_state,1.0
2026-10-08T05:40:00Z,UPF-02,throughput_gbps,112.59
2026-10-08T05:40:00Z,UPF-02,packet_loss_pct,0.0486
2026-10-08T05:40:00Z,UPF-02,active_bearers,518781.0
2026-10-08T05:45:00Z,CMG-01,cpu_utilization,29.51
2026-10-08T05:45:00Z,CMG-01,memory_utilization,30.34
2026-10-08T05:45:00Z,CMG-01,bgp_session_state,1.0
2026-10-08T05:45:00Z,CMG-01,throughput_gbps,100.7
2026-10-08T05:45:00Z,CMG-01,packet_loss_pct,0.0048
2026-10-08T05:45:00Z,CMG-01,active_bearers,493978.0
2026-10-08T05:45:00Z,CMG-02,cpu_utilization,34.87
2026-10-08T05:45:00Z,CMG-02,memory_utilization,49.31
2026-10-08T05:45:00Z,CMG-02,bgp_session_state,1.0
2026-10-08T05:45:00Z,CMG-02,throughput_gbps,112.09
2026-10-08T05:45:00Z,CMG-02,packet_loss_pct,0.043
2026-10-08T05:45:00Z,CMG-02,active_bearers,519785.0
2026-10-08T05:45:00Z,CMG-03,cpu_utilization,21.59
2026-10-08T05:45:00Z,CMG-03,memory_utilization,37.63
2026-10-08T05:45:00Z,CMG-03,bgp_session_state,1.0
2026-10-08T05:45:00Z,CMG-03,throughput_gbps,108.55
2026-10-08T05:45:00Z,CMG-03,packet_loss_pct,0.0241
2026-10-08T05:45:00Z,CMG-03,active_bearers,478106.0
2026-10-08T05:45:00Z,UPF-01,cpu_utilization,27.49
2026-10-08T05:45:00Z,UPF-01,memory_utilization,43.73
2026-10-08T05:45:00Z,UPF-01,bgp_session_state,1.0
2026-10-08T05:45:00Z,UPF-01,throughput_gbps,82.48
2026-10-08T05:45:00Z,UPF-01,packet_loss_pct,0.0478
2026-10-08T05:45:00Z,UPF-01,active_bearers,468364.0
2026-10-08T05:45:00Z,UPF-02,cpu_utilization,32.88
2026-10-08T05:45:00Z,UPF-02,memory_utilization,46.32
2026-10-08T05:45:00Z,UPF-02,bgp_session_state,1.0
2026-10-08T05:45:00Z,UPF-02,throughput_gbps,100.62
2026-10-08T05:45:00Z,UPF-02,packet_loss_pct,0.0448
2026-10-08T05:45:00Z,UPF-02,active_bearers,463348.0
2026-10-08T05:50:00Z,CMG-01,cpu_utilization,27.06
2026-10-08T05:50:00Z,CMG-01,memory_utilization,49.94
2026-10-08T05:50:00Z,CMG-01,bgp_session_state,1.0
2026-10-08T05:50:00Z,CMG-01,throughput_gbps,104.46
2026-10-08T05:50:00Z,CMG-01,packet_loss_pct,0.0385
2026-10-08T05:50:00Z,CMG-01,active_bearers,530451.0
2026-10-08T05:50:00Z,CMG-02,cpu_utilization,24.85
2026-10-08T05:50:00Z,CMG-02,memory_utilization,32.82
2026-10-08T05:50:00Z,CMG-02,bgp_session_state,1.0
2026-10-08T05:50:00Z,CMG-02,throughput_gbps,80.78
2026-10-08T05:50:00Z,CMG-02,packet_loss_pct,0.0426
2026-10-08T05:50:00Z,CMG-02,active_bearers,467723.0
2026-10-08T05:50:00Z,CMG-03,cpu_utilization,28.19
2026-10-08T05:50:00Z,CMG-03,memory_utilization,42.43
2026-10-08T05:50:00Z,CMG-03,bgp_session_state,1.0
2026-10-08T05:50:00Z,CMG-03,throughput_gbps,109.33
2026-10-08T05:50:00Z,CMG-03,packet_loss_pct,0.0356
2026-10-08T05:50:00Z,CMG-03,active_bearers,459102.0
2026-10-08T05:50:00Z,UPF-01,cpu_utilization,17.78
2026-10-08T05:50:00Z,UPF-01,memory_utilization,32.63
2026-10-08T05:50:00Z,UPF-01,bgp_session_state,1.0
2026-10-08T05:50:00Z,UPF-01,throughput_gbps,89.16
2026-10-08T05:50:00Z,UPF-01,packet_loss_pct,0.034
2026-10-08T05:50:00Z,UPF-01,active_bearers,454869.0
2026-10-08T05:50:00Z,UPF-02,cpu_utilization,16.83
2026-10-08T05:50:00Z,UPF-02,memory_utilization,31.81
2026-10-08T05:50:00Z,UPF-02,bgp_session_state,1.0
2026-10-08T05:50:00Z,UPF-02,throughput_gbps,102.34
2026-10-08T05:50:00Z,UPF-02,packet_loss_pct,0.0336
2026-10-08T05:50:00Z,UPF-02,active_bearers,508599.0
2026-10-08T05:55:00Z,CMG-01,cpu_utilization,23.48
2026-10-08T05:55:00Z,CMG-01,memory_utilization,48.83
2026-10-08T05:55:00Z,CMG-01,bgp_session_state,1.0
2026-10-08T05:55:00Z,CMG-01,throughput_gbps,84.23
2026-10-08T05:55:00Z,CMG-01,packet_loss_pct,0.0455
2026-10-08T05:55:00Z,CMG-01,active_bearers,502245.0
2026-10-08T05:55:00Z,CMG-02,cpu_utilization,16.92
2026-10-08T05:55:00Z,CMG-02,memory_utilization,31.47
2026-10-08T05:55:00Z,CMG-02,bgp_session_state,1.0
2026-10-08T05:55:00Z,CMG-02,throughput_gbps,118.47
2026-10-08T05:55:00Z,CMG-02,packet_loss_pct,0.0018
2026-10-08T05:55:00Z,CMG-02,active_bearers,481005.0
2026-10-08T05:55:00Z,CMG-03,cpu_utilization,23.09
2026-10-08T05:55:00Z,CMG-03,memory_utilization,30.64
2026-10-08T05:55:00Z,CMG-03,bgp_session_state,1.0
2026-10-08T05:55:00Z,CMG-03,throughput_gbps,114.13
2026-10-08T05:55:00Z,CMG-03,packet_loss_pct,0.0435
2026-10-08T05:55:00Z,CMG-03,active_bearers,450617.0
2026-10-08T05:55:00Z,UPF-01,cpu_utilization,18.91
2026-10-08T05:55:00Z,UPF-01,memory_utilization,38.77
2026-10-08T05:55:00Z,UPF-01,bgp_session_state,1.0
2026-10-08T05:55:00Z,UPF-01,throughput_gbps,116.62
2026-10-08T05:55:00Z,UPF-01,packet_loss_pct,0.0325
2026-10-08T05:55:00Z,UPF-01,active_bearers,512607.0
2026-10-08T05:55:00Z,UPF-02,cpu_utilization,17.57
2026-10-08T05:55:00Z,UPF-02,memory_utilization,39.82
2026-10-08T05:55:00Z,UPF-02,bgp_session_state,1.0
2026-10-08T05:55:00Z,UPF-02,throughput_gbps,83.05
2026-10-08T05:55:00Z,UPF-02,packet_loss_pct,0.0097
2026-10-08T05:55:00Z,UPF-02,active_bearers,514758.0
2026-10-08T06:00:00Z,CMG-01,cpu_utilization,21.3
2026-10-08T06:00:00Z,CMG-01,memory_utilization,38.45
2026-10-08T06:00:00Z,CMG-01,bgp_session_state,1.0
2026-10-08T06:00:00Z,CMG-01,throughput_gbps,83.28
2026-10-08T06:00:00Z,CMG-01,packet_loss_pct,0.03
2026-10-08T06:00:00Z,CMG-01,active_bearers,480919.0
2026-10-08T06:00:00Z,CMG-02,cpu_utilization,29.12
2026-10-08T06:00:00Z,CMG-02,memory_utilization,44.69
2026-10-08T06:00:00Z,CMG-02,bgp_session_state,1.0
2026-10-08T06:00:00Z,CMG-02,throughput_gbps,109.5
2026-10-08T06:00:00Z,CMG-02,packet_loss_pct,0.0465
2026-10-08T06:00:00Z,CMG-02,active_bearers,467478.0
2026-10-08T06:00:00Z,CMG-03,cpu_utilization,18.74
2026-10-08T06:00:00Z,CMG-03,memory_utilization,33.51
2026-10-08T06:00:00Z,CMG-03,bgp_session_state,1.0
2026-10-08T06:00:00Z,CMG-03,throughput_gbps,102.3
2026-10-08T06:00:00Z,CMG-03,packet_loss_pct,0.0487
2026-10-08T06:00:00Z,CMG-03,active_bearers,470716.0
2026-10-08T06:00:00Z,UPF-01,cpu_utilization,34.1
2026-10-08T06:00:00Z,UPF-01,memory_utilization,43.14
2026-10-08T06:00:00Z,UPF-01,bgp_session_state,1.0
2026-10-08T06:00:00Z,UPF-01,throughput_gbps,95.92
2026-10-08T06:00:00Z,UPF-01,packet_loss_pct,0.0426
2026-10-08T06:00:00Z,UPF-01,active_bearers,464553.0
2026-10-08T06:00:00Z,UPF-02,cpu_utilization,24.88
2026-10-08T06:00:00Z,UPF-02,memory_utilization,47.83
2026-10-08T06:00:00Z,UPF-02,bgp_session_state,1.0
2026-10-08T06:00:00Z,UPF-02,throughput_gbps,104.78
2026-10-08T06:00:00Z,UPF-02,packet_loss_pct,0.0401
2026-10-08T06:00:00Z,UPF-02,active_bearers,461386.0
2026-10-08T06:05:00Z,CMG-01,cpu_utilization,34.4
2026-10-08T06:05:00Z,CMG-01,memory_utilization,48.91
2026-10-08T06:05:00Z,CMG-01,bgp_session_state,1.0
2026-10-08T06:05:00Z,CMG-01,throughput_gbps,96.34
2026-10-08T06:05:00Z,CMG-01,packet_loss_pct,0.0235
2026-10-08T06:05:00Z,CMG-01,active_bearers,471900.0
2026-10-08T06:05:00Z,CMG-02,cpu_utilization,32.82
2026-10-08T06:05:00Z,CMG-02,memory_utilization,47.88
2026-10-08T06:05:00Z,CMG-02,bgp_session_state,1.0
2026-10-08T06:05:00Z,CMG-02,throughput_gbps,106.68
2026-10-08T06:05:00Z,CMG-02,packet_loss_pct,0.031
2026-10-08T06:05:00Z,CMG-02,active_bearers,456480.0
2026-10-08T06:05:00Z,CMG-03,cpu_utilization,16.78
2026-10-08T06:05:00Z,CMG-03,memory_utilization,34.79
2026-10-08T06:05:00Z,CMG-03,bgp_session_state,1.0
2026-10-08T06:05:00Z,CMG-03,throughput_gbps,98.34
2026-10-08T06:05:00Z,CMG-03,packet_loss_pct,0.0069
2026-10-08T06:05:00Z,CMG-03,active_bearers,504371.0
2026-10-08T06:05:00Z,UPF-01,cpu_utilization,24.69
2026-10-08T06:05:00Z,UPF-01,memory_utilization,33.02
2026-10-08T06:05:00Z,UPF-01,bgp_session_state,1.0
2026-10-08T06:05:00Z,UPF-01,throughput_gbps,110.45
2026-10-08T06:05:00Z,UPF-01,packet_loss_pct,0.0022
2026-10-08T06:05:00Z,UPF-01,active_bearers,484128.0
2026-10-08T06:05:00Z,UPF-02,cpu_utilization,17.66
2026-10-08T06:05:00Z,UPF-02,memory_utilization,46.73
2026-10-08T06:05:00Z,UPF-02,bgp_session_state,1.0
2026-10-08T06:05:00Z,UPF-02,throughput_gbps,82.07
2026-10-08T06:05:00Z,UPF-02,packet_loss_pct,0.0254
2026-10-08T06:05:00Z,UPF-02,active_bearers,541595.0
2026-10-08T06:10:00Z,CMG-01,cpu_utilization,24.88
2026-10-08T06:10:00Z,CMG-01,memory_utilization,47.61
2026-10-08T06:10:00Z,CMG-01,bgp_session_state,1.0
2026-10-08T06:10:00Z,CMG-01,throughput_gbps,109.68
2026-10-08T06:10:00Z,CMG-01,packet_loss_pct,0.0128
2026-10-08T06:10:00Z,CMG-01,active_bearers,450673.0
2026-10-08T06:10:00Z,CMG-02,cpu_utilization,23.78
2026-10-08T06:10:00Z,CMG-02,memory_utilization,46.01
2026-10-08T06:10:00Z,CMG-02,bgp_session_state,1.0
2026-10-08T06:10:00Z,CMG-02,throughput_gbps,86.66
2026-10-08T06:10:00Z,CMG-02,packet_loss_pct,0.0273
2026-10-08T06:10:00Z,CMG-02,active_bearers,471622.0
2026-10-08T06:10:00Z,CMG-03,cpu_utilization,23.48
2026-10-08T06:10:00Z,CMG-03,memory_utilization,39.89
2026-10-08T06:10:00Z,CMG-03,bgp_session_state,1.0
2026-10-08T06:10:00Z,CMG-03,throughput_gbps,89.6
2026-10-08T06:10:00Z,CMG-03,packet_loss_pct,0.0238
2026-10-08T06:10:00Z,CMG-03,active_bearers,468842.0
2026-10-08T06:10:00Z,UPF-01,cpu_utilization,19.76
2026-10-08T06:10:00Z,UPF-01,memory_utilization,36.33
2026-10-08T06:10:00Z,UPF-01,bgp_session_state,1.0
2026-10-08T06:10:00Z,UPF-01,throughput_gbps,88.03
2026-10-08T06:10:00Z,UPF-01,packet_loss_pct,0.0261
2026-10-08T06:10:00Z,UPF-01,active_bearers,466215.0
2026-10-08T06:10:00Z,UPF-02,cpu_utilization,32.1
2026-10-08T06:10:00Z,UPF-02,memory_utilization,34.91
2026-10-08T06:10:00Z,UPF-02,bgp_session_state,1.0
2026-10-08T06:10:00Z,UPF-02,throughput_gbps,116.42
2026-10-08T06:10:00Z,UPF-02,packet_loss_pct,0.0274
2026-10-08T06:10:00Z,UPF-02,active_bearers,541060.0
2026-10-08T06:15:00Z,CMG-01,cpu_utilization,24.83
2026-10-08T06:15:00Z,CMG-01,memory_utilization,45.27
2026-10-08T06:15:00Z,CMG-01,bgp_session_state,1.0
2026-10-08T06:15:00Z,CMG-01,throughput_gbps,87.76
2026-10-08T06:15:00Z,CMG-01,packet_loss_pct,0.0113
2026-10-08T06:15:00Z,CMG-01,active_bearers,496068.0
2026-10-08T06:15:00Z,CMG-02,cpu_utilization,34.09
2026-10-08T06:15:00Z,CMG-02,memory_utilization,38.44
2026-10-08T06:15:00Z,CMG-02,bgp_session_state,1.0
2026-10-08T06:15:00Z,CMG-02,throughput_gbps,109.37
2026-10-08T06:15:00Z,CMG-02,packet_loss_pct,0.0488
2026-10-08T06:15:00Z,CMG-02,active_bearers,512076.0
2026-10-08T06:15:00Z,CMG-03,cpu_utilization,25.31
2026-10-08T06:15:00Z,CMG-03,memory_utilization,46.06
2026-10-08T06:15:00Z,CMG-03,bgp_session_state,1.0
2026-10-08T06:15:00Z,CMG-03,throughput_gbps,103.07
2026-10-08T06:15:00Z,CMG-03,packet_loss_pct,0.0442
2026-10-08T06:15:00Z,CMG-03,active_bearers,464064.0
2026-10-08T06:15:00Z,UPF-01,cpu_utilization,15.17
2026-10-08T06:15:00Z,UPF-01,memory_utilization,31.95
2026-10-08T06:15:00Z,UPF-01,bgp_session_state,1.0
2026-10-08T06:15:00Z,UPF-01,throughput_gbps,97.98
2026-10-08T06:15:00Z,UPF-01,packet_loss_pct,0.0152
2026-10-08T06:15:00Z,UPF-01,active_bearers,547613.0
2026-10-08T06:15:00Z,UPF-02,cpu_utilization,15.17
2026-10-08T06:15:00Z,UPF-02,memory_utilization,44.46
2026-10-08T06:15:00Z,UPF-02,bgp_session_state,1.0
2026-10-08T06:15:00Z,UPF-02,throughput_gbps,117.65
2026-10-08T06:15:00Z,UPF-02,packet_loss_pct,0.0459
2026-10-08T06:15:00Z,UPF-02,active_bearers,457830.0
2026-10-08T06:20:00Z,CMG-01,cpu_utilization,16.6
2026-10-08T06:20:00Z,CMG-01,memory_utilization,31.77
2026-10-08T06:20:00Z,CMG-01,bgp_session_state,1.0
2026-10-08T06:20:00Z,CMG-01,throughput_gbps,115.55
2026-10-08T06:20:00Z,CMG-01,packet_loss_pct,0.0083
2026-10-08T06:20:00Z,CMG-01,active_bearers,467106.0
2026-10-08T06:20:00Z,CMG-02,cpu_utilization,17.45
2026-10-08T06:20:00Z,CMG-02,memory_utilization,42.9
2026-10-08T06:20:00Z,CMG-02,bgp_session_state,1.0
2026-10-08T06:20:00Z,CMG-02,throughput_gbps,99.68
2026-10-08T06:20:00Z,CMG-02,packet_loss_pct,0.0055
2026-10-08T06:20:00Z,CMG-02,active_bearers,546527.0
2026-10-08T06:20:00Z,CMG-03,cpu_utilization,25.93
2026-10-08T06:20:00Z,CMG-03,memory_utilization,33.33
2026-10-08T06:20:00Z,CMG-03,bgp_session_state,1.0
2026-10-08T06:20:00Z,CMG-03,throughput_gbps,116.67
2026-10-08T06:20:00Z,CMG-03,packet_loss_pct,0.0153
2026-10-08T06:20:00Z,CMG-03,active_bearers,528617.0
2026-10-08T06:20:00Z,UPF-01,cpu_utilization,34.73
2026-10-08T06:20:00Z,UPF-01,memory_utilization,36.52
2026-10-08T06:20:00Z,UPF-01,bgp_session_state,1.0
2026-10-08T06:20:00Z,UPF-01,throughput_gbps,108.58
2026-10-08T06:20:00Z,UPF-01,packet_loss_pct,0.02
2026-10-08T06:20:00Z,UPF-01,active_bearers,510444.0
2026-10-08T06:20:00Z,UPF-02,cpu_utilization,34.59
2026-10-08T06:20:00Z,UPF-02,memory_utilization,42.47
2026-10-08T06:20:00Z,UPF-02,bgp_session_state,1.0
2026-10-08T06:20:00Z,UPF-02,throughput_gbps,103.84
2026-10-08T06:20:00Z,UPF-02,packet_loss_pct,0.0323
2026-10-08T06:20:00Z,UPF-02,active_bearers,545953.0
2026-10-08T06:25:00Z,CMG-01,cpu_utilization,23.48
2026-10-08T06:25:00Z,CMG-01,memory_utilization,45.94
2026-10-08T06:25:00Z,CMG-01,bgp_session_state,1.0
2026-10-08T06:25:00Z,CMG-01,throughput_gbps,100.65
2026-10-08T06:25:00Z,CMG-01,packet_loss_pct,0.0016
2026-10-08T06:25:00Z,CMG-01,active_bearers,548558.0
2026-10-08T06:25:00Z,CMG-02,cpu_utilization,32.7
2026-10-08T06:25:00Z,CMG-02,memory_utilization,34.84
2026-10-08T06:25:00Z,CMG-02,bgp_session_state,1.0
2026-10-08T06:25:00Z,CMG-02,throughput_gbps,96.25
2026-10-08T06:25:00Z,CMG-02,packet_loss_pct,0.0157
2026-10-08T06:25:00Z,CMG-02,active_bearers,470104.0
2026-10-08T06:25:00Z,CMG-03,cpu_utilization,24.34
2026-10-08T06:25:00Z,CMG-03,memory_utilization,47.56
2026-10-08T06:25:00Z,CMG-03,bgp_session_state,1.0
2026-10-08T06:25:00Z,CMG-03,throughput_gbps,91.54
2026-10-08T06:25:00Z,CMG-03,packet_loss_pct,0.0177
2026-10-08T06:25:00Z,CMG-03,active_bearers,507871.0
2026-10-08T06:25:00Z,UPF-01,cpu_utilization,29.44
2026-10-08T06:25:00Z,UPF-01,memory_utilization,42.0
2026-10-08T06:25:00Z,UPF-01,bgp_session_state,1.0
2026-10-08T06:25:00Z,UPF-01,throughput_gbps,93.69
2026-10-08T06:25:00Z,UPF-01,packet_loss_pct,0.03
2026-10-08T06:25:00Z,UPF-01,active_bearers,459491.0
2026-10-08T06:25:00Z,UPF-02,cpu_utilization,30.3
2026-10-08T06:25:00Z,UPF-02,memory_utilization,46.94
2026-10-08T06:25:00Z,UPF-02,bgp_session_state,1.0
2026-10-08T06:25:00Z,UPF-02,throughput_gbps,87.37
2026-10-08T06:25:00Z,UPF-02,packet_loss_pct,0.0467
2026-10-08T06:25:00Z,UPF-02,active_bearers,450590.0
2026-10-08T06:30:00Z,CMG-01,cpu_utilization,25.89
2026-10-08T06:30:00Z,CMG-01,memory_utilization,45.53
2026-10-08T06:30:00Z,CMG-01,bgp_session_state,1.0
2026-10-08T06:30:00Z,CMG-01,throughput_gbps,106.6
2026-10-08T06:30:00Z,CMG-01,packet_loss_pct,0.027
2026-10-08T06:30:00Z,CMG-01,active_bearers,519632.0
2026-10-08T06:30:00Z,CMG-02,cpu_utilization,32.63
2026-10-08T06:30:00Z,CMG-02,memory_utilization,34.61
2026-10-08T06:30:00Z,CMG-02,bgp_session_state,1.0
2026-10-08T06:30:00Z,CMG-02,throughput_gbps,83.52
2026-10-08T06:30:00Z,CMG-02,packet_loss_pct,0.0075
2026-10-08T06:30:00Z,CMG-02,active_bearers,519084.0
2026-10-08T06:30:00Z,CMG-03,cpu_utilization,21.72
2026-10-08T06:30:00Z,CMG-03,memory_utilization,46.3
2026-10-08T06:30:00Z,CMG-03,bgp_session_state,1.0
2026-10-08T06:30:00Z,CMG-03,throughput_gbps,107.92
2026-10-08T06:30:00Z,CMG-03,packet_loss_pct,0.0113
2026-10-08T06:30:00Z,CMG-03,active_bearers,486674.0
2026-10-08T06:30:00Z,UPF-01,cpu_utilization,20.25
2026-10-08T06:30:00Z,UPF-01,memory_utilization,31.54
2026-10-08T06:30:00Z,UPF-01,bgp_session_state,1.0
2026-10-08T06:30:00Z,UPF-01,throughput_gbps,82.39
2026-10-08T06:30:00Z,UPF-01,packet_loss_pct,0.0179
2026-10-08T06:30:00Z,UPF-01,active_bearers,458144.0
2026-10-08T06:30:00Z,UPF-02,cpu_utilization,27.08
2026-10-08T06:30:00Z,UPF-02,memory_utilization,42.37
2026-10-08T06:30:00Z,UPF-02,bgp_session_state,1.0
2026-10-08T06:30:00Z,UPF-02,throughput_gbps,88.7
2026-10-08T06:30:00Z,UPF-02,packet_loss_pct,0.0044
2026-10-08T06:30:00Z,UPF-02,active_bearers,529441.0
2026-10-08T06:35:00Z,CMG-01,cpu_utilization,20.54
2026-10-08T06:35:00Z,CMG-01,memory_utilization,48.87
2026-10-08T06:35:00Z,CMG-01,bgp_session_state,1.0
2026-10-08T06:35:00Z,CMG-01,throughput_gbps,112.53
2026-10-08T06:35:00Z,CMG-01,packet_loss_pct,0.0421
2026-10-08T06:35:00Z,CMG-01,active_bearers,524920.0
2026-10-08T06:35:00Z,CMG-02,cpu_utilization,24.43
2026-10-08T06:35:00Z,CMG-02,memory_utilization,30.23
2026-10-08T06:35:00Z,CMG-02,bgp_session_state,1.0
2026-10-08T06:35:00Z,CMG-02,throughput_gbps,92.74
2026-10-08T06:35:00Z,CMG-02,packet_loss_pct,0.0223
2026-10-08T06:35:00Z,CMG-02,active_bearers,485769.0
2026-10-08T06:35:00Z,CMG-03,cpu_utilization,15.98
2026-10-08T06:35:00Z,CMG-03,memory_utilization,48.21
2026-10-08T06:35:00Z,CMG-03,bgp_session_state,1.0
2026-10-08T06:35:00Z,CMG-03,throughput_gbps,82.14
2026-10-08T06:35:00Z,CMG-03,packet_loss_pct,0.0312
2026-10-08T06:35:00Z,CMG-03,active_bearers,460432.0
2026-10-08T06:35:00Z,UPF-01,cpu_utilization,23.99
2026-10-08T06:35:00Z,UPF-01,memory_utilization,49.27
2026-10-08T06:35:00Z,UPF-01,bgp_session_state,1.0
2026-10-08T06:35:00Z,UPF-01,throughput_gbps,89.86
2026-10-08T06:35:00Z,UPF-01,packet_loss_pct,0.0183
2026-10-08T06:35:00Z,UPF-01,active_bearers,503712.0
2026-10-08T06:35:00Z,UPF-02,cpu_utilization,16.43
2026-10-08T06:35:00Z,UPF-02,memory_utilization,41.55
2026-10-08T06:35:00Z,UPF-02,bgp_session_state,1.0
2026-10-08T06:35:00Z,UPF-02,throughput_gbps,93.06
2026-10-08T06:35:00Z,UPF-02,packet_loss_pct,0.0382
2026-10-08T06:35:00Z,UPF-02,active_bearers,535200.0
2026-10-08T06:40:00Z,CMG-01,cpu_utilization,27.23
2026-10-08T06:40:00Z,CMG-01,memory_utilization,42.06
2026-10-08T06:40:00Z,CMG-01,bgp_session_state,1.0
2026-10-08T06:40:00Z,CMG-01,throughput_gbps,105.92
2026-10-08T06:40:00Z,CMG-01,packet_loss_pct,0.0478
2026-10-08T06:40:00Z,CMG-01,active_bearers,511295.0
2026-10-08T06:40:00Z,CMG-02,cpu_utilization,20.59
2026-10-08T06:40:00Z,CMG-02,memory_utilization,36.07
2026-10-08T06:40:00Z,CMG-02,bgp_session_state,1.0
2026-10-08T06:40:00Z,CMG-02,throughput_gbps,87.6
2026-10-08T06:40:00Z,CMG-02,packet_loss_pct,0.0357
2026-10-08T06:40:00Z,CMG-02,active_bearers,496380.0
2026-10-08T06:40:00Z,CMG-03,cpu_utilization,18.55
2026-10-08T06:40:00Z,CMG-03,memory_utilization,46.11
2026-10-08T06:40:00Z,CMG-03,bgp_session_state,1.0
2026-10-08T06:40:00Z,CMG-03,throughput_gbps,91.89
2026-10-08T06:40:00Z,CMG-03,packet_loss_pct,0.0064
2026-10-08T06:40:00Z,CMG-03,active_bearers,468785.0
2026-10-08T06:40:00Z,UPF-01,cpu_utilization,28.82
2026-10-08T06:40:00Z,UPF-01,memory_utilization,41.41
2026-10-08T06:40:00Z,UPF-01,bgp_session_state,1.0
2026-10-08T06:40:00Z,UPF-01,throughput_gbps,111.03
2026-10-08T06:40:00Z,UPF-01,packet_loss_pct,0.0186
2026-10-08T06:40:00Z,UPF-01,active_bearers,463418.0
2026-10-08T06:40:00Z,UPF-02,cpu_utilization,30.82
2026-10-08T06:40:00Z,UPF-02,memory_utilization,37.25
2026-10-08T06:40:00Z,UPF-02,bgp_session_state,1.0
2026-10-08T06:40:00Z,UPF-02,throughput_gbps,96.64
2026-10-08T06:40:00Z,UPF-02,packet_loss_pct,0.0087
2026-10-08T06:40:00Z,UPF-02,active_bearers,547120.0
2026-10-08T06:45:00Z,CMG-01,cpu_utilization,15.27
2026-10-08T06:45:00Z,CMG-01,memory_utilization,31.09
2026-10-08T06:45:00Z,CMG-01,bgp_session_state,1.0
2026-10-08T06:45:00Z,CMG-01,throughput_gbps,87.81
2026-10-08T06:45:00Z,CMG-01,packet_loss_pct,0.0081
2026-10-08T06:45:00Z,CMG-01,active_bearers,510525.0
2026-10-08T06:45:00Z,CMG-02,cpu_utilization,25.42
2026-10-08T06:45:00Z,CMG-02,memory_utilization,44.87
2026-10-08T06:45:00Z,CMG-02,bgp_session_state,1.0
2026-10-08T06:45:00Z,CMG-02,throughput_gbps,105.79
2026-10-08T06:45:00Z,CMG-02,packet_loss_pct,0.0074
2026-10-08T06:45:00Z,CMG-02,active_bearers,516188.0
2026-10-08T06:45:00Z,CMG-03,cpu_utilization,21.0
2026-10-08T06:45:00Z,CMG-03,memory_utilization,49.62
2026-10-08T06:45:00Z,CMG-03,bgp_session_state,1.0
2026-10-08T06:45:00Z,CMG-03,throughput_gbps,113.9
2026-10-08T06:45:00Z,CMG-03,packet_loss_pct,0.0439
2026-10-08T06:45:00Z,CMG-03,active_bearers,514177.0
2026-10-08T06:45:00Z,UPF-01,cpu_utilization,31.04
2026-10-08T06:45:00Z,UPF-01,memory_utilization,34.94
2026-10-08T06:45:00Z,UPF-01,bgp_session_state,1.0
2026-10-08T06:45:00Z,UPF-01,throughput_gbps,92.51
2026-10-08T06:45:00Z,UPF-01,packet_loss_pct,0.0108
2026-10-08T06:45:00Z,UPF-01,active_bearers,462254.0
2026-10-08T06:45:00Z,UPF-02,cpu_utilization,16.08
2026-10-08T06:45:00Z,UPF-02,memory_utilization,30.8
2026-10-08T06:45:00Z,UPF-02,bgp_session_state,1.0
2026-10-08T06:45:00Z,UPF-02,throughput_gbps,101.29
2026-10-08T06:45:00Z,UPF-02,packet_loss_pct,0.0315
2026-10-08T06:45:00Z,UPF-02,active_bearers,472072.0
2026-10-08T06:50:00Z,CMG-01,cpu_utilization,31.19
2026-10-08T06:50:00Z,CMG-01,memory_utilization,44.13
2026-10-08T06:50:00Z,CMG-01,bgp_session_state,1.0
2026-10-08T06:50:00Z,CMG-01,throughput_gbps,83.57
2026-10-08T06:50:00Z,CMG-01,packet_loss_pct,0.0187
2026-10-08T06:50:00Z,CMG-01,active_bearers,503500.0
2026-10-08T06:50:00Z,CMG-02,cpu_utilization,25.38
2026-10-08T06:50:00Z,CMG-02,memory_utilization,49.96
2026-10-08T06:50:00Z,CMG-02,bgp_session_state,1.0
2026-10-08T06:50:00Z,CMG-02,throughput_gbps,113.64
2026-10-08T06:50:00Z,CMG-02,packet_loss_pct,0.026
2026-10-08T06:50:00Z,CMG-02,active_bearers,489549.0
2026-10-08T06:50:00Z,CMG-03,cpu_utilization,25.25
2026-10-08T06:50:00Z,CMG-03,memory_utilization,39.5
2026-10-08T06:50:00Z,CMG-03,bgp_session_state,1.0
2026-10-08T06:50:00Z,CMG-03,throughput_gbps,95.06
2026-10-08T06:50:00Z,CMG-03,packet_loss_pct,0.0334
2026-10-08T06:50:00Z,CMG-03,active_bearers,461202.0
2026-10-08T06:50:00Z,UPF-01,cpu_utilization,28.98
2026-10-08T06:50:00Z,UPF-01,memory_utilization,42.59
2026-10-08T06:50:00Z,UPF-01,bgp_session_state,1.0
2026-10-08T06:50:00Z,UPF-01,throughput_gbps,94.67
2026-10-08T06:50:00Z,UPF-01,packet_loss_pct,0.0357
2026-10-08T06:50:00Z,UPF-01,active_bearers,478148.0
2026-10-08T06:50:00Z,UPF-02,cpu_utilization,34.16
2026-10-08T06:50:00Z,UPF-02,memory_utilization,47.95
2026-10-08T06:50:00Z,UPF-02,bgp_session_state,1.0
2026-10-08T06:50:00Z,UPF-02,throughput_gbps,98.71
2026-10-08T06:50:00Z,UPF-02,packet_loss_pct,0.0492
2026-10-08T06:50:00Z,UPF-02,active_bearers,487790.0
2026-10-08T06:55:00Z,CMG-01,cpu_utilization,26.18
2026-10-08T06:55:00Z,CMG-01,memory_utilization,31.5
2026-10-08T06:55:00Z,CMG-01,bgp_session_state,1.0
2026-10-08T06:55:00Z,CMG-01,throughput_gbps,99.98
2026-10-08T06:55:00Z,CMG-01,packet_loss_pct,0.0008
2026-10-08T06:55:00Z,CMG-01,active_bearers,506568.0
2026-10-08T06:55:00Z,CMG-02,cpu_utilization,29.95
2026-10-08T06:55:00Z,CMG-02,memory_utilization,37.17
2026-10-08T06:55:00Z,CMG-02,bgp_session_state,1.0
2026-10-08T06:55:00Z,CMG-02,throughput_gbps,87.0
2026-10-08T06:55:00Z,CMG-02,packet_loss_pct,0.0484
2026-10-08T06:55:00Z,CMG-02,active_bearers,466576.0
2026-10-08T06:55:00Z,CMG-03,cpu_utilization,26.09
2026-10-08T06:55:00Z,CMG-03,memory_utilization,38.01
2026-10-08T06:55:00Z,CMG-03,bgp_session_state,1.0
2026-10-08T06:55:00Z,CMG-03,throughput_gbps,101.85
2026-10-08T06:55:00Z,CMG-03,packet_loss_pct,0.0094
2026-10-08T06:55:00Z,CMG-03,active_bearers,477455.0
2026-10-08T06:55:00Z,UPF-01,cpu_utilization,34.59
2026-10-08T06:55:00Z,UPF-01,memory_utilization,30.33
2026-10-08T06:55:00Z,UPF-01,bgp_session_state,1.0
2026-10-08T06:55:00Z,UPF-01,throughput_gbps,90.34
2026-10-08T06:55:00Z,UPF-01,packet_loss_pct,0.0026
2026-10-08T06:55:00Z,UPF-01,active_bearers,518798.0
2026-10-08T06:55:00Z,UPF-02,cpu_utilization,24.19
2026-10-08T06:55:00Z,UPF-02,memory_utilization,48.39
2026-10-08T06:55:00Z,UPF-02,bgp_session_state,1.0
2026-10-08T06:55:00Z,UPF-02,throughput_gbps,88.15
2026-10-08T06:55:00Z,UPF-02,packet_loss_pct,0.0069
2026-10-08T06:55:00Z,UPF-02,active_bearers,451984.0
2026-10-08T07:00:00Z,CMG-01,cpu_utilization,34.37
2026-10-08T07:00:00Z,CMG-01,memory_utilization,48.95
2026-10-08T07:00:00Z,CMG-01,bgp_session_state,1.0
2026-10-08T07:00:00Z,CMG-01,throughput_gbps,111.47
2026-10-08T07:00:00Z,CMG-01,packet_loss_pct,0.0082
2026-10-08T07:00:00Z,CMG-01,active_bearers,455906.0
2026-10-08T07:00:00Z,CMG-02,cpu_utilization,32.89
2026-10-08T07:00:00Z,CMG-02,memory_utilization,31.61
2026-10-08T07:00:00Z,CMG-02,bgp_session_state,1.0
2026-10-08T07:00:00Z,CMG-02,throughput_gbps,90.91
2026-10-08T07:00:00Z,CMG-02,packet_loss_pct,0.0317
2026-10-08T07:00:00Z,CMG-02,active_bearers,470459.0
2026-10-08T07:00:00Z,CMG-03,cpu_utilization,26.73
2026-10-08T07:00:00Z,CMG-03,memory_utilization,46.56
2026-10-08T07:00:00Z,CMG-03,bgp_session_state,1.0
2026-10-08T07:00:00Z,CMG-03,throughput_gbps,119.93
2026-10-08T07:00:00Z,CMG-03,packet_loss_pct,0.0227
2026-10-08T07:00:00Z,CMG-03,active_bearers,531316.0
2026-10-08T07:00:00Z,UPF-01,cpu_utilization,21.86
2026-10-08T07:00:00Z,UPF-01,memory_utilization,37.27
2026-10-08T07:00:00Z,UPF-01,bgp_session_state,1.0
2026-10-08T07:00:00Z,UPF-01,throughput_gbps,86.94
2026-10-08T07:00:00Z,UPF-01,packet_loss_pct,0.0066
2026-10-08T07:00:00Z,UPF-01,active_bearers,490935.0
2026-10-08T07:00:00Z,UPF-02,cpu_utilization,19.26
2026-10-08T07:00:00Z,UPF-02,memory_utilization,49.99
2026-10-08T07:00:00Z,UPF-02,bgp_session_state,1.0
2026-10-08T07:00:00Z,UPF-02,throughput_gbps,113.89
2026-10-08T07:00:00Z,UPF-02,packet_loss_pct,0.019
2026-10-08T07:00:00Z,UPF-02,active_bearers,527638.0
2026-10-08T07:05:00Z,CMG-01,cpu_utilization,28.58
2026-10-08T07:05:00Z,CMG-01,memory_utilization,35.44
2026-10-08T07:05:00Z,CMG-01,bgp_session_state,1.0
2026-10-08T07:05:00Z,CMG-01,throughput_gbps,110.95
2026-10-08T07:05:00Z,CMG-01,packet_loss_pct,0.0393
2026-10-08T07:05:00Z,CMG-01,active_bearers,512569.0
2026-10-08T07:05:00Z,CMG-02,cpu_utilization,30.13
2026-10-08T07:05:00Z,CMG-02,memory_utilization,43.13
2026-10-08T07:05:00Z,CMG-02,bgp_session_state,1.0
2026-10-08T07:05:00Z,CMG-02,throughput_gbps,106.72
2026-10-08T07:05:00Z,CMG-02,packet_loss_pct,0.0001
2026-10-08T07:05:00Z,CMG-02,active_bearers,455677.0
2026-10-08T07:05:00Z,CMG-03,cpu_utilization,29.44
2026-10-08T07:05:00Z,CMG-03,memory_utilization,36.18
2026-10-08T07:05:00Z,CMG-03,bgp_session_state,1.0
2026-10-08T07:05:00Z,CMG-03,throughput_gbps,98.6
2026-10-08T07:05:00Z,CMG-03,packet_loss_pct,0.0366
2026-10-08T07:05:00Z,CMG-03,active_bearers,512378.0
2026-10-08T07:05:00Z,UPF-01,cpu_utilization,21.61
2026-10-08T07:05:00Z,UPF-01,memory_utilization,39.46
2026-10-08T07:05:00Z,UPF-01,bgp_session_state,1.0
2026-10-08T07:05:00Z,UPF-01,throughput_gbps,81.04
2026-10-08T07:05:00Z,UPF-01,packet_loss_pct,0.0326
2026-10-08T07:05:00Z,UPF-01,active_bearers,542229.0
2026-10-08T07:05:00Z,UPF-02,cpu_utilization,31.16
2026-10-08T07:05:00Z,UPF-02,memory_utilization,42.55
2026-10-08T07:05:00Z,UPF-02,bgp_session_state,1.0
2026-10-08T07:05:00Z,UPF-02,throughput_gbps,97.54
2026-10-08T07:05:00Z,UPF-02,packet_loss_pct,0.035
2026-10-08T07:05:00Z,UPF-02,active_bearers,453171.0
2026-10-08T07:10:00Z,CMG-01,cpu_utilization,20.54
2026-10-08T07:10:00Z,CMG-01,memory_utilization,39.08
2026-10-08T07:10:00Z,CMG-01,bgp_session_state,1.0
2026-10-08T07:10:00Z,CMG-01,throughput_gbps,90.36
2026-10-08T07:10:00Z,CMG-01,packet_loss_pct,0.0478
2026-10-08T07:10:00Z,CMG-01,active_bearers,458118.0
2026-10-08T07:10:00Z,CMG-02,cpu_utilization,19.5
2026-10-08T07:10:00Z,CMG-02,memory_utilization,34.2
2026-10-08T07:10:00Z,CMG-02,bgp_session_state,1.0
2026-10-08T07:10:00Z,CMG-02,throughput_gbps,105.77
2026-10-08T07:10:00Z,CMG-02,packet_loss_pct,0.0117
2026-10-08T07:10:00Z,CMG-02,active_bearers,464091.0
2026-10-08T07:10:00Z,CMG-03,cpu_utilization,32.98
2026-10-08T07:10:00Z,CMG-03,memory_utilization,46.2
2026-10-08T07:10:00Z,CMG-03,bgp_session_state,1.0
2026-10-08T07:10:00Z,CMG-03,throughput_gbps,84.6
2026-10-08T07:10:00Z,CMG-03,packet_loss_pct,0.0264
2026-10-08T07:10:00Z,CMG-03,active_bearers,497934.0
2026-10-08T07:10:00Z,UPF-01,cpu_utilization,24.92
2026-10-08T07:10:00Z,UPF-01,memory_utilization,49.83
2026-10-08T07:10:00Z,UPF-01,bgp_session_state,1.0
2026-10-08T07:10:00Z,UPF-01,throughput_gbps,93.11
2026-10-08T07:10:00Z,UPF-01,packet_loss_pct,0.0235
2026-10-08T07:10:00Z,UPF-01,active_bearers,526412.0
2026-10-08T07:10:00Z,UPF-02,cpu_utilization,17.27
2026-10-08T07:10:00Z,UPF-02,memory_utilization,37.62
2026-10-08T07:10:00Z,UPF-02,bgp_session_state,1.0
2026-10-08T07:10:00Z,UPF-02,throughput_gbps,113.58
2026-10-08T07:10:00Z,UPF-02,packet_loss_pct,0.0032
2026-10-08T07:10:00Z,UPF-02,active_bearers,459250.0
2026-10-08T07:15:00Z,CMG-01,cpu_utilization,16.25
2026-10-08T07:15:00Z,CMG-01,memory_utilization,42.03
2026-10-08T07:15:00Z,CMG-01,bgp_session_state,1.0
2026-10-08T07:15:00Z,CMG-01,throughput_gbps,94.91
2026-10-08T07:15:00Z,CMG-01,packet_loss_pct,0.0487
2026-10-08T07:15:00Z,CMG-01,active_bearers,530522.0
2026-10-08T07:15:00Z,CMG-02,cpu_utilization,22.85
2026-10-08T07:15:00Z,CMG-02,memory_utilization,32.39
2026-10-08T07:15:00Z,CMG-02,bgp_session_state,1.0
2026-10-08T07:15:00Z,CMG-02,throughput_gbps,91.18
2026-10-08T07:15:00Z,CMG-02,packet_loss_pct,0.0381
2026-10-08T07:15:00Z,CMG-02,active_bearers,473952.0
2026-10-08T07:15:00Z,CMG-03,cpu_utilization,24.8
2026-10-08T07:15:00Z,CMG-03,memory_utilization,33.9
2026-10-08T07:15:00Z,CMG-03,bgp_session_state,1.0
2026-10-08T07:15:00Z,CMG-03,throughput_gbps,108.03
2026-10-08T07:15:00Z,CMG-03,packet_loss_pct,0.027
2026-10-08T07:15:00Z,CMG-03,active_bearers,527494.0
2026-10-08T07:15:00Z,UPF-01,cpu_utilization,22.74
2026-10-08T07:15:00Z,UPF-01,memory_utilization,31.33
2026-10-08T07:15:00Z,UPF-01,bgp_session_state,1.0
2026-10-08T07:15:00Z,UPF-01,throughput_gbps,92.89
2026-10-08T07:15:00Z,UPF-01,packet_loss_pct,0.0121
2026-10-08T07:15:00Z,UPF-01,active_bearers,509089.0
2026-10-08T07:15:00Z,UPF-02,cpu_utilization,16.88
2026-10-08T07:15:00Z,UPF-02,memory_utilization,31.56
2026-10-08T07:15:00Z,UPF-02,bgp_session_state,1.0
2026-10-08T07:15:00Z,UPF-02,throughput_gbps,96.58
2026-10-08T07:15:00Z,UPF-02,packet_loss_pct,0.0443
2026-10-08T07:15:00Z,UPF-02,active_bearers,460841.0
2026-10-08T07:20:00Z,CMG-01,cpu_utilization,25.38
2026-10-08T07:20:00Z,CMG-01,memory_utilization,37.43
2026-10-08T07:20:00Z,CMG-01,bgp_session_state,1.0
2026-10-08T07:20:00Z,CMG-01,throughput_gbps,105.35
2026-10-08T07:20:00Z,CMG-01,packet_loss_pct,0.0267
2026-10-08T07:20:00Z,CMG-01,active_bearers,455194.0
2026-10-08T07:20:00Z,CMG-02,cpu_utilization,24.42
2026-10-08T07:20:00Z,CMG-02,memory_utilization,34.99
2026-10-08T07:20:00Z,CMG-02,bgp_session_state,1.0
2026-10-08T07:20:00Z,CMG-02,throughput_gbps,97.99
2026-10-08T07:20:00Z,CMG-02,packet_loss_pct,0.0322
2026-10-08T07:20:00Z,CMG-02,active_bearers,523522.0
2026-10-08T07:20:00Z,CMG-03,cpu_utilization,30.18
2026-10-08T07:20:00Z,CMG-03,memory_utilization,45.36
2026-10-08T07:20:00Z,CMG-03,bgp_session_state,1.0
2026-10-08T07:20:00Z,CMG-03,throughput_gbps,118.97
2026-10-08T07:20:00Z,CMG-03,packet_loss_pct,0.0191
2026-10-08T07:20:00Z,CMG-03,active_bearers,482965.0
2026-10-08T07:20:00Z,UPF-01,cpu_utilization,34.98
2026-10-08T07:20:00Z,UPF-01,memory_utilization,47.79
2026-10-08T07:20:00Z,UPF-01,bgp_session_state,1.0
2026-10-08T07:20:00Z,UPF-01,throughput_gbps,87.57
2026-10-08T07:20:00Z,UPF-01,packet_loss_pct,0.0482
2026-10-08T07:20:00Z,UPF-01,active_bearers,472734.0
2026-10-08T07:20:00Z,UPF-02,cpu_utilization,20.85
2026-10-08T07:20:00Z,UPF-02,memory_utilization,44.45
2026-10-08T07:20:00Z,UPF-02,bgp_session_state,1.0
2026-10-08T07:20:00Z,UPF-02,throughput_gbps,99.61
2026-10-08T07:20:00Z,UPF-02,packet_loss_pct,0.049
2026-10-08T07:20:00Z,UPF-02,active_bearers,482408.0
2026-10-08T07:25:00Z,CMG-01,cpu_utilization,19.41
2026-10-08T07:25:00Z,CMG-01,memory_utilization,46.02
2026-10-08T07:25:00Z,CMG-01,bgp_session_state,1.0
2026-10-08T07:25:00Z,CMG-01,throughput_gbps,105.28
2026-10-08T07:25:00Z,CMG-01,packet_loss_pct,0.0287
2026-10-08T07:25:00Z,CMG-01,active_bearers,525552.0
2026-10-08T07:25:00Z,CMG-02,cpu_utilization,32.96
2026-10-08T07:25:00Z,CMG-02,memory_utilization,49.67
2026-10-08T07:25:00Z,CMG-02,bgp_session_state,1.0
2026-10-08T07:25:00Z,CMG-02,throughput_gbps,86.36
2026-10-08T07:25:00Z,CMG-02,packet_loss_pct,0.0185
2026-10-08T07:25:00Z,CMG-02,active_bearers,462213.0
2026-10-08T07:25:00Z,CMG-03,cpu_utilization,19.89
2026-10-08T07:25:00Z,CMG-03,memory_utilization,46.9
2026-10-08T07:25:00Z,CMG-03,bgp_session_state,1.0
2026-10-08T07:25:00Z,CMG-03,throughput_gbps,96.0
2026-10-08T07:25:00Z,CMG-03,packet_loss_pct,0.0061
2026-10-08T07:25:00Z,CMG-03,active_bearers,524375.0
2026-10-08T07:25:00Z,UPF-01,cpu_utilization,17.42
2026-10-08T07:25:00Z,UPF-01,memory_utilization,35.23
2026-10-08T07:25:00Z,UPF-01,bgp_session_state,1.0
2026-10-08T07:25:00Z,UPF-01,throughput_gbps,89.75
2026-10-08T07:25:00Z,UPF-01,packet_loss_pct,0.0372
2026-10-08T07:25:00Z,UPF-01,active_bearers,473351.0
2026-10-08T07:25:00Z,UPF-02,cpu_utilization,34.28
2026-10-08T07:25:00Z,UPF-02,memory_utilization,32.69
2026-10-08T07:25:00Z,UPF-02,bgp_session_state,1.0
2026-10-08T07:25:00Z,UPF-02,throughput_gbps,111.99
2026-10-08T07:25:00Z,UPF-02,packet_loss_pct,0.0228
2026-10-08T07:25:00Z,UPF-02,active_bearers,451681.0
2026-10-08T07:30:00Z,CMG-01,cpu_utilization,32.41
2026-10-08T07:30:00Z,CMG-01,memory_utilization,34.36
2026-10-08T07:30:00Z,CMG-01,bgp_session_state,1.0
2026-10-08T07:30:00Z,CMG-01,throughput_gbps,98.49
2026-10-08T07:30:00Z,CMG-01,packet_loss_pct,0.0329
2026-10-08T07:30:00Z,CMG-01,active_bearers,548027.0
2026-10-08T07:30:00Z,CMG-02,cpu_utilization,17.13
2026-10-08T07:30:00Z,CMG-02,memory_utilization,38.39
2026-10-08T07:30:00Z,CMG-02,bgp_session_state,1.0
2026-10-08T07:30:00Z,CMG-02,throughput_gbps,119.37
2026-10-08T07:30:00Z,CMG-02,packet_loss_pct,0.03
2026-10-08T07:30:00Z,CMG-02,active_bearers,521679.0
2026-10-08T07:30:00Z,CMG-03,cpu_utilization,22.21
2026-10-08T07:30:00Z,CMG-03,memory_utilization,39.81
2026-10-08T07:30:00Z,CMG-03,bgp_session_state,1.0
2026-10-08T07:30:00Z,CMG-03,throughput_gbps,97.74
2026-10-08T07:30:00Z,CMG-03,packet_loss_pct,0.0187
2026-10-08T07:30:00Z,CMG-03,active_bearers,454156.0
2026-10-08T07:30:00Z,UPF-01,cpu_utilization,20.33
2026-10-08T07:30:00Z,UPF-01,memory_utilization,32.89
2026-10-08T07:30:00Z,UPF-01,bgp_session_state,1.0
2026-10-08T07:30:00Z,UPF-01,throughput_gbps,107.62
2026-10-08T07:30:00Z,UPF-01,packet_loss_pct,0.0141
2026-10-08T07:30:00Z,UPF-01,active_bearers,474038.0
2026-10-08T07:30:00Z,UPF-02,cpu_utilization,19.91
2026-10-08T07:30:00Z,UPF-02,memory_utilization,31.5
2026-10-08T07:30:00Z,UPF-02,bgp_session_state,1.0
2026-10-08T07:30:00Z,UPF-02,throughput_gbps,96.19
2026-10-08T07:30:00Z,UPF-02,packet_loss_pct,0.0429
2026-10-08T07:30:00Z,UPF-02,active_bearers,477147.0
2026-10-08T07:35:00Z,CMG-01,cpu_utilization,16.81
2026-10-08T07:35:00Z,CMG-01,memory_utilization,39.09
2026-10-08T07:35:00Z,CMG-01,bgp_session_state,1.0
2026-10-08T07:35:00Z,CMG-01,throughput_gbps,89.33
2026-10-08T07:35:00Z,CMG-01,packet_loss_pct,0.0119
2026-10-08T07:35:00Z,CMG-01,active_bearers,515632.0
2026-10-08T07:35:00Z,CMG-02,cpu_utilization,28.78
2026-10-08T07:35:00Z,CMG-02,memory_utilization,31.95
2026-10-08T07:35:00Z,CMG-02,bgp_session_state,1.0
2026-10-08T07:35:00Z,CMG-02,throughput_gbps,81.78
2026-10-08T07:35:00Z,CMG-02,packet_loss_pct,0.0334
2026-10-08T07:35:00Z,CMG-02,active_bearers,520959.0
2026-10-08T07:35:00Z,CMG-03,cpu_utilization,26.18
2026-10-08T07:35:00Z,CMG-03,memory_utilization,40.19
2026-10-08T07:35:00Z,CMG-03,bgp_session_state,1.0
2026-10-08T07:35:00Z,CMG-03,throughput_gbps,113.61
2026-10-08T07:35:00Z,CMG-03,packet_loss_pct,0.0389
2026-10-08T07:35:00Z,CMG-03,active_bearers,450796.0
2026-10-08T07:35:00Z,UPF-01,cpu_utilization,15.11
2026-10-08T07:35:00Z,UPF-01,memory_utilization,32.46
2026-10-08T07:35:00Z,UPF-01,bgp_session_state,1.0
2026-10-08T07:35:00Z,UPF-01,throughput_gbps,113.57
2026-10-08T07:35:00Z,UPF-01,packet_loss_pct,0.0053
2026-10-08T07:35:00Z,UPF-01,active_bearers,459641.0
2026-10-08T07:35:00Z,UPF-02,cpu_utilization,32.28
2026-10-08T07:35:00Z,UPF-02,memory_utilization,35.87
2026-10-08T07:35:00Z,UPF-02,bgp_session_state,1.0
2026-10-08T07:35:00Z,UPF-02,throughput_gbps,107.88
2026-10-08T07:35:00Z,UPF-02,packet_loss_pct,0.006
2026-10-08T07:35:00Z,UPF-02,active_bearers,453060.0
2026-10-08T07:40:00Z,CMG-01,cpu_utilization,15.97
2026-10-08T07:40:00Z,CMG-01,memory_utilization,39.6
2026-10-08T07:40:00Z,CMG-01,bgp_session_state,1.0
2026-10-08T07:40:00Z,CMG-01,throughput_gbps,92.59
2026-10-08T07:40:00Z,CMG-01,packet_loss_pct,0.0117
2026-10-08T07:40:00Z,CMG-01,active_bearers,451590.0
2026-10-08T07:40:00Z,CMG-02,cpu_utilization,34.92
2026-10-08T07:40:00Z,CMG-02,memory_utilization,30.35
2026-10-08T07:40:00Z,CMG-02,bgp_session_state,1.0
2026-10-08T07:40:00Z,CMG-02,throughput_gbps,109.2
2026-10-08T07:40:00Z,CMG-02,packet_loss_pct,0.0287
2026-10-08T07:40:00Z,CMG-02,active_bearers,542642.0
2026-10-08T07:40:00Z,CMG-03,cpu_utilization,31.94
2026-10-08T07:40:00Z,CMG-03,memory_utilization,36.83
2026-10-08T07:40:00Z,CMG-03,bgp_session_state,1.0
2026-10-08T07:40:00Z,CMG-03,throughput_gbps,105.16
2026-10-08T07:40:00Z,CMG-03,packet_loss_pct,0.0019
2026-10-08T07:40:00Z,CMG-03,active_bearers,478457.0
2026-10-08T07:40:00Z,UPF-01,cpu_utilization,21.94
2026-10-08T07:40:00Z,UPF-01,memory_utilization,36.84
2026-10-08T07:40:00Z,UPF-01,bgp_session_state,1.0
2026-10-08T07:40:00Z,UPF-01,throughput_gbps,84.41
2026-10-08T07:40:00Z,UPF-01,packet_loss_pct,0.0152
2026-10-08T07:40:00Z,UPF-01,active_bearers,533409.0
2026-10-08T07:40:00Z,UPF-02,cpu_utilization,33.19
2026-10-08T07:40:00Z,UPF-02,memory_utilization,45.43
2026-10-08T07:40:00Z,UPF-02,bgp_session_state,1.0
2026-10-08T07:40:00Z,UPF-02,throughput_gbps,93.63
2026-10-08T07:40:00Z,UPF-02,packet_loss_pct,0.0152
2026-10-08T07:40:00Z,UPF-02,active_bearers,514802.0
2026-10-08T07:45:00Z,CMG-01,cpu_utilization,31.97
2026-10-08T07:45:00Z,CMG-01,memory_utilization,33.16
2026-10-08T07:45:00Z,CMG-01,bgp_session_state,1.0
2026-10-08T07:45:00Z,CMG-01,throughput_gbps,86.07
2026-10-08T07:45:00Z,CMG-01,packet_loss_pct,0.0091
2026-10-08T07:45:00Z,CMG-01,active_bearers,477072.0
2026-10-08T07:45:00Z,CMG-02,cpu_utilization,25.22
2026-10-08T07:45:00Z,CMG-02,memory_utilization,30.45
2026-10-08T07:45:00Z,CMG-02,bgp_session_state,1.0
2026-10-08T07:45:00Z,CMG-02,throughput_gbps,94.42
2026-10-08T07:45:00Z,CMG-02,packet_loss_pct,0.003
2026-10-08T07:45:00Z,CMG-02,active_bearers,533783.0
2026-10-08T07:45:00Z,CMG-03,cpu_utilization,32.41
2026-10-08T07:45:00Z,CMG-03,memory_utilization,31.78
2026-10-08T07:45:00Z,CMG-03,bgp_session_state,1.0
2026-10-08T07:45:00Z,CMG-03,throughput_gbps,90.4
2026-10-08T07:45:00Z,CMG-03,packet_loss_pct,0.0256
2026-10-08T07:45:00Z,CMG-03,active_bearers,494702.0
2026-10-08T07:45:00Z,UPF-01,cpu_utilization,22.6
2026-10-08T07:45:00Z,UPF-01,memory_utilization,33.1
2026-10-08T07:45:00Z,UPF-01,bgp_session_state,1.0
2026-10-08T07:45:00Z,UPF-01,throughput_gbps,112.13
2026-10-08T07:45:00Z,UPF-01,packet_loss_pct,0.0148
2026-10-08T07:45:00Z,UPF-01,active_bearers,460802.0
2026-10-08T07:45:00Z,UPF-02,cpu_utilization,16.24
2026-10-08T07:45:00Z,UPF-02,memory_utilization,30.65
2026-10-08T07:45:00Z,UPF-02,bgp_session_state,1.0
2026-10-08T07:45:00Z,UPF-02,throughput_gbps,102.38
2026-10-08T07:45:00Z,UPF-02,packet_loss_pct,0.0137
2026-10-08T07:45:00Z,UPF-02,active_bearers,504951.0
2026-10-08T07:50:00Z,CMG-01,cpu_utilization,21.05
2026-10-08T07:50:00Z,CMG-01,memory_utilization,42.67
2026-10-08T07:50:00Z,CMG-01,bgp_session_state,1.0
2026-10-08T07:50:00Z,CMG-01,throughput_gbps,97.26
2026-10-08T07:50:00Z,CMG-01,packet_loss_pct,0.02
2026-10-08T07:50:00Z,CMG-01,active_bearers,545506.0
2026-10-08T07:50:00Z,CMG-02,cpu_utilization,15.62
2026-10-08T07:50:00Z,CMG-02,memory_utilization,30.21
2026-10-08T07:50:00Z,CMG-02,bgp_session_state,1.0
2026-10-08T07:50:00Z,CMG-02,throughput_gbps,116.16
2026-10-08T07:50:00Z,CMG-02,packet_loss_pct,0.0481
2026-10-08T07:50:00Z,CMG-02,active_bearers,478902.0
2026-10-08T07:50:00Z,CMG-03,cpu_utilization,23.75
2026-10-08T07:50:00Z,CMG-03,memory_utilization,41.86
2026-10-08T07:50:00Z,CMG-03,bgp_session_state,1.0
2026-10-08T07:50:00Z,CMG-03,throughput_gbps,98.48
2026-10-08T07:50:00Z,CMG-03,packet_loss_pct,0.0373
2026-10-08T07:50:00Z,CMG-03,active_bearers,539431.0
2026-10-08T07:50:00Z,UPF-01,cpu_utilization,28.0
2026-10-08T07:50:00Z,UPF-01,memory_utilization,47.41
2026-10-08T07:50:00Z,UPF-01,bgp_session_state,1.0
2026-10-08T07:50:00Z,UPF-01,throughput_gbps,96.6
2026-10-08T07:50:00Z,UPF-01,packet_loss_pct,0.0247
2026-10-08T07:50:00Z,UPF-01,active_bearers,486859.0
2026-10-08T07:50:00Z,UPF-02,cpu_utilization,31.86
2026-10-08T07:50:00Z,UPF-02,memory_utilization,36.4
2026-10-08T07:50:00Z,UPF-02,bgp_session_state,1.0
2026-10-08T07:50:00Z,UPF-02,throughput_gbps,93.09
2026-10-08T07:50:00Z,UPF-02,packet_loss_pct,0.0243
2026-10-08T07:50:00Z,UPF-02,active_bearers,473909.0
2026-10-08T07:55:00Z,CMG-01,cpu_utilization,19.19
2026-10-08T07:55:00Z,CMG-01,memory_utilization,36.27
2026-10-08T07:55:00Z,CMG-01,bgp_session_state,1.0
2026-10-08T07:55:00Z,CMG-01,throughput_gbps,87.83
2026-10-08T07:55:00Z,CMG-01,packet_loss_pct,0.0022
2026-10-08T07:55:00Z,CMG-01,active_bearers,482009.0
2026-10-08T07:55:00Z,CMG-02,cpu_utilization,19.78
2026-10-08T07:55:00Z,CMG-02,memory_utilization,31.78
2026-10-08T07:55:00Z,CMG-02,bgp_session_state,1.0
2026-10-08T07:55:00Z,CMG-02,throughput_gbps,107.0
2026-10-08T07:55:00Z,CMG-02,packet_loss_pct,0.0248
2026-10-08T07:55:00Z,CMG-02,active_bearers,493051.0
2026-10-08T07:55:00Z,CMG-03,cpu_utilization,22.32
2026-10-08T07:55:00Z,CMG-03,memory_utilization,32.84
2026-10-08T07:55:00Z,CMG-03,bgp_session_state,1.0
2026-10-08T07:55:00Z,CMG-03,throughput_gbps,96.69
2026-10-08T07:55:00Z,CMG-03,packet_loss_pct,0.0339
2026-10-08T07:55:00Z,CMG-03,active_bearers,469101.0
2026-10-08T07:55:00Z,UPF-01,cpu_utilization,27.71
2026-10-08T07:55:00Z,UPF-01,memory_utilization,44.47
2026-10-08T07:55:00Z,UPF-01,bgp_session_state,1.0
2026-10-08T07:55:00Z,UPF-01,throughput_gbps,111.26
2026-10-08T07:55:00Z,UPF-01,packet_loss_pct,0.0412
2026-10-08T07:55:00Z,UPF-01,active_bearers,460088.0
2026-10-08T07:55:00Z,UPF-02,cpu_utilization,25.57
2026-10-08T07:55:00Z,UPF-02,memory_utilization,35.12
2026-10-08T07:55:00Z,UPF-02,bgp_session_state,1.0
2026-10-08T07:55:00Z,UPF-02,throughput_gbps,119.22
2026-10-08T07:55:00Z,UPF-02,packet_loss_pct,0.039
2026-10-08T07:55:00Z,UPF-02,active_bearers,456932.0
2026-10-08T08:00:00Z,CMG-01,cpu_utilization,30.28
2026-10-08T08:00:00Z,CMG-01,memory_utilization,33.14
2026-10-08T08:00:00Z,CMG-01,bgp_session_state,1.0
2026-10-08T08:00:00Z,CMG-01,throughput_gbps,107.47
2026-10-08T08:00:00Z,CMG-01,packet_loss_pct,0.0385
2026-10-08T08:00:00Z,CMG-01,active_bearers,482699.0
2026-10-08T08:00:00Z,CMG-02,cpu_utilization,23.73
2026-10-08T08:00:00Z,CMG-02,memory_utilization,46.93
2026-10-08T08:00:00Z,CMG-02,bgp_session_state,1.0
2026-10-08T08:00:00Z,CMG-02,throughput_gbps,109.14
2026-10-08T08:00:00Z,CMG-02,packet_loss_pct,0.0128
2026-10-08T08:00:00Z,CMG-02,active_bearers,452499.0
2026-10-08T08:00:00Z,CMG-03,cpu_utilization,17.46
2026-10-08T08:00:00Z,CMG-03,memory_utilization,30.4
2026-10-08T08:00:00Z,CMG-03,bgp_session_state,1.0
2026-10-08T08:00:00Z,CMG-03,throughput_gbps,98.0
2026-10-08T08:00:00Z,CMG-03,packet_loss_pct,0.0332
2026-10-08T08:00:00Z,CMG-03,active_bearers,519431.0
2026-10-08T08:00:00Z,UPF-01,cpu_utilization,26.31
2026-10-08T08:00:00Z,UPF-01,memory_utilization,43.39
2026-10-08T08:00:00Z,UPF-01,bgp_session_state,1.0
2026-10-08T08:00:00Z,UPF-01,throughput_gbps,103.05
2026-10-08T08:00:00Z,UPF-01,packet_loss_pct,0.0097
2026-10-08T08:00:00Z,UPF-01,active_bearers,549412.0
2026-10-08T08:00:00Z,UPF-02,cpu_utilization,20.71
2026-10-08T08:00:00Z,UPF-02,memory_utilization,32.65
2026-10-08T08:00:00Z,UPF-02,bgp_session_state,1.0
2026-10-08T08:00:00Z,UPF-02,throughput_gbps,113.74
2026-10-08T08:00:00Z,UPF-02,packet_loss_pct,0.0486
2026-10-08T08:00:00Z,UPF-02,active_bearers,508578.0
2026-10-08T08:05:00Z,CMG-01,cpu_utilization,20.88
2026-10-08T08:05:00Z,CMG-01,memory_utilization,33.36
2026-10-08T08:05:00Z,CMG-01,bgp_session_state,1.0
2026-10-08T08:05:00Z,CMG-01,throughput_gbps,97.84
2026-10-08T08:05:00Z,CMG-01,packet_loss_pct,0.021
2026-10-08T08:05:00Z,CMG-01,active_bearers,541498.0
2026-10-08T08:05:00Z,CMG-02,cpu_utilization,16.92
2026-10-08T08:05:00Z,CMG-02,memory_utilization,43.35
2026-10-08T08:05:00Z,CMG-02,bgp_session_state,1.0
2026-10-08T08:05:00Z,CMG-02,throughput_gbps,108.17
2026-10-08T08:05:00Z,CMG-02,packet_loss_pct,0.0224
2026-10-08T08:05:00Z,CMG-02,active_bearers,530990.0
2026-10-08T08:05:00Z,CMG-03,cpu_utilization,29.82
2026-10-08T08:05:00Z,CMG-03,memory_utilization,46.21
2026-10-08T08:05:00Z,CMG-03,bgp_session_state,1.0
2026-10-08T08:05:00Z,CMG-03,throughput_gbps,86.82
2026-10-08T08:05:00Z,CMG-03,packet_loss_pct,0.0216
2026-10-08T08:05:00Z,CMG-03,active_bearers,496658.0
2026-10-08T08:05:00Z,UPF-01,cpu_utilization,28.55
2026-10-08T08:05:00Z,UPF-01,memory_utilization,43.3
2026-10-08T08:05:00Z,UPF-01,bgp_session_state,1.0
2026-10-08T08:05:00Z,UPF-01,throughput_gbps,86.83
2026-10-08T08:05:00Z,UPF-01,packet_loss_pct,0.0104
2026-10-08T08:05:00Z,UPF-01,active_bearers,489579.0
2026-10-08T08:05:00Z,UPF-02,cpu_utilization,18.84
2026-10-08T08:05:00Z,UPF-02,memory_utilization,32.81
2026-10-08T08:05:00Z,UPF-02,bgp_session_state,1.0
2026-10-08T08:05:00Z,UPF-02,throughput_gbps,87.7
2026-10-08T08:05:00Z,UPF-02,packet_loss_pct,0.0381
2026-10-08T08:05:00Z,UPF-02,active_bearers,480868.0
2026-10-08T08:10:00Z,CMG-01,cpu_utilization,23.77
2026-10-08T08:10:00Z,CMG-01,memory_utilization,37.02
2026-10-08T08:10:00Z,CMG-01,bgp_session_state,1.0
2026-10-08T08:10:00Z,CMG-01,throughput_gbps,87.34
2026-10-08T08:10:00Z,CMG-01,packet_loss_pct,0.0475
2026-10-08T08:10:00Z,CMG-01,active_bearers,470307.0
2026-10-08T08:10:00Z,CMG-02,cpu_utilization,15.59
2026-10-08T08:10:00Z,CMG-02,memory_utilization,44.06
2026-10-08T08:10:00Z,CMG-02,bgp_session_state,1.0
2026-10-08T08:10:00Z,CMG-02,throughput_gbps,109.6
2026-10-08T08:10:00Z,CMG-02,packet_loss_pct,0.0423
2026-10-08T08:10:00Z,CMG-02,active_bearers,547580.0
2026-10-08T08:10:00Z,CMG-03,cpu_utilization,28.61
2026-10-08T08:10:00Z,CMG-03,memory_utilization,49.04
2026-10-08T08:10:00Z,CMG-03,bgp_session_state,1.0
2026-10-08T08:10:00Z,CMG-03,throughput_gbps,96.15
2026-10-08T08:10:00Z,CMG-03,packet_loss_pct,0.009
2026-10-08T08:10:00Z,CMG-03,active_bearers,484554.0
2026-10-08T08:10:00Z,UPF-01,cpu_utilization,17.05
2026-10-08T08:10:00Z,UPF-01,memory_utilization,49.75
2026-10-08T08:10:00Z,UPF-01,bgp_session_state,1.0
2026-10-08T08:10:00Z,UPF-01,throughput_gbps,103.32
2026-10-08T08:10:00Z,UPF-01,packet_loss_pct,0.0284
2026-10-08T08:10:00Z,UPF-01,active_bearers,480105.0
2026-10-08T08:10:00Z,UPF-02,cpu_utilization,16.78
2026-10-08T08:10:00Z,UPF-02,memory_utilization,43.59
2026-10-08T08:10:00Z,UPF-02,bgp_session_state,1.0
2026-10-08T08:10:00Z,UPF-02,throughput_gbps,103.25
2026-10-08T08:10:00Z,UPF-02,packet_loss_pct,0.0129
2026-10-08T08:10:00Z,UPF-02,active_bearers,496779.0
2026-10-08T08:15:00Z,CMG-01,cpu_utilization,17.55
2026-10-08T08:15:00Z,CMG-01,memory_utilization,39.45
2026-10-08T08:15:00Z,CMG-01,bgp_session_state,1.0
2026-10-08T08:15:00Z,CMG-01,throughput_gbps,93.53
2026-10-08T08:15:00Z,CMG-01,packet_loss_pct,0.0028
2026-10-08T08:15:00Z,CMG-01,active_bearers,453568.0
2026-10-08T08:15:00Z,CMG-02,cpu_utilization,17.9
2026-10-08T08:15:00Z,CMG-02,memory_utilization,46.37
2026-10-08T08:15:00Z,CMG-02,bgp_session_state,1.0
2026-10-08T08:15:00Z,CMG-02,throughput_gbps,112.63
2026-10-08T08:15:00Z,CMG-02,packet_loss_pct,0.0402
2026-10-08T08:15:00Z,CMG-02,active_bearers,470032.0
2026-10-08T08:15:00Z,CMG-03,cpu_utilization,18.83
2026-10-08T08:15:00Z,CMG-03,memory_utilization,47.75
2026-10-08T08:15:00Z,CMG-03,bgp_session_state,1.0
2026-10-08T08:15:00Z,CMG-03,throughput_gbps,82.26
2026-10-08T08:15:00Z,CMG-03,packet_loss_pct,0.0253
2026-10-08T08:15:00Z,CMG-03,active_bearers,522742.0
2026-10-08T08:15:00Z,UPF-01,cpu_utilization,24.86
2026-10-08T08:15:00Z,UPF-01,memory_utilization,30.83
2026-10-08T08:15:00Z,UPF-01,bgp_session_state,1.0
2026-10-08T08:15:00Z,UPF-01,throughput_gbps,80.74
2026-10-08T08:15:00Z,UPF-01,packet_loss_pct,0.031
2026-10-08T08:15:00Z,UPF-01,active_bearers,452076.0
2026-10-08T08:15:00Z,UPF-02,cpu_utilization,33.83
2026-10-08T08:15:00Z,UPF-02,memory_utilization,45.83
2026-10-08T08:15:00Z,UPF-02,bgp_session_state,1.0
2026-10-08T08:15:00Z,UPF-02,throughput_gbps,112.66
2026-10-08T08:15:00Z,UPF-02,packet_loss_pct,0.0049
2026-10-08T08:15:00Z,UPF-02,active_bearers,457063.0
2026-10-08T08:20:00Z,CMG-01,cpu_utilization,31.07
2026-10-08T08:20:00Z,CMG-01,memory_utilization,34.03
2026-10-08T08:20:00Z,CMG-01,bgp_session_state,1.0
2026-10-08T08:20:00Z,CMG-01,throughput_gbps,81.09
2026-10-08T08:20:00Z,CMG-01,packet_loss_pct,0.0259
2026-10-08T08:20:00Z,CMG-01,active_bearers,534982.0
2026-10-08T08:20:00Z,CMG-02,cpu_utilization,30.93
2026-10-08T08:20:00Z,CMG-02,memory_utilization,45.15
2026-10-08T08:20:00Z,CMG-02,bgp_session_state,1.0
2026-10-08T08:20:00Z,CMG-02,throughput_gbps,101.26
2026-10-08T08:20:00Z,CMG-02,packet_loss_pct,0.0165
2026-10-08T08:20:00Z,CMG-02,active_bearers,483855.0
2026-10-08T08:20:00Z,CMG-03,cpu_utilization,20.17
2026-10-08T08:20:00Z,CMG-03,memory_utilization,43.21
2026-10-08T08:20:00Z,CMG-03,bgp_session_state,1.0
2026-10-08T08:20:00Z,CMG-03,throughput_gbps,95.74
2026-10-08T08:20:00Z,CMG-03,packet_loss_pct,0.0371
2026-10-08T08:20:00Z,CMG-03,active_bearers,497366.0
2026-10-08T08:20:00Z,UPF-01,cpu_utilization,19.6
2026-10-08T08:20:00Z,UPF-01,memory_utilization,32.85
2026-10-08T08:20:00Z,UPF-01,bgp_session_state,1.0
2026-10-08T08:20:00Z,UPF-01,throughput_gbps,113.17
2026-10-08T08:20:00Z,UPF-01,packet_loss_pct,0.0318
2026-10-08T08:20:00Z,UPF-01,active_bearers,453609.0
2026-10-08T08:20:00Z,UPF-02,cpu_utilization,34.13
2026-10-08T08:20:00Z,UPF-02,memory_utilization,37.0
2026-10-08T08:20:00Z,UPF-02,bgp_session_state,1.0
2026-10-08T08:20:00Z,UPF-02,throughput_gbps,100.7
2026-10-08T08:20:00Z,UPF-02,packet_loss_pct,0.0276
2026-10-08T08:20:00Z,UPF-02,active_bearers,506550.0
2026-10-08T08:25:00Z,CMG-01,cpu_utilization,29.52
2026-10-08T08:25:00Z,CMG-01,memory_utilization,37.57
2026-10-08T08:25:00Z,CMG-01,bgp_session_state,1.0
2026-10-08T08:25:00Z,CMG-01,throughput_gbps,98.51
2026-10-08T08:25:00Z,CMG-01,packet_loss_pct,0.0137
2026-10-08T08:25:00Z,CMG-01,active_bearers,532006.0
2026-10-08T08:25:00Z,CMG-02,cpu_utilization,22.84
2026-10-08T08:25:00Z,CMG-02,memory_utilization,34.96
2026-10-08T08:25:00Z,CMG-02,bgp_session_state,1.0
2026-10-08T08:25:00Z,CMG-02,throughput_gbps,98.67
2026-10-08T08:25:00Z,CMG-02,packet_loss_pct,0.0255
2026-10-08T08:25:00Z,CMG-02,active_bearers,482673.0
2026-10-08T08:25:00Z,CMG-03,cpu_utilization,31.8
2026-10-08T08:25:00Z,CMG-03,memory_utilization,36.08
2026-10-08T08:25:00Z,CMG-03,bgp_session_state,1.0
2026-10-08T08:25:00Z,CMG-03,throughput_gbps,114.68
2026-10-08T08:25:00Z,CMG-03,packet_loss_pct,0.0024
2026-10-08T08:25:00Z,CMG-03,active_bearers,487137.0
2026-10-08T08:25:00Z,UPF-01,cpu_utilization,19.82
2026-10-08T08:25:00Z,UPF-01,memory_utilization,43.05
2026-10-08T08:25:00Z,UPF-01,bgp_session_state,1.0
2026-10-08T08:25:00Z,UPF-01,throughput_gbps,114.53
2026-10-08T08:25:00Z,UPF-01,packet_loss_pct,0.0283
2026-10-08T08:25:00Z,UPF-01,active_bearers,460140.0
2026-10-08T08:25:00Z,UPF-02,cpu_utilization,16.9
2026-10-08T08:25:00Z,UPF-02,memory_utilization,41.29
2026-10-08T08:25:00Z,UPF-02,bgp_session_state,1.0
2026-10-08T08:25:00Z,UPF-02,throughput_gbps,94.42
2026-10-08T08:25:00Z,UPF-02,packet_loss_pct,0.048
2026-10-08T08:25:00Z,UPF-02,active_bearers,545305.0
2026-10-08T08:30:00Z,CMG-01,cpu_utilization,24.32
2026-10-08T08:30:00Z,CMG-01,memory_utilization,40.72
2026-10-08T08:30:00Z,CMG-01,bgp_session_state,1.0
2026-10-08T08:30:00Z,CMG-01,throughput_gbps,90.65
2026-10-08T08:30:00Z,CMG-01,packet_loss_pct,0.0153
2026-10-08T08:30:00Z,CMG-01,active_bearers,489653.0
2026-10-08T08:30:00Z,CMG-02,cpu_utilization,25.19
2026-10-08T08:30:00Z,CMG-02,memory_utilization,36.33
2026-10-08T08:30:00Z,CMG-02,bgp_session_state,1.0
2026-10-08T08:30:00Z,CMG-02,throughput_gbps,96.18
2026-10-08T08:30:00Z,CMG-02,packet_loss_pct,0.033
2026-10-08T08:30:00Z,CMG-02,active_bearers,534830.0
2026-10-08T08:30:00Z,CMG-03,cpu_utilization,33.65
2026-10-08T08:30:00Z,CMG-03,memory_utilization,48.5
2026-10-08T08:30:00Z,CMG-03,bgp_session_state,1.0
2026-10-08T08:30:00Z,CMG-03,throughput_gbps,113.98
2026-10-08T08:30:00Z,CMG-03,packet_loss_pct,0.0392
2026-10-08T08:30:00Z,CMG-03,active_bearers,518950.0
2026-10-08T08:30:00Z,UPF-01,cpu_utilization,23.44
2026-10-08T08:30:00Z,UPF-01,memory_utilization,32.16
2026-10-08T08:30:00Z,UPF-01,bgp_session_state,1.0
2026-10-08T08:30:00Z,UPF-01,throughput_gbps,119.72
2026-10-08T08:30:00Z,UPF-01,packet_loss_pct,0.0197
2026-10-08T08:30:00Z,UPF-01,active_bearers,481234.0
2026-10-08T08:30:00Z,UPF-02,cpu_utilization,29.67
2026-10-08T08:30:00Z,UPF-02,memory_utilization,42.54
2026-10-08T08:30:00Z,UPF-02,bgp_session_state,1.0
2026-10-08T08:30:00Z,UPF-02,throughput_gbps,94.96
2026-10-08T08:30:00Z,UPF-02,packet_loss_pct,0.0466
2026-10-08T08:30:00Z,UPF-02,active_bearers,516527.0
2026-10-08T08:35:00Z,CMG-01,cpu_utilization,31.58
2026-10-08T08:35:00Z,CMG-01,memory_utilization,42.02
2026-10-08T08:35:00Z,CMG-01,bgp_session_state,1.0
2026-10-08T08:35:00Z,CMG-01,throughput_gbps,97.5
2026-10-08T08:35:00Z,CMG-01,packet_loss_pct,0.0089
2026-10-08T08:35:00Z,CMG-01,active_bearers,476259.0
2026-10-08T08:35:00Z,CMG-02,cpu_utilization,34.07
2026-10-08T08:35:00Z,CMG-02,memory_utilization,45.65
2026-10-08T08:35:00Z,CMG-02,bgp_session_state,1.0
2026-10-08T08:35:00Z,CMG-02,throughput_gbps,104.46
2026-10-08T08:35:00Z,CMG-02,packet_loss_pct,0.029
2026-10-08T08:35:00Z,CMG-02,active_bearers,450810.0
2026-10-08T08:35:00Z,CMG-03,cpu_utilization,21.47
2026-10-08T08:35:00Z,CMG-03,memory_utilization,35.09
2026-10-08T08:35:00Z,CMG-03,bgp_session_state,1.0
2026-10-08T08:35:00Z,CMG-03,throughput_gbps,115.69
2026-10-08T08:35:00Z,CMG-03,packet_loss_pct,0.0157
2026-10-08T08:35:00Z,CMG-03,active_bearers,548018.0
2026-10-08T08:35:00Z,UPF-01,cpu_utilization,29.22
2026-10-08T08:35:00Z,UPF-01,memory_utilization,37.81
2026-10-08T08:35:00Z,UPF-01,bgp_session_state,1.0
2026-10-08T08:35:00Z,UPF-01,throughput_gbps,119.2
2026-10-08T08:35:00Z,UPF-01,packet_loss_pct,0.0059
2026-10-08T08:35:00Z,UPF-01,active_bearers,472596.0
2026-10-08T08:35:00Z,UPF-02,cpu_utilization,33.08
2026-10-08T08:35:00Z,UPF-02,memory_utilization,49.91
2026-10-08T08:35:00Z,UPF-02,bgp_session_state,1.0
2026-10-08T08:35:00Z,UPF-02,throughput_gbps,116.62
2026-10-08T08:35:00Z,UPF-02,packet_loss_pct,0.0371
2026-10-08T08:35:00Z,UPF-02,active_bearers,545660.0
2026-10-08T08:40:00Z,CMG-01,cpu_utilization,23.83
2026-10-08T08:40:00Z,CMG-01,memory_utilization,31.96
2026-10-08T08:40:00Z,CMG-01,bgp_session_state,1.0
2026-10-08T08:40:00Z,CMG-01,throughput_gbps,106.8
2026-10-08T08:40:00Z,CMG-01,packet_loss_pct,0.0389
2026-10-08T08:40:00Z,CMG-01,active_bearers,474533.0
2026-10-08T08:40:00Z,CMG-02,cpu_utilization,26.47
2026-10-08T08:40:00Z,CMG-02,memory_utilization,32.88
2026-10-08T08:40:00Z,CMG-02,bgp_session_state,1.0
2026-10-08T08:40:00Z,CMG-02,throughput_gbps,111.8
2026-10-08T08:40:00Z,CMG-02,packet_loss_pct,0.0203
2026-10-08T08:40:00Z,CMG-02,active_bearers,545410.0
2026-10-08T08:40:00Z,CMG-03,cpu_utilization,26.19
2026-10-08T08:40:00Z,CMG-03,memory_utilization,39.14
2026-10-08T08:40:00Z,CMG-03,bgp_session_state,1.0
2026-10-08T08:40:00Z,CMG-03,throughput_gbps,94.06
2026-10-08T08:40:00Z,CMG-03,packet_loss_pct,0.0492
2026-10-08T08:40:00Z,CMG-03,active_bearers,475860.0
2026-10-08T08:40:00Z,UPF-01,cpu_utilization,21.08
2026-10-08T08:40:00Z,UPF-01,memory_utilization,43.52
2026-10-08T08:40:00Z,UPF-01,bgp_session_state,1.0
2026-10-08T08:40:00Z,UPF-01,throughput_gbps,117.4
2026-10-08T08:40:00Z,UPF-01,packet_loss_pct,0.0069
2026-10-08T08:40:00Z,UPF-01,active_bearers,472881.0
2026-10-08T08:40:00Z,UPF-02,cpu_utilization,30.81
2026-10-08T08:40:00Z,UPF-02,memory_utilization,41.08
2026-10-08T08:40:00Z,UPF-02,bgp_session_state,1.0
2026-10-08T08:40:00Z,UPF-02,throughput_gbps,80.93
2026-10-08T08:40:00Z,UPF-02,packet_loss_pct,0.017
2026-10-08T08:40:00Z,UPF-02,active_bearers,497767.0
2026-10-08T08:45:00Z,CMG-01,cpu_utilization,32.36
2026-10-08T08:45:00Z,CMG-01,memory_utilization,32.02
2026-10-08T08:45:00Z,CMG-01,bgp_session_state,1.0
2026-10-08T08:45:00Z,CMG-01,throughput_gbps,80.84
2026-10-08T08:45:00Z,CMG-01,packet_loss_pct,0.0423
2026-10-08T08:45:00Z,CMG-01,active_bearers,479307.0
2026-10-08T08:45:00Z,CMG-02,cpu_utilization,31.56
2026-10-08T08:45:00Z,CMG-02,memory_utilization,43.9
2026-10-08T08:45:00Z,CMG-02,bgp_session_state,1.0
2026-10-08T08:45:00Z,CMG-02,throughput_gbps,116.92
2026-10-08T08:45:00Z,CMG-02,packet_loss_pct,0.0101
2026-10-08T08:45:00Z,CMG-02,active_bearers,477238.0
2026-10-08T08:45:00Z,CMG-03,cpu_utilization,18.04
2026-10-08T08:45:00Z,CMG-03,memory_utilization,46.87
2026-10-08T08:45:00Z,CMG-03,bgp_session_state,1.0
2026-10-08T08:45:00Z,CMG-03,throughput_gbps,89.04
2026-10-08T08:45:00Z,CMG-03,packet_loss_pct,0.0286
2026-10-08T08:45:00Z,CMG-03,active_bearers,456256.0
2026-10-08T08:45:00Z,UPF-01,cpu_utilization,32.31
2026-10-08T08:45:00Z,UPF-01,memory_utilization,36.53
2026-10-08T08:45:00Z,UPF-01,bgp_session_state,1.0
2026-10-08T08:45:00Z,UPF-01,throughput_gbps,85.44
2026-10-08T08:45:00Z,UPF-01,packet_loss_pct,0.0314
2026-10-08T08:45:00Z,UPF-01,active_bearers,498703.0
2026-10-08T08:45:00Z,UPF-02,cpu_utilization,24.27
2026-10-08T08:45:00Z,UPF-02,memory_utilization,40.93
2026-10-08T08:45:00Z,UPF-02,bgp_session_state,1.0
2026-10-08T08:45:00Z,UPF-02,throughput_gbps,93.22
2026-10-08T08:45:00Z,UPF-02,packet_loss_pct,0.0146
2026-10-08T08:45:00Z,UPF-02,active_bearers,542563.0
2026-10-08T08:50:00Z,CMG-01,cpu_utilization,28.8
2026-10-08T08:50:00Z,CMG-01,memory_utilization,35.55
2026-10-08T08:50:00Z,CMG-01,bgp_session_state,1.0
2026-10-08T08:50:00Z,CMG-01,throughput_gbps,103.71
2026-10-08T08:50:00Z,CMG-01,packet_loss_pct,0.0016
2026-10-08T08:50:00Z,CMG-01,active_bearers,503884.0
2026-10-08T08:50:00Z,CMG-02,cpu_utilization,24.72
2026-10-08T08:50:00Z,CMG-02,memory_utilization,31.13
2026-10-08T08:50:00Z,CMG-02,bgp_session_state,1.0
2026-10-08T08:50:00Z,CMG-02,throughput_gbps,108.34
2026-10-08T08:50:00Z,CMG-02,packet_loss_pct,0.046
2026-10-08T08:50:00Z,CMG-02,active_bearers,462560.0
2026-10-08T08:50:00Z,CMG-03,cpu_utilization,17.97
2026-10-08T08:50:00Z,CMG-03,memory_utilization,31.33
2026-10-08T08:50:00Z,CMG-03,bgp_session_state,1.0
2026-10-08T08:50:00Z,CMG-03,throughput_gbps,119.71
2026-10-08T08:50:00Z,CMG-03,packet_loss_pct,0.0364
2026-10-08T08:50:00Z,CMG-03,active_bearers,503357.0
2026-10-08T08:50:00Z,UPF-01,cpu_utilization,18.44
2026-10-08T08:50:00Z,UPF-01,memory_utilization,45.35
2026-10-08T08:50:00Z,UPF-01,bgp_session_state,1.0
2026-10-08T08:50:00Z,UPF-01,throughput_gbps,84.55
2026-10-08T08:50:00Z,UPF-01,packet_loss_pct,0.0365
2026-10-08T08:50:00Z,UPF-01,active_bearers,543001.0
2026-10-08T08:50:00Z,UPF-02,cpu_utilization,16.03
2026-10-08T08:50:00Z,UPF-02,memory_utilization,30.0
2026-10-08T08:50:00Z,UPF-02,bgp_session_state,1.0
2026-10-08T08:50:00Z,UPF-02,throughput_gbps,82.33
2026-10-08T08:50:00Z,UPF-02,packet_loss_pct,0.0451
2026-10-08T08:50:00Z,UPF-02,active_bearers,474019.0
2026-10-08T08:55:00Z,CMG-01,cpu_utilization,16.23
2026-10-08T08:55:00Z,CMG-01,memory_utilization,40.83
2026-10-08T08:55:00Z,CMG-01,bgp_session_state,1.0
2026-10-08T08:55:00Z,CMG-01,throughput_gbps,88.32
2026-10-08T08:55:00Z,CMG-01,packet_loss_pct,0.0457
2026-10-08T08:55:00Z,CMG-01,active_bearers,539483.0
2026-10-08T08:55:00Z,CMG-02,cpu_utilization,21.64
2026-10-08T08:55:00Z,CMG-02,memory_utilization,47.43
2026-10-08T08:55:00Z,CMG-02,bgp_session_state,1.0
2026-10-08T08:55:00Z,CMG-02,throughput_gbps,104.2
2026-10-08T08:55:00Z,CMG-02,packet_loss_pct,0.0311
2026-10-08T08:55:00Z,CMG-02,active_bearers,520465.0
2026-10-08T08:55:00Z,CMG-03,cpu_utilization,34.9
2026-10-08T08:55:00Z,CMG-03,memory_utilization,39.49
2026-10-08T08:55:00Z,CMG-03,bgp_session_state,1.0
2026-10-08T08:55:00Z,CMG-03,throughput_gbps,84.92
2026-10-08T08:55:00Z,CMG-03,packet_loss_pct,0.0066
2026-10-08T08:55:00Z,CMG-03,active_bearers,480623.0
2026-10-08T08:55:00Z,UPF-01,cpu_utilization,29.45
2026-10-08T08:55:00Z,UPF-01,memory_utilization,41.56
2026-10-08T08:55:00Z,UPF-01,bgp_session_state,1.0
2026-10-08T08:55:00Z,UPF-01,throughput_gbps,116.24
2026-10-08T08:55:00Z,UPF-01,packet_loss_pct,0.0412
2026-10-08T08:55:00Z,UPF-01,active_bearers,488225.0
2026-10-08T08:55:00Z,UPF-02,cpu_utilization,33.83
2026-10-08T08:55:00Z,UPF-02,memory_utilization,40.42
2026-10-08T08:55:00Z,UPF-02,bgp_session_state,1.0
2026-10-08T08:55:00Z,UPF-02,throughput_gbps,114.44
2026-10-08T08:55:00Z,UPF-02,packet_loss_pct,0.0115
2026-10-08T08:55:00Z,UPF-02,active_bearers,466079.0
2026-10-08T09:00:00Z,CMG-01,cpu_utilization,31.3
2026-10-08T09:00:00Z,CMG-01,memory_utilization,41.46
2026-10-08T09:00:00Z,CMG-01,bgp_session_state,1.0
2026-10-08T09:00:00Z,CMG-01,throughput_gbps,99.25
2026-10-08T09:00:00Z,CMG-01,packet_loss_pct,0.032
2026-10-08T09:00:00Z,CMG-01,active_bearers,451654.0
2026-10-08T09:00:00Z,CMG-02,cpu_utilization,20.43
2026-10-08T09:00:00Z,CMG-02,memory_utilization,32.84
2026-10-08T09:00:00Z,CMG-02,bgp_session_state,1.0
2026-10-08T09:00:00Z,CMG-02,throughput_gbps,104.16
2026-10-08T09:00:00Z,CMG-02,packet_loss_pct,0.0451
2026-10-08T09:00:00Z,CMG-02,active_bearers,460383.0
2026-10-08T09:00:00Z,CMG-03,cpu_utilization,25.19
2026-10-08T09:00:00Z,CMG-03,memory_utilization,40.42
2026-10-08T09:00:00Z,CMG-03,bgp_session_state,1.0
2026-10-08T09:00:00Z,CMG-03,throughput_gbps,96.13
2026-10-08T09:00:00Z,CMG-03,packet_loss_pct,0.0156
2026-10-08T09:00:00Z,CMG-03,active_bearers,489670.0
2026-10-08T09:00:00Z,UPF-01,cpu_utilization,15.71
2026-10-08T09:00:00Z,UPF-01,memory_utilization,44.41
2026-10-08T09:00:00Z,UPF-01,bgp_session_state,1.0
2026-10-08T09:00:00Z,UPF-01,throughput_gbps,108.79
2026-10-08T09:00:00Z,UPF-01,packet_loss_pct,0.0454
2026-10-08T09:00:00Z,UPF-01,active_bearers,535821.0
2026-10-08T09:00:00Z,UPF-02,cpu_utilization,21.56
2026-10-08T09:00:00Z,UPF-02,memory_utilization,46.13
2026-10-08T09:00:00Z,UPF-02,bgp_session_state,1.0
2026-10-08T09:00:00Z,UPF-02,throughput_gbps,118.32
2026-10-08T09:00:00Z,UPF-02,packet_loss_pct,0.0194
2026-10-08T09:00:00Z,UPF-02,active_bearers,484508.0
2026-10-08T09:05:00Z,CMG-01,cpu_utilization,26.92
2026-10-08T09:05:00Z,CMG-01,memory_utilization,40.9
2026-10-08T09:05:00Z,CMG-01,bgp_session_state,1.0
2026-10-08T09:05:00Z,CMG-01,throughput_gbps,92.54
2026-10-08T09:05:00Z,CMG-01,packet_loss_pct,0.0416
2026-10-08T09:05:00Z,CMG-01,active_bearers,530841.0
2026-10-08T09:05:00Z,CMG-02,cpu_utilization,21.07
2026-10-08T09:05:00Z,CMG-02,memory_utilization,45.89
2026-10-08T09:05:00Z,CMG-02,bgp_session_state,1.0
2026-10-08T09:05:00Z,CMG-02,throughput_gbps,94.05
2026-10-08T09:05:00Z,CMG-02,packet_loss_pct,0.0323
2026-10-08T09:05:00Z,CMG-02,active_bearers,479819.0
2026-10-08T09:05:00Z,CMG-03,cpu_utilization,30.76
2026-10-08T09:05:00Z,CMG-03,memory_utilization,38.46
2026-10-08T09:05:00Z,CMG-03,bgp_session_state,1.0
2026-10-08T09:05:00Z,CMG-03,throughput_gbps,103.8
2026-10-08T09:05:00Z,CMG-03,packet_loss_pct,0.0369
2026-10-08T09:05:00Z,CMG-03,active_bearers,461899.0
2026-10-08T09:05:00Z,UPF-01,cpu_utilization,32.83
2026-10-08T09:05:00Z,UPF-01,memory_utilization,35.77
2026-10-08T09:05:00Z,UPF-01,bgp_session_state,1.0
2026-10-08T09:05:00Z,UPF-01,throughput_gbps,100.13
2026-10-08T09:05:00Z,UPF-01,packet_loss_pct,0.0372
2026-10-08T09:05:00Z,UPF-01,active_bearers,477590.0
2026-10-08T09:05:00Z,UPF-02,cpu_utilization,20.87
2026-10-08T09:05:00Z,UPF-02,memory_utilization,47.33
2026-10-08T09:05:00Z,UPF-02,bgp_session_state,1.0
2026-10-08T09:05:00Z,UPF-02,throughput_gbps,110.17
2026-10-08T09:05:00Z,UPF-02,packet_loss_pct,0.0425
2026-10-08T09:05:00Z,UPF-02,active_bearers,518717.0
2026-10-08T09:10:00Z,CMG-01,cpu_utilization,24.34
2026-10-08T09:10:00Z,CMG-01,memory_utilization,37.08
2026-10-08T09:10:00Z,CMG-01,bgp_session_state,1.0
2026-10-08T09:10:00Z,CMG-01,throughput_gbps,80.33
2026-10-08T09:10:00Z,CMG-01,packet_loss_pct,0.0318
2026-10-08T09:10:00Z,CMG-01,active_bearers,514367.0
2026-10-08T09:10:00Z,CMG-02,cpu_utilization,26.13
2026-10-08T09:10:00Z,CMG-02,memory_utilization,37.54
2026-10-08T09:10:00Z,CMG-02,bgp_session_state,1.0
2026-10-08T09:10:00Z,CMG-02,throughput_gbps,85.58
2026-10-08T09:10:00Z,CMG-02,packet_loss_pct,0.013
2026-10-08T09:10:00Z,CMG-02,active_bearers,501525.0
2026-10-08T09:10:00Z,CMG-03,cpu_utilization,19.55
2026-10-08T09:10:00Z,CMG-03,memory_utilization,44.55
2026-10-08T09:10:00Z,CMG-03,bgp_session_state,1.0
2026-10-08T09:10:00Z,CMG-03,throughput_gbps,85.13
2026-10-08T09:10:00Z,CMG-03,packet_loss_pct,0.0339
2026-10-08T09:10:00Z,CMG-03,active_bearers,459464.0
2026-10-08T09:10:00Z,UPF-01,cpu_utilization,17.26
2026-10-08T09:10:00Z,UPF-01,memory_utilization,30.28
2026-10-08T09:10:00Z,UPF-01,bgp_session_state,1.0
2026-10-08T09:10:00Z,UPF-01,throughput_gbps,108.16
2026-10-08T09:10:00Z,UPF-01,packet_loss_pct,0.0007
2026-10-08T09:10:00Z,UPF-01,active_bearers,471485.0
2026-10-08T09:10:00Z,UPF-02,cpu_utilization,25.84
2026-10-08T09:10:00Z,UPF-02,memory_utilization,38.62
2026-10-08T09:10:00Z,UPF-02,bgp_session_state,1.0
2026-10-08T09:10:00Z,UPF-02,throughput_gbps,111.19
2026-10-08T09:10:00Z,UPF-02,packet_loss_pct,0.0337
2026-10-08T09:10:00Z,UPF-02,active_bearers,536335.0
2026-10-08T09:15:00Z,CMG-01,cpu_utilization,23.93
2026-10-08T09:15:00Z,CMG-01,memory_utilization,33.95
2026-10-08T09:15:00Z,CMG-01,bgp_session_state,1.0
2026-10-08T09:15:00Z,CMG-01,throughput_gbps,118.92
2026-10-08T09:15:00Z,CMG-01,packet_loss_pct,0.0031
2026-10-08T09:15:00Z,CMG-01,active_bearers,484779.0
2026-10-08T09:15:00Z,CMG-02,cpu_utilization,32.11
2026-10-08T09:15:00Z,CMG-02,memory_utilization,40.26
2026-10-08T09:15:00Z,CMG-02,bgp_session_state,1.0
2026-10-08T09:15:00Z,CMG-02,throughput_gbps,98.35
2026-10-08T09:15:00Z,CMG-02,packet_loss_pct,0.03
2026-10-08T09:15:00Z,CMG-02,active_bearers,505005.0
2026-10-08T09:15:00Z,CMG-03,cpu_utilization,19.68
2026-10-08T09:15:00Z,CMG-03,memory_utilization,42.55
2026-10-08T09:15:00Z,CMG-03,bgp_session_state,1.0
2026-10-08T09:15:00Z,CMG-03,throughput_gbps,82.08
2026-10-08T09:15:00Z,CMG-03,packet_loss_pct,0.0182
2026-10-08T09:15:00Z,CMG-03,active_bearers,516319.0
2026-10-08T09:15:00Z,UPF-01,cpu_utilization,32.67
2026-10-08T09:15:00Z,UPF-01,memory_utilization,44.55
2026-10-08T09:15:00Z,UPF-01,bgp_session_state,1.0
2026-10-08T09:15:00Z,UPF-01,throughput_gbps,96.3
2026-10-08T09:15:00Z,UPF-01,packet_loss_pct,0.021
2026-10-08T09:15:00Z,UPF-01,active_bearers,492077.0
2026-10-08T09:15:00Z,UPF-02,cpu_utilization,23.14
2026-10-08T09:15:00Z,UPF-02,memory_utilization,49.96
2026-10-08T09:15:00Z,UPF-02,bgp_session_state,1.0
2026-10-08T09:15:00Z,UPF-02,throughput_gbps,83.18
2026-10-08T09:15:00Z,UPF-02,packet_loss_pct,0.0176
2026-10-08T09:15:00Z,UPF-02,active_bearers,549491.0
2026-10-08T09:20:00Z,CMG-01,cpu_utilization,16.42
2026-10-08T09:20:00Z,CMG-01,memory_utilization,42.26
2026-10-08T09:20:00Z,CMG-01,bgp_session_state,1.0
2026-10-08T09:20:00Z,CMG-01,throughput_gbps,80.84
2026-10-08T09:20:00Z,CMG-01,packet_loss_pct,0.0467
2026-10-08T09:20:00Z,CMG-01,active_bearers,536370.0
2026-10-08T09:20:00Z,CMG-02,cpu_utilization,25.4
2026-10-08T09:20:00Z,CMG-02,memory_utilization,49.87
2026-10-08T09:20:00Z,CMG-02,bgp_session_state,1.0
2026-10-08T09:20:00Z,CMG-02,throughput_gbps,111.3
2026-10-08T09:20:00Z,CMG-02,packet_loss_pct,0.0149
2026-10-08T09:20:00Z,CMG-02,active_bearers,529998.0
2026-10-08T09:20:00Z,CMG-03,cpu_utilization,19.84
2026-10-08T09:20:00Z,CMG-03,memory_utilization,42.84
2026-10-08T09:20:00Z,CMG-03,bgp_session_state,1.0
2026-10-08T09:20:00Z,CMG-03,throughput_gbps,119.48
2026-10-08T09:20:00Z,CMG-03,packet_loss_pct,0.0368
2026-10-08T09:20:00Z,CMG-03,active_bearers,487724.0
2026-10-08T09:20:00Z,UPF-01,cpu_utilization,27.32
2026-10-08T09:20:00Z,UPF-01,memory_utilization,36.74
2026-10-08T09:20:00Z,UPF-01,bgp_session_state,1.0
2026-10-08T09:20:00Z,UPF-01,throughput_gbps,106.38
2026-10-08T09:20:00Z,UPF-01,packet_loss_pct,0.0097
2026-10-08T09:20:00Z,UPF-01,active_bearers,487189.0
2026-10-08T09:20:00Z,UPF-02,cpu_utilization,22.98
2026-10-08T09:20:00Z,UPF-02,memory_utilization,35.45
2026-10-08T09:20:00Z,UPF-02,bgp_session_state,1.0
2026-10-08T09:20:00Z,UPF-02,throughput_gbps,98.65
2026-10-08T09:20:00Z,UPF-02,packet_loss_pct,0.0079
2026-10-08T09:20:00Z,UPF-02,active_bearers,539604.0
2026-10-08T09:25:00Z,CMG-01,cpu_utilization,30.06
2026-10-08T09:25:00Z,CMG-01,memory_utilization,40.98
2026-10-08T09:25:00Z,CMG-01,bgp_session_state,1.0
2026-10-08T09:25:00Z,CMG-01,throughput_gbps,102.49
2026-10-08T09:25:00Z,CMG-01,packet_loss_pct,0.017
2026-10-08T09:25:00Z,CMG-01,active_bearers,488580.0
2026-10-08T09:25:00Z,CMG-02,cpu_utilization,18.19
2026-10-08T09:25:00Z,CMG-02,memory_utilization,36.65
2026-10-08T09:25:00Z,CMG-02,bgp_session_state,1.0
2026-10-08T09:25:00Z,CMG-02,throughput_gbps,87.58
2026-10-08T09:25:00Z,CMG-02,packet_loss_pct,0.0085
2026-10-08T09:25:00Z,CMG-02,active_bearers,489656.0
2026-10-08T09:25:00Z,CMG-03,cpu_utilization,23.68
2026-10-08T09:25:00Z,CMG-03,memory_utilization,41.98
2026-10-08T09:25:00Z,CMG-03,bgp_session_state,1.0
2026-10-08T09:25:00Z,CMG-03,throughput_gbps,90.01
2026-10-08T09:25:00Z,CMG-03,packet_loss_pct,0.0293
2026-10-08T09:25:00Z,CMG-03,active_bearers,516395.0
2026-10-08T09:25:00Z,UPF-01,cpu_utilization,22.07
2026-10-08T09:25:00Z,UPF-01,memory_utilization,39.31
2026-10-08T09:25:00Z,UPF-01,bgp_session_state,1.0
2026-10-08T09:25:00Z,UPF-01,throughput_gbps,112.48
2026-10-08T09:25:00Z,UPF-01,packet_loss_pct,0.0176
2026-10-08T09:25:00Z,UPF-01,active_bearers,484842.0
2026-10-08T09:25:00Z,UPF-02,cpu_utilization,30.97
2026-10-08T09:25:00Z,UPF-02,memory_utilization,48.06
2026-10-08T09:25:00Z,UPF-02,bgp_session_state,1.0
2026-10-08T09:25:00Z,UPF-02,throughput_gbps,93.9
2026-10-08T09:25:00Z,UPF-02,packet_loss_pct,0.0425
2026-10-08T09:25:00Z,UPF-02,active_bearers,524641.0
2026-10-08T09:30:00Z,CMG-01,cpu_utilization,19.89
2026-10-08T09:30:00Z,CMG-01,memory_utilization,36.21
2026-10-08T09:30:00Z,CMG-01,bgp_session_state,1.0
2026-10-08T09:30:00Z,CMG-01,throughput_gbps,107.64
2026-10-08T09:30:00Z,CMG-01,packet_loss_pct,0.0142
2026-10-08T09:30:00Z,CMG-01,active_bearers,495327.0
2026-10-08T09:30:00Z,CMG-02,cpu_utilization,31.82
2026-10-08T09:30:00Z,CMG-02,memory_utilization,33.53
2026-10-08T09:30:00Z,CMG-02,bgp_session_state,1.0
2026-10-08T09:30:00Z,CMG-02,throughput_gbps,95.05
2026-10-08T09:30:00Z,CMG-02,packet_loss_pct,0.0376
2026-10-08T09:30:00Z,CMG-02,active_bearers,510283.0
2026-10-08T09:30:00Z,CMG-03,cpu_utilization,33.66
2026-10-08T09:30:00Z,CMG-03,memory_utilization,37.7
2026-10-08T09:30:00Z,CMG-03,bgp_session_state,1.0
2026-10-08T09:30:00Z,CMG-03,throughput_gbps,115.68
2026-10-08T09:30:00Z,CMG-03,packet_loss_pct,0.016
2026-10-08T09:30:00Z,CMG-03,active_bearers,498811.0
2026-10-08T09:30:00Z,UPF-01,cpu_utilization,32.25
2026-10-08T09:30:00Z,UPF-01,memory_utilization,37.17
2026-10-08T09:30:00Z,UPF-01,bgp_session_state,1.0
2026-10-08T09:30:00Z,UPF-01,throughput_gbps,113.75
2026-10-08T09:30:00Z,UPF-01,packet_loss_pct,0.0017
2026-10-08T09:30:00Z,UPF-01,active_bearers,541648.0
2026-10-08T09:30:00Z,UPF-02,cpu_utilization,30.37
2026-10-08T09:30:00Z,UPF-02,memory_utilization,33.48
2026-10-08T09:30:00Z,UPF-02,bgp_session_state,1.0
2026-10-08T09:30:00Z,UPF-02,throughput_gbps,85.76
2026-10-08T09:30:00Z,UPF-02,packet_loss_pct,0.0291
2026-10-08T09:30:00Z,UPF-02,active_bearers,467875.0
2026-10-08T09:35:00Z,CMG-01,cpu_utilization,30.76
2026-10-08T09:35:00Z,CMG-01,memory_utilization,35.95
2026-10-08T09:35:00Z,CMG-01,bgp_session_state,1.0
2026-10-08T09:35:00Z,CMG-01,throughput_gbps,108.74
2026-10-08T09:35:00Z,CMG-01,packet_loss_pct,0.0066
2026-10-08T09:35:00Z,CMG-01,active_bearers,499875.0
2026-10-08T09:35:00Z,CMG-02,cpu_utilization,32.64
2026-10-08T09:35:00Z,CMG-02,memory_utilization,39.89
2026-10-08T09:35:00Z,CMG-02,bgp_session_state,1.0
2026-10-08T09:35:00Z,CMG-02,throughput_gbps,96.45
2026-10-08T09:35:00Z,CMG-02,packet_loss_pct,0.0298
2026-10-08T09:35:00Z,CMG-02,active_bearers,480065.0
2026-10-08T09:35:00Z,CMG-03,cpu_utilization,15.11
2026-10-08T09:35:00Z,CMG-03,memory_utilization,32.73
2026-10-08T09:35:00Z,CMG-03,bgp_session_state,1.0
2026-10-08T09:35:00Z,CMG-03,throughput_gbps,81.5
2026-10-08T09:35:00Z,CMG-03,packet_loss_pct,0.0033
2026-10-08T09:35:00Z,CMG-03,active_bearers,458851.0
2026-10-08T09:35:00Z,UPF-01,cpu_utilization,25.92
2026-10-08T09:35:00Z,UPF-01,memory_utilization,45.8
2026-10-08T09:35:00Z,UPF-01,bgp_session_state,1.0
2026-10-08T09:35:00Z,UPF-01,throughput_gbps,85.48
2026-10-08T09:35:00Z,UPF-01,packet_loss_pct,0.0363
2026-10-08T09:35:00Z,UPF-01,active_bearers,544438.0
2026-10-08T09:35:00Z,UPF-02,cpu_utilization,21.44
2026-10-08T09:35:00Z,UPF-02,memory_utilization,41.0
2026-10-08T09:35:00Z,UPF-02,bgp_session_state,1.0
2026-10-08T09:35:00Z,UPF-02,throughput_gbps,83.08
2026-10-08T09:35:00Z,UPF-02,packet_loss_pct,0.0324
2026-10-08T09:35:00Z,UPF-02,active_bearers,463074.0
2026-10-08T09:40:00Z,CMG-01,cpu_utilization,22.53
2026-10-08T09:40:00Z,CMG-01,memory_utilization,30.18
2026-10-08T09:40:00Z,CMG-01,bgp_session_state,1.0
2026-10-08T09:40:00Z,CMG-01,throughput_gbps,94.63
2026-10-08T09:40:00Z,CMG-01,packet_loss_pct,0.0302
2026-10-08T09:40:00Z,CMG-01,active_bearers,474404.0
2026-10-08T09:40:00Z,CMG-02,cpu_utilization,22.3
2026-10-08T09:40:00Z,CMG-02,memory_utilization,49.56
2026-10-08T09:40:00Z,CMG-02,bgp_session_state,1.0
2026-10-08T09:40:00Z,CMG-02,throughput_gbps,118.25
2026-10-08T09:40:00Z,CMG-02,packet_loss_pct,0.0071
2026-10-08T09:40:00Z,CMG-02,active_bearers,531093.0
2026-10-08T09:40:00Z,CMG-03,cpu_utilization,21.7
2026-10-08T09:40:00Z,CMG-03,memory_utilization,30.42
2026-10-08T09:40:00Z,CMG-03,bgp_session_state,1.0
2026-10-08T09:40:00Z,CMG-03,throughput_gbps,96.45
2026-10-08T09:40:00Z,CMG-03,packet_loss_pct,0.0302
2026-10-08T09:40:00Z,CMG-03,active_bearers,546007.0
2026-10-08T09:40:00Z,UPF-01,cpu_utilization,19.95
2026-10-08T09:40:00Z,UPF-01,memory_utilization,39.13
2026-10-08T09:40:00Z,UPF-01,bgp_session_state,1.0
2026-10-08T09:40:00Z,UPF-01,throughput_gbps,102.52
2026-10-08T09:40:00Z,UPF-01,packet_loss_pct,0.0275
2026-10-08T09:40:00Z,UPF-01,active_bearers,504985.0
2026-10-08T09:40:00Z,UPF-02,cpu_utilization,34.94
2026-10-08T09:40:00Z,UPF-02,memory_utilization,32.57
2026-10-08T09:40:00Z,UPF-02,bgp_session_state,1.0
2026-10-08T09:40:00Z,UPF-02,throughput_gbps,114.75
2026-10-08T09:40:00Z,UPF-02,packet_loss_pct,0.031
2026-10-08T09:40:00Z,UPF-02,active_bearers,520843.0
2026-10-08T09:45:00Z,CMG-01,cpu_utilization,25.11
2026-10-08T09:45:00Z,CMG-01,memory_utilization,48.98
2026-10-08T09:45:00Z,CMG-01,bgp_session_state,1.0
2026-10-08T09:45:00Z,CMG-01,throughput_gbps,117.01
2026-10-08T09:45:00Z,CMG-01,packet_loss_pct,0.0421
2026-10-08T09:45:00Z,CMG-01,active_bearers,470392.0
2026-10-08T09:45:00Z,CMG-02,cpu_utilization,21.56
2026-10-08T09:45:00Z,CMG-02,memory_utilization,36.18
2026-10-08T09:45:00Z,CMG-02,bgp_session_state,1.0
2026-10-08T09:45:00Z,CMG-02,throughput_gbps,104.09
2026-10-08T09:45:00Z,CMG-02,packet_loss_pct,0.0005
2026-10-08T09:45:00Z,CMG-02,active_bearers,492471.0
2026-10-08T09:45:00Z,CMG-03,cpu_utilization,27.48
2026-10-08T09:45:00Z,CMG-03,memory_utilization,41.7
2026-10-08T09:45:00Z,CMG-03,bgp_session_state,1.0
2026-10-08T09:45:00Z,CMG-03,throughput_gbps,100.06
2026-10-08T09:45:00Z,CMG-03,packet_loss_pct,0.0014
2026-10-08T09:45:00Z,CMG-03,active_bearers,456244.0
2026-10-08T09:45:00Z,UPF-01,cpu_utilization,15.03
2026-10-08T09:45:00Z,UPF-01,memory_utilization,37.96
2026-10-08T09:45:00Z,UPF-01,bgp_session_state,1.0
2026-10-08T09:45:00Z,UPF-01,throughput_gbps,99.51
2026-10-08T09:45:00Z,UPF-01,packet_loss_pct,0.0246
2026-10-08T09:45:00Z,UPF-01,active_bearers,501376.0
2026-10-08T09:45:00Z,UPF-02,cpu_utilization,28.56
2026-10-08T09:45:00Z,UPF-02,memory_utilization,35.62
2026-10-08T09:45:00Z,UPF-02,bgp_session_state,1.0
2026-10-08T09:45:00Z,UPF-02,throughput_gbps,84.15
2026-10-08T09:45:00Z,UPF-02,packet_loss_pct,0.0244
2026-10-08T09:45:00Z,UPF-02,active_bearers,498710.0
2026-10-08T09:50:00Z,CMG-01,cpu_utilization,20.43
2026-10-08T09:50:00Z,CMG-01,memory_utilization,43.3
2026-10-08T09:50:00Z,CMG-01,bgp_session_state,1.0
2026-10-08T09:50:00Z,CMG-01,throughput_gbps,96.64
2026-10-08T09:50:00Z,CMG-01,packet_loss_pct,0.0372
2026-10-08T09:50:00Z,CMG-01,active_bearers,491580.0
2026-10-08T09:50:00Z,CMG-02,cpu_utilization,28.36
2026-10-08T09:50:00Z,CMG-02,memory_utilization,43.48
2026-10-08T09:50:00Z,CMG-02,bgp_session_state,1.0
2026-10-08T09:50:00Z,CMG-02,throughput_gbps,100.65
2026-10-08T09:50:00Z,CMG-02,packet_loss_pct,0.0063
2026-10-08T09:50:00Z,CMG-02,active_bearers,514609.0
2026-10-08T09:50:00Z,CMG-03,cpu_utilization,19.19
2026-10-08T09:50:00Z,CMG-03,memory_utilization,48.88
2026-10-08T09:50:00Z,CMG-03,bgp_session_state,1.0
2026-10-08T09:50:00Z,CMG-03,throughput_gbps,83.33
2026-10-08T09:50:00Z,CMG-03,packet_loss_pct,0.0364
2026-10-08T09:50:00Z,CMG-03,active_bearers,458085.0
2026-10-08T09:50:00Z,UPF-01,cpu_utilization,19.1
2026-10-08T09:50:00Z,UPF-01,memory_utilization,44.05
2026-10-08T09:50:00Z,UPF-01,bgp_session_state,1.0
2026-10-08T09:50:00Z,UPF-01,throughput_gbps,112.09
2026-10-08T09:50:00Z,UPF-01,packet_loss_pct,0.0361
2026-10-08T09:50:00Z,UPF-01,active_bearers,459998.0
2026-10-08T09:50:00Z,UPF-02,cpu_utilization,29.28
2026-10-08T09:50:00Z,UPF-02,memory_utilization,41.46
2026-10-08T09:50:00Z,UPF-02,bgp_session_state,1.0
2026-10-08T09:50:00Z,UPF-02,throughput_gbps,91.53
2026-10-08T09:50:00Z,UPF-02,packet_loss_pct,0.0201
2026-10-08T09:50:00Z,UPF-02,active_bearers,467626.0
2026-10-08T09:55:00Z,CMG-01,cpu_utilization,25.61
2026-10-08T09:55:00Z,CMG-01,memory_utilization,34.22
2026-10-08T09:55:00Z,CMG-01,bgp_session_state,1.0
2026-10-08T09:55:00Z,CMG-01,throughput_gbps,116.5
2026-10-08T09:55:00Z,CMG-01,packet_loss_pct,0.0254
2026-10-08T09:55:00Z,CMG-01,active_bearers,479682.0
2026-10-08T09:55:00Z,CMG-02,cpu_utilization,20.77
2026-10-08T09:55:00Z,CMG-02,memory_utilization,30.65
2026-10-08T09:55:00Z,CMG-02,bgp_session_state,1.0
2026-10-08T09:55:00Z,CMG-02,throughput_gbps,116.19
2026-10-08T09:55:00Z,CMG-02,packet_loss_pct,0.0394
2026-10-08T09:55:00Z,CMG-02,active_bearers,542576.0
2026-10-08T09:55:00Z,CMG-03,cpu_utilization,20.48
2026-10-08T09:55:00Z,CMG-03,memory_utilization,33.32
2026-10-08T09:55:00Z,CMG-03,bgp_session_state,1.0
2026-10-08T09:55:00Z,CMG-03,throughput_gbps,82.24
2026-10-08T09:55:00Z,CMG-03,packet_loss_pct,0.0163
2026-10-08T09:55:00Z,CMG-03,active_bearers,531361.0
2026-10-08T09:55:00Z,UPF-01,cpu_utilization,15.46
2026-10-08T09:55:00Z,UPF-01,memory_utilization,32.62
2026-10-08T09:55:00Z,UPF-01,bgp_session_state,1.0
2026-10-08T09:55:00Z,UPF-01,throughput_gbps,82.34
2026-10-08T09:55:00Z,UPF-01,packet_loss_pct,0.0119
2026-10-08T09:55:00Z,UPF-01,active_bearers,475027.0
2026-10-08T09:55:00Z,UPF-02,cpu_utilization,17.89
2026-10-08T09:55:00Z,UPF-02,memory_utilization,40.48
2026-10-08T09:55:00Z,UPF-02,bgp_session_state,1.0
2026-10-08T09:55:00Z,UPF-02,throughput_gbps,117.78
2026-10-08T09:55:00Z,UPF-02,packet_loss_pct,0.0246
2026-10-08T09:55:00Z,UPF-02,active_bearers,468822.0
2026-10-08T10:00:00Z,CMG-01,cpu_utilization,21.11
2026-10-08T10:00:00Z,CMG-01,memory_utilization,46.07
2026-10-08T10:00:00Z,CMG-01,bgp_session_state,1.0
2026-10-08T10:00:00Z,CMG-01,throughput_gbps,102.81
2026-10-08T10:00:00Z,CMG-01,packet_loss_pct,0.0275
2026-10-08T10:00:00Z,CMG-01,active_bearers,502446.0
2026-10-08T10:00:00Z,CMG-02,cpu_utilization,23.76
2026-10-08T10:00:00Z,CMG-02,memory_utilization,37.95
2026-10-08T10:00:00Z,CMG-02,bgp_session_state,0.0
2026-10-08T10:00:00Z,CMG-02,throughput_gbps,18.16
2026-10-08T10:00:00Z,CMG-02,packet_loss_pct,5.5233
2026-10-08T10:00:00Z,CMG-02,active_bearers,472895.0
2026-10-08T10:00:00Z,CMG-03,cpu_utilization,19.06
2026-10-08T10:00:00Z,CMG-03,memory_utilization,34.57
2026-10-08T10:00:00Z,CMG-03,bgp_session_state,1.0
2026-10-08T10:00:00Z,CMG-03,throughput_gbps,10.69
2026-10-08T10:00:00Z,CMG-03,packet_loss_pct,3.9925
2026-10-08T10:00:00Z,CMG-03,active_bearers,484869.0
2026-10-08T10:00:00Z,UPF-01,cpu_utilization,21.73
2026-10-08T10:00:00Z,UPF-01,memory_utilization,47.37
2026-10-08T10:00:00Z,UPF-01,bgp_session_state,1.0
2026-10-08T10:00:00Z,UPF-01,throughput_gbps,100.04
2026-10-08T10:00:00Z,UPF-01,packet_loss_pct,0.0474
2026-10-08T10:00:00Z,UPF-01,active_bearers,502072.0
2026-10-08T10:00:00Z,UPF-02,cpu_utilization,32.29
2026-10-08T10:00:00Z,UPF-02,memory_utilization,47.77
2026-10-08T10:00:00Z,UPF-02,bgp_session_state,1.0
2026-10-08T10:00:00Z,UPF-02,throughput_gbps,91.96
2026-10-08T10:00:00Z,UPF-02,packet_loss_pct,0.0212
2026-10-08T10:00:00Z,UPF-02,active_bearers,493893.0
2026-10-08T10:05:00Z,CMG-01,cpu_utilization,24.67
2026-10-08T10:05:00Z,CMG-01,memory_utilization,39.14
2026-10-08T10:05:00Z,CMG-01,bgp_session_state,1.0
2026-10-08T10:05:00Z,CMG-01,throughput_gbps,118.67
2026-10-08T10:05:00Z,CMG-01,packet_loss_pct,0.0353
2026-10-08T10:05:00Z,CMG-01,active_bearers,488418.0
2026-10-08T10:05:00Z,CMG-02,cpu_utilization,23.8
2026-10-08T10:05:00Z,CMG-02,memory_utilization,40.92
2026-10-08T10:05:00Z,CMG-02,bgp_session_state,0.0
2026-10-08T10:05:00Z,CMG-02,throughput_gbps,19.47
2026-10-08T10:05:00Z,CMG-02,packet_loss_pct,3.7685
2026-10-08T10:05:00Z,CMG-02,active_bearers,468191.0
2026-10-08T10:05:00Z,CMG-03,cpu_utilization,22.7
2026-10-08T10:05:00Z,CMG-03,memory_utilization,43.66
2026-10-08T10:05:00Z,CMG-03,bgp_session_state,1.0
2026-10-08T10:05:00Z,CMG-03,throughput_gbps,19.07
2026-10-08T10:05:00Z,CMG-03,packet_loss_pct,2.5531
2026-10-08T10:05:00Z,CMG-03,active_bearers,522047.0
2026-10-08T10:05:00Z,UPF-01,cpu_utilization,27.23
2026-10-08T10:05:00Z,UPF-01,memory_utilization,30.33
2026-10-08T10:05:00Z,UPF-01,bgp_session_state,1.0
2026-10-08T10:05:00Z,UPF-01,throughput_gbps,98.81
2026-10-08T10:05:00Z,UPF-01,packet_loss_pct,0.0367
2026-10-08T10:05:00Z,UPF-01,active_bearers,539959.0
2026-10-08T10:05:00Z,UPF-02,cpu_utilization,20.16
2026-10-08T10:05:00Z,UPF-02,memory_utilization,33.44
2026-10-08T10:05:00Z,UPF-02,bgp_session_state,1.0
2026-10-08T10:05:00Z,UPF-02,throughput_gbps,114.13
2026-10-08T10:05:00Z,UPF-02,packet_loss_pct,0.009
2026-10-08T10:05:00Z,UPF-02,active_bearers,535957.0
2026-10-08T10:10:00Z,CMG-01,cpu_utilization,30.95
2026-10-08T10:10:00Z,CMG-01,memory_utilization,46.92
2026-10-08T10:10:00Z,CMG-01,bgp_session_state,1.0
2026-10-08T10:10:00Z,CMG-01,throughput_gbps,116.4
2026-10-08T10:10:00Z,CMG-01,packet_loss_pct,0.0397
2026-10-08T10:10:00Z,CMG-01,active_bearers,495542.0
2026-10-08T10:10:00Z,CMG-02,cpu_utilization,31.63
2026-10-08T10:10:00Z,CMG-02,memory_utilization,43.31
2026-10-08T10:10:00Z,CMG-02,bgp_session_state,0.0
2026-10-08T10:10:00Z,CMG-02,throughput_gbps,15.05
2026-10-08T10:10:00Z,CMG-02,packet_loss_pct,5.1865
2026-10-08T10:10:00Z,CMG-02,active_bearers,531869.0
2026-10-08T10:10:00Z,CMG-03,cpu_utilization,31.78
2026-10-08T10:10:00Z,CMG-03,memory_utilization,45.06
2026-10-08T10:10:00Z,CMG-03,bgp_session_state,1.0
2026-10-08T10:10:00Z,CMG-03,throughput_gbps,6.99
2026-10-08T10:10:00Z,CMG-03,packet_loss_pct,6.5265
2026-10-08T10:10:00Z,CMG-03,active_bearers,503163.0
2026-10-08T10:10:00Z,UPF-01,cpu_utilization,29.55
2026-10-08T10:10:00Z,UPF-01,memory_utilization,38.13
2026-10-08T10:10:00Z,UPF-01,bgp_session_state,1.0
2026-10-08T10:10:00Z,UPF-01,throughput_gbps,110.78
2026-10-08T10:10:00Z,UPF-01,packet_loss_pct,0.0026
2026-10-08T10:10:00Z,UPF-01,active_bearers,505072.0
2026-10-08T10:10:00Z,UPF-02,cpu_utilization,21.43
2026-10-08T10:10:00Z,UPF-02,memory_utilization,36.41
2026-10-08T10:10:00Z,UPF-02,bgp_session_state,1.0
2026-10-08T10:10:00Z,UPF-02,throughput_gbps,94.47
2026-10-08T10:10:00Z,UPF-02,packet_loss_pct,0.0046
2026-10-08T10:10:00Z,UPF-02,active_bearers,488029.0
2026-10-08T10:15:00Z,CMG-01,cpu_utilization,33.83
2026-10-08T10:15:00Z,CMG-01,memory_utilization,34.83
2026-10-08T10:15:00Z,CMG-01,bgp_session_state,1.0
2026-10-08T10:15:00Z,CMG-01,throughput_gbps,106.98
2026-10-08T10:15:00Z,CMG-01,packet_loss_pct,0.041
2026-10-08T10:15:00Z,CMG-01,active_bearers,469633.0
2026-10-08T10:15:00Z,CMG-02,cpu_utilization,34.06
2026-10-08T10:15:00Z,CMG-02,memory_utilization,30.45
2026-10-08T10:15:00Z,CMG-02,bgp_session_state,0.0
2026-10-08T10:15:00Z,CMG-02,throughput_gbps,16.71
2026-10-08T10:15:00Z,CMG-02,packet_loss_pct,7.0368
2026-10-08T10:15:00Z,CMG-02,active_bearers,453854.0
2026-10-08T10:15:00Z,CMG-03,cpu_utilization,19.49
2026-10-08T10:15:00Z,CMG-03,memory_utilization,35.77
2026-10-08T10:15:00Z,CMG-03,bgp_session_state,1.0
2026-10-08T10:15:00Z,CMG-03,throughput_gbps,17.03
2026-10-08T10:15:00Z,CMG-03,packet_loss_pct,3.6608
2026-10-08T10:15:00Z,CMG-03,active_bearers,544263.0
2026-10-08T10:15:00Z,UPF-01,cpu_utilization,26.95
2026-10-08T10:15:00Z,UPF-01,memory_utilization,38.78
2026-10-08T10:15:00Z,UPF-01,bgp_session_state,1.0
2026-10-08T10:15:00Z,UPF-01,throughput_gbps,89.41
2026-10-08T10:15:00Z,UPF-01,packet_loss_pct,0.0352
2026-10-08T10:15:00Z,UPF-01,active_bearers,450107.0
2026-10-08T10:15:00Z,UPF-02,cpu_utilization,19.27
2026-10-08T10:15:00Z,UPF-02,memory_utilization,45.93
2026-10-08T10:15:00Z,UPF-02,bgp_session_state,1.0
2026-10-08T10:15:00Z,UPF-02,throughput_gbps,116.25
2026-10-08T10:15:00Z,UPF-02,packet_loss_pct,0.0121
2026-10-08T10:15:00Z,UPF-02,active_bearers,488364.0
2026-10-08T10:20:00Z,CMG-01,cpu_utilization,24.7
2026-10-08T10:20:00Z,CMG-01,memory_utilization,47.23
2026-10-08T10:20:00Z,CMG-01,bgp_session_state,1.0
2026-10-08T10:20:00Z,CMG-01,throughput_gbps,102.64
2026-10-08T10:20:00Z,CMG-01,packet_loss_pct,0.0194
2026-10-08T10:20:00Z,CMG-01,active_bearers,494595.0
2026-10-08T10:20:00Z,CMG-02,cpu_utilization,31.41
2026-10-08T10:20:00Z,CMG-02,memory_utilization,46.91
2026-10-08T10:20:00Z,CMG-02,bgp_session_state,1.0
2026-10-08T10:20:00Z,CMG-02,throughput_gbps,89.72
2026-10-08T10:20:00Z,CMG-02,packet_loss_pct,0.0189
2026-10-08T10:20:00Z,CMG-02,active_bearers,457980.0
2026-10-08T10:20:00Z,CMG-03,cpu_utilization,32.33
2026-10-08T10:20:00Z,CMG-03,memory_utilization,37.52
2026-10-08T10:20:00Z,CMG-03,bgp_session_state,1.0
2026-10-08T10:20:00Z,CMG-03,throughput_gbps,100.97
2026-10-08T10:20:00Z,CMG-03,packet_loss_pct,0.0435
2026-10-08T10:20:00Z,CMG-03,active_bearers,456467.0
2026-10-08T10:20:00Z,UPF-01,cpu_utilization,29.73
2026-10-08T10:20:00Z,UPF-01,memory_utilization,33.7
2026-10-08T10:20:00Z,UPF-01,bgp_session_state,1.0
2026-10-08T10:20:00Z,UPF-01,throughput_gbps,116.71
2026-10-08T10:20:00Z,UPF-01,packet_loss_pct,0.0413
2026-10-08T10:20:00Z,UPF-01,active_bearers,525564.0
2026-10-08T10:20:00Z,UPF-02,cpu_utilization,20.13
2026-10-08T10:20:00Z,UPF-02,memory_utilization,32.21
2026-10-08T10:20:00Z,UPF-02,bgp_session_state,1.0
2026-10-08T10:20:00Z,UPF-02,throughput_gbps,117.15
2026-10-08T10:20:00Z,UPF-02,packet_loss_pct,0.0114
2026-10-08T10:20:00Z,UPF-02,active_bearers,501533.0
2026-10-08T10:25:00Z,CMG-01,cpu_utilization,30.45
2026-10-08T10:25:00Z,CMG-01,memory_utilization,39.26
2026-10-08T10:25:00Z,CMG-01,bgp_session_state,1.0
2026-10-08T10:25:00Z,CMG-01,throughput_gbps,117.3
2026-10-08T10:25:00Z,CMG-01,packet_loss_pct,0.0342
2026-10-08T10:25:00Z,CMG-01,active_bearers,541951.0
2026-10-08T10:25:00Z,CMG-02,cpu_utilization,21.49
2026-10-08T10:25:00Z,CMG-02,memory_utilization,32.46
2026-10-08T10:25:00Z,CMG-02,bgp_session_state,1.0
2026-10-08T10:25:00Z,CMG-02,throughput_gbps,85.17
2026-10-08T10:25:00Z,CMG-02,packet_loss_pct,0.0195
2026-10-08T10:25:00Z,CMG-02,active_bearers,548978.0
2026-10-08T10:25:00Z,CMG-03,cpu_utilization,32.22
2026-10-08T10:25:00Z,CMG-03,memory_utilization,49.92
2026-10-08T10:25:00Z,CMG-03,bgp_session_state,1.0
2026-10-08T10:25:00Z,CMG-03,throughput_gbps,86.67
2026-10-08T10:25:00Z,CMG-03,packet_loss_pct,0.0328
2026-10-08T10:25:00Z,CMG-03,active_bearers,489744.0
2026-10-08T10:25:00Z,UPF-01,cpu_utilization,19.49
2026-10-08T10:25:00Z,UPF-01,memory_utilization,30.9
2026-10-08T10:25:00Z,UPF-01,bgp_session_state,1.0
2026-10-08T10:25:00Z,UPF-01,throughput_gbps,82.71
2026-10-08T10:25:00Z,UPF-01,packet_loss_pct,0.0233
2026-10-08T10:25:00Z,UPF-01,active_bearers,484650.0
2026-10-08T10:25:00Z,UPF-02,cpu_utilization,32.3
2026-10-08T10:25:00Z,UPF-02,memory_utilization,47.12
2026-10-08T10:25:00Z,UPF-02,bgp_session_state,1.0
2026-10-08T10:25:00Z,UPF-02,throughput_gbps,103.52
2026-10-08T10:25:00Z,UPF-02,packet_loss_pct,0.0395
2026-10-08T10:25:00Z,UPF-02,active_bearers,523453.0
2026-10-08T10:30:00Z,CMG-01,cpu_utilization,31.4
2026-10-08T10:30:00Z,CMG-01,memory_utilization,41.22
2026-10-08T10:30:00Z,CMG-01,bgp_session_state,1.0
2026-10-08T10:30:00Z,CMG-01,throughput_gbps,95.41
2026-10-08T10:30:00Z,CMG-01,packet_loss_pct,0.0372
2026-10-08T10:30:00Z,CMG-01,active_bearers,469126.0
2026-10-08T10:30:00Z,CMG-02,cpu_utilization,18.42
2026-10-08T10:30:00Z,CMG-02,memory_utilization,34.7
2026-10-08T10:30:00Z,CMG-02,bgp_session_state,1.0
2026-10-08T10:30:00Z,CMG-02,throughput_gbps,119.04
2026-10-08T10:30:00Z,CMG-02,packet_loss_pct,0.0094
2026-10-08T10:30:00Z,CMG-02,active_bearers,523026.0
2026-10-08T10:30:00Z,CMG-03,cpu_utilization,27.21
2026-10-08T10:30:00Z,CMG-03,memory_utilization,41.01
2026-10-08T10:30:00Z,CMG-03,bgp_session_state,1.0
2026-10-08T10:30:00Z,CMG-03,throughput_gbps,93.29
2026-10-08T10:30:00Z,CMG-03,packet_loss_pct,0.0301
2026-10-08T10:30:00Z,CMG-03,active_bearers,521782.0
2026-10-08T10:30:00Z,UPF-01,cpu_utilization,28.1
2026-10-08T10:30:00Z,UPF-01,memory_utilization,30.47
2026-10-08T10:30:00Z,UPF-01,bgp_session_state,1.0
2026-10-08T10:30:00Z,UPF-01,throughput_gbps,101.53
2026-10-08T10:30:00Z,UPF-01,packet_loss_pct,0.0018
2026-10-08T10:30:00Z,UPF-01,active_bearers,517878.0
2026-10-08T10:30:00Z,UPF-02,cpu_utilization,26.66
2026-10-08T10:30:00Z,UPF-02,memory_utilization,46.97
2026-10-08T10:30:00Z,UPF-02,bgp_session_state,1.0
2026-10-08T10:30:00Z,UPF-02,throughput_gbps,81.62
2026-10-08T10:30:00Z,UPF-02,packet_loss_pct,0.0403
2026-10-08T10:30:00Z,UPF-02,active_bearers,539010.0
2026-10-08T10:35:00Z,CMG-01,cpu_utilization,22.35
2026-10-08T10:35:00Z,CMG-01,memory_utilization,46.28
2026-10-08T10:35:00Z,CMG-01,bgp_session_state,1.0
2026-10-08T10:35:00Z,CMG-01,throughput_gbps,104.38
2026-10-08T10:35:00Z,CMG-01,packet_loss_pct,0.0465
2026-10-08T10:35:00Z,CMG-01,active_bearers,531830.0
2026-10-08T10:35:00Z,CMG-02,cpu_utilization,31.48
2026-10-08T10:35:00Z,CMG-02,memory_utilization,36.52
2026-10-08T10:35:00Z,CMG-02,bgp_session_state,1.0
2026-10-08T10:35:00Z,CMG-02,throughput_gbps,118.45
2026-10-08T10:35:00Z,CMG-02,packet_loss_pct,0.0069
2026-10-08T10:35:00Z,CMG-02,active_bearers,477816.0
2026-10-08T10:35:00Z,CMG-03,cpu_utilization,29.17
2026-10-08T10:35:00Z,CMG-03,memory_utilization,32.04
2026-10-08T10:35:00Z,CMG-03,bgp_session_state,1.0
2026-10-08T10:35:00Z,CMG-03,throughput_gbps,103.77
2026-10-08T10:35:00Z,CMG-03,packet_loss_pct,0.0223
2026-10-08T10:35:00Z,CMG-03,active_bearers,496716.0
2026-10-08T10:35:00Z,UPF-01,cpu_utilization,19.04
2026-10-08T10:35:00Z,UPF-01,memory_utilization,30.43
2026-10-08T10:35:00Z,UPF-01,bgp_session_state,1.0
2026-10-08T10:35:00Z,UPF-01,throughput_gbps,112.28
2026-10-08T10:35:00Z,UPF-01,packet_loss_pct,0.0117
2026-10-08T10:35:00Z,UPF-01,active_bearers,476689.0
2026-10-08T10:35:00Z,UPF-02,cpu_utilization,21.42
2026-10-08T10:35:00Z,UPF-02,memory_utilization,42.45
2026-10-08T10:35:00Z,UPF-02,bgp_session_state,1.0
2026-10-08T10:35:00Z,UPF-02,throughput_gbps,113.09
2026-10-08T10:35:00Z,UPF-02,packet_loss_pct,0.0123
2026-10-08T10:35:00Z,UPF-02,active_bearers,452888.0
2026-10-08T10:40:00Z,CMG-01,cpu_utilization,28.23
2026-10-08T10:40:00Z,CMG-01,memory_utilization,46.48
2026-10-08T10:40:00Z,CMG-01,bgp_session_state,1.0
2026-10-08T10:40:00Z,CMG-01,throughput_gbps,101.33
2026-10-08T10:40:00Z,CMG-01,packet_loss_pct,0.0425
2026-10-08T10:40:00Z,CMG-01,active_bearers,499161.0
2026-10-08T10:40:00Z,CMG-02,cpu_utilization,34.91
2026-10-08T10:40:00Z,CMG-02,memory_utilization,34.36
2026-10-08T10:40:00Z,CMG-02,bgp_session_state,1.0
2026-10-08T10:40:00Z,CMG-02,throughput_gbps,84.03
2026-10-08T10:40:00Z,CMG-02,packet_loss_pct,0.0219
2026-10-08T10:40:00Z,CMG-02,active_bearers,528429.0
2026-10-08T10:40:00Z,CMG-03,cpu_utilization,33.07
2026-10-08T10:40:00Z,CMG-03,memory_utilization,47.95
2026-10-08T10:40:00Z,CMG-03,bgp_session_state,1.0
2026-10-08T10:40:00Z,CMG-03,throughput_gbps,85.12
2026-10-08T10:40:00Z,CMG-03,packet_loss_pct,0.0441
2026-10-08T10:40:00Z,CMG-03,active_bearers,540499.0
2026-10-08T10:40:00Z,UPF-01,cpu_utilization,20.68
2026-10-08T10:40:00Z,UPF-01,memory_utilization,32.46
2026-10-08T10:40:00Z,UPF-01,bgp_session_state,1.0
2026-10-08T10:40:00Z,UPF-01,throughput_gbps,110.22
2026-10-08T10:40:00Z,UPF-01,packet_loss_pct,0.0449
2026-10-08T10:40:00Z,UPF-01,active_bearers,523485.0
2026-10-08T10:40:00Z,UPF-02,cpu_utilization,18.68
2026-10-08T10:40:00Z,UPF-02,memory_utilization,47.15
2026-10-08T10:40:00Z,UPF-02,bgp_session_state,1.0
2026-10-08T10:40:00Z,UPF-02,throughput_gbps,112.45
2026-10-08T10:40:00Z,UPF-02,packet_loss_pct,0.0397
2026-10-08T10:40:00Z,UPF-02,active_bearers,467288.0
2026-10-08T10:45:00Z,CMG-01,cpu_utilization,20.1
2026-10-08T10:45:00Z,CMG-01,memory_utilization,36.26
2026-10-08T10:45:00Z,CMG-01,bgp_session_state,1.0
2026-10-08T10:45:00Z,CMG-01,throughput_gbps,89.86
2026-10-08T10:45:00Z,CMG-01,packet_loss_pct,0.0253
2026-10-08T10:45:00Z,CMG-01,active_bearers,519187.0
2026-10-08T10:45:00Z,CMG-02,cpu_utilization,30.83
2026-10-08T10:45:00Z,CMG-02,memory_utilization,48.48
2026-10-08T10:45:00Z,CMG-02,bgp_session_state,1.0
2026-10-08T10:45:00Z,CMG-02,throughput_gbps,88.78
2026-10-08T10:45:00Z,CMG-02,packet_loss_pct,0.0394
2026-10-08T10:45:00Z,CMG-02,active_bearers,480670.0
2026-10-08T10:45:00Z,CMG-03,cpu_utilization,21.29
2026-10-08T10:45:00Z,CMG-03,memory_utilization,33.54
2026-10-08T10:45:00Z,CMG-03,bgp_session_state,1.0
2026-10-08T10:45:00Z,CMG-03,throughput_gbps,109.12
2026-10-08T10:45:00Z,CMG-03,packet_loss_pct,0.0139
2026-10-08T10:45:00Z,CMG-03,active_bearers,537838.0
2026-10-08T10:45:00Z,UPF-01,cpu_utilization,27.49
2026-10-08T10:45:00Z,UPF-01,memory_utilization,49.05
2026-10-08T10:45:00Z,UPF-01,bgp_session_state,1.0
2026-10-08T10:45:00Z,UPF-01,throughput_gbps,107.07
2026-10-08T10:45:00Z,UPF-01,packet_loss_pct,0.0051
2026-10-08T10:45:00Z,UPF-01,active_bearers,472396.0
2026-10-08T10:45:00Z,UPF-02,cpu_utilization,16.95
2026-10-08T10:45:00Z,UPF-02,memory_utilization,48.41
2026-10-08T10:45:00Z,UPF-02,bgp_session_state,1.0
2026-10-08T10:45:00Z,UPF-02,throughput_gbps,100.85
2026-10-08T10:45:00Z,UPF-02,packet_loss_pct,0.0448
2026-10-08T10:45:00Z,UPF-02,active_bearers,491669.0
2026-10-08T10:50:00Z,CMG-01,cpu_utilization,26.84
2026-10-08T10:50:00Z,CMG-01,memory_utilization,40.65
2026-10-08T10:50:00Z,CMG-01,bgp_session_state,1.0
2026-10-08T10:50:00Z,CMG-01,throughput_gbps,91.84
2026-10-08T10:50:00Z,CMG-01,packet_loss_pct,0.0222
2026-10-08T10:50:00Z,CMG-01,active_bearers,503613.0
2026-10-08T10:50:00Z,CMG-02,cpu_utilization,21.21
2026-10-08T10:50:00Z,CMG-02,memory_utilization,30.05
2026-10-08T10:50:00Z,CMG-02,bgp_session_state,1.0
2026-10-08T10:50:00Z,CMG-02,throughput_gbps,95.03
2026-10-08T10:50:00Z,CMG-02,packet_loss_pct,0.0229
2026-10-08T10:50:00Z,CMG-02,active_bearers,523242.0
2026-10-08T10:50:00Z,CMG-03,cpu_utilization,20.46
2026-10-08T10:50:00Z,CMG-03,memory_utilization,34.89
2026-10-08T10:50:00Z,CMG-03,bgp_session_state,1.0
2026-10-08T10:50:00Z,CMG-03,throughput_gbps,104.78
2026-10-08T10:50:00Z,CMG-03,packet_loss_pct,0.0435
2026-10-08T10:50:00Z,CMG-03,active_bearers,510028.0
2026-10-08T10:50:00Z,UPF-01,cpu_utilization,15.4
2026-10-08T10:50:00Z,UPF-01,memory_utilization,42.12
2026-10-08T10:50:00Z,UPF-01,bgp_session_state,1.0
2026-10-08T10:50:00Z,UPF-01,throughput_gbps,102.07
2026-10-08T10:50:00Z,UPF-01,packet_loss_pct,0.0293
2026-10-08T10:50:00Z,UPF-01,active_bearers,475225.0
2026-10-08T10:50:00Z,UPF-02,cpu_utilization,31.97
2026-10-08T10:50:00Z,UPF-02,memory_utilization,46.59
2026-10-08T10:50:00Z,UPF-02,bgp_session_state,1.0
2026-10-08T10:50:00Z,UPF-02,throughput_gbps,116.37
2026-10-08T10:50:00Z,UPF-02,packet_loss_pct,0.0351
2026-10-08T10:50:00Z,UPF-02,active_bearers,494449.0
2026-10-08T10:55:00Z,CMG-01,cpu_utilization,31.31
2026-10-08T10:55:00Z,CMG-01,memory_utilization,43.66
2026-10-08T10:55:00Z,CMG-01,bgp_session_state,1.0
2026-10-08T10:55:00Z,CMG-01,throughput_gbps,99.59
2026-10-08T10:55:00Z,CMG-01,packet_loss_pct,0.0323
2026-10-08T10:55:00Z,CMG-01,active_bearers,459574.0
2026-10-08T10:55:00Z,CMG-02,cpu_utilization,33.61
2026-10-08T10:55:00Z,CMG-02,memory_utilization,47.67
2026-10-08T10:55:00Z,CMG-02,bgp_session_state,1.0
2026-10-08T10:55:00Z,CMG-02,throughput_gbps,109.36
2026-10-08T10:55:00Z,CMG-02,packet_loss_pct,0.0249
2026-10-08T10:55:00Z,CMG-02,active_bearers,548491.0
2026-10-08T10:55:00Z,CMG-03,cpu_utilization,20.2
2026-10-08T10:55:00Z,CMG-03,memory_utilization,36.35
2026-10-08T10:55:00Z,CMG-03,bgp_session_state,1.0
2026-10-08T10:55:00Z,CMG-03,throughput_gbps,109.24
2026-10-08T10:55:00Z,CMG-03,packet_loss_pct,0.0397
2026-10-08T10:55:00Z,CMG-03,active_bearers,477370.0
2026-10-08T10:55:00Z,UPF-01,cpu_utilization,24.25
2026-10-08T10:55:00Z,UPF-01,memory_utilization,31.11
2026-10-08T10:55:00Z,UPF-01,bgp_session_state,1.0
2026-10-08T10:55:00Z,UPF-01,throughput_gbps,97.83
2026-10-08T10:55:00Z,UPF-01,packet_loss_pct,0.0122
2026-10-08T10:55:00Z,UPF-01,active_bearers,525551.0
2026-10-08T10:55:00Z,UPF-02,cpu_utilization,19.28
2026-10-08T10:55:00Z,UPF-02,memory_utilization,49.18
2026-10-08T10:55:00Z,UPF-02,bgp_session_state,1.0
2026-10-08T10:55:00Z,UPF-02,throughput_gbps,104.54
2026-10-08T10:55:00Z,UPF-02,packet_loss_pct,0.0415
2026-10-08T10:55:00Z,UPF-02,active_bearers,475233.0
2026-10-08T11:00:00Z,CMG-01,cpu_utilization,27.01
2026-10-08T11:00:00Z,CMG-01,memory_utilization,35.95
2026-10-08T11:00:00Z,CMG-01,bgp_session_state,1.0
2026-10-08T11:00:00Z,CMG-01,throughput_gbps,112.61
2026-10-08T11:00:00Z,CMG-01,packet_loss_pct,0.0036
2026-10-08T11:00:00Z,CMG-01,active_bearers,540613.0
2026-10-08T11:00:00Z,CMG-02,cpu_utilization,31.36
2026-10-08T11:00:00Z,CMG-02,memory_utilization,41.17
2026-10-08T11:00:00Z,CMG-02,bgp_session_state,1.0
2026-10-08T11:00:00Z,CMG-02,throughput_gbps,94.7
2026-10-08T11:00:00Z,CMG-02,packet_loss_pct,0.014
2026-10-08T11:00:00Z,CMG-02,active_bearers,499074.0
2026-10-08T11:00:00Z,CMG-03,cpu_utilization,27.02
2026-10-08T11:00:00Z,CMG-03,memory_utilization,41.8
2026-10-08T11:00:00Z,CMG-03,bgp_session_state,1.0
2026-10-08T11:00:00Z,CMG-03,throughput_gbps,110.44
2026-10-08T11:00:00Z,CMG-03,packet_loss_pct,0.0212
2026-10-08T11:00:00Z,CMG-03,active_bearers,451773.0
2026-10-08T11:00:00Z,UPF-01,cpu_utilization,19.87
2026-10-08T11:00:00Z,UPF-01,memory_utilization,41.32
2026-10-08T11:00:00Z,UPF-01,bgp_session_state,1.0
2026-10-08T11:00:00Z,UPF-01,throughput_gbps,91.27
2026-10-08T11:00:00Z,UPF-01,packet_loss_pct,0.0415
2026-10-08T11:00:00Z,UPF-01,active_bearers,477686.0
2026-10-08T11:00:00Z,UPF-02,cpu_utilization,16.61
2026-10-08T11:00:00Z,UPF-02,memory_utilization,38.8
2026-10-08T11:00:00Z,UPF-02,bgp_session_state,1.0
2026-10-08T11:00:00Z,UPF-02,throughput_gbps,95.77
2026-10-08T11:00:00Z,UPF-02,packet_loss_pct,0.0074
2026-10-08T11:00:00Z,UPF-02,active_bearers,513487.0
2026-10-08T11:05:00Z,CMG-01,cpu_utilization,29.83
2026-10-08T11:05:00Z,CMG-01,memory_utilization,33.86
2026-10-08T11:05:00Z,CMG-01,bgp_session_state,1.0
2026-10-08T11:05:00Z,CMG-01,throughput_gbps,89.32
2026-10-08T11:05:00Z,CMG-01,packet_loss_pct,0.0283
2026-10-08T11:05:00Z,CMG-01,active_bearers,528273.0
2026-10-08T11:05:00Z,CMG-02,cpu_utilization,27.61
2026-10-08T11:05:00Z,CMG-02,memory_utilization,46.08
2026-10-08T11:05:00Z,CMG-02,bgp_session_state,1.0
2026-10-08T11:05:00Z,CMG-02,throughput_gbps,96.76
2026-10-08T11:05:00Z,CMG-02,packet_loss_pct,0.0223
2026-10-08T11:05:00Z,CMG-02,active_bearers,535097.0
2026-10-08T11:05:00Z,CMG-03,cpu_utilization,30.79
2026-10-08T11:05:00Z,CMG-03,memory_utilization,41.8
2026-10-08T11:05:00Z,CMG-03,bgp_session_state,1.0
2026-10-08T11:05:00Z,CMG-03,throughput_gbps,116.9
2026-10-08T11:05:00Z,CMG-03,packet_loss_pct,0.0314
2026-10-08T11:05:00Z,CMG-03,active_bearers,458619.0
2026-10-08T11:05:00Z,UPF-01,cpu_utilization,34.94
2026-10-08T11:05:00Z,UPF-01,memory_utilization,35.69
2026-10-08T11:05:00Z,UPF-01,bgp_session_state,1.0
2026-10-08T11:05:00Z,UPF-01,throughput_gbps,90.44
2026-10-08T11:05:00Z,UPF-01,packet_loss_pct,0.0022
2026-10-08T11:05:00Z,UPF-01,active_bearers,496983.0
2026-10-08T11:05:00Z,UPF-02,cpu_utilization,22.0
2026-10-08T11:05:00Z,UPF-02,memory_utilization,45.09
2026-10-08T11:05:00Z,UPF-02,bgp_session_state,1.0
2026-10-08T11:05:00Z,UPF-02,throughput_gbps,110.68
2026-10-08T11:05:00Z,UPF-02,packet_loss_pct,0.0098
2026-10-08T11:05:00Z,UPF-02,active_bearers,454006.0
2026-10-08T11:10:00Z,CMG-01,cpu_utilization,17.85
2026-10-08T11:10:00Z,CMG-01,memory_utilization,47.05
2026-10-08T11:10:00Z,CMG-01,bgp_session_state,1.0
2026-10-08T11:10:00Z,CMG-01,throughput_gbps,92.51
2026-10-08T11:10:00Z,CMG-01,packet_loss_pct,0.0378
2026-10-08T11:10:00Z,CMG-01,active_bearers,483512.0
2026-10-08T11:10:00Z,CMG-02,cpu_utilization,27.18
2026-10-08T11:10:00Z,CMG-02,memory_utilization,36.13
2026-10-08T11:10:00Z,CMG-02,bgp_session_state,1.0
2026-10-08T11:10:00Z,CMG-02,throughput_gbps,112.03
2026-10-08T11:10:00Z,CMG-02,packet_loss_pct,0.0031
2026-10-08T11:10:00Z,CMG-02,active_bearers,468627.0
2026-10-08T11:10:00Z,CMG-03,cpu_utilization,21.89
2026-10-08T11:10:00Z,CMG-03,memory_utilization,33.1
2026-10-08T11:10:00Z,CMG-03,bgp_session_state,1.0
2026-10-08T11:10:00Z,CMG-03,throughput_gbps,104.03
2026-10-08T11:10:00Z,CMG-03,packet_loss_pct,0.0389
2026-10-08T11:10:00Z,CMG-03,active_bearers,463538.0
2026-10-08T11:10:00Z,UPF-01,cpu_utilization,26.15
2026-10-08T11:10:00Z,UPF-01,memory_utilization,44.37
2026-10-08T11:10:00Z,UPF-01,bgp_session_state,1.0
2026-10-08T11:10:00Z,UPF-01,throughput_gbps,115.44
2026-10-08T11:10:00Z,UPF-01,packet_loss_pct,0.0265
2026-10-08T11:10:00Z,UPF-01,active_bearers,481232.0
2026-10-08T11:10:00Z,UPF-02,cpu_utilization,17.58
2026-10-08T11:10:00Z,UPF-02,memory_utilization,49.08
2026-10-08T11:10:00Z,UPF-02,bgp_session_state,1.0
2026-10-08T11:10:00Z,UPF-02,throughput_gbps,119.71
2026-10-08T11:10:00Z,UPF-02,packet_loss_pct,0.0208
2026-10-08T11:10:00Z,UPF-02,active_bearers,512662.0
2026-10-08T11:15:00Z,CMG-01,cpu_utilization,18.97
2026-10-08T11:15:00Z,CMG-01,memory_utilization,33.22
2026-10-08T11:15:00Z,CMG-01,bgp_session_state,1.0
2026-10-08T11:15:00Z,CMG-01,throughput_gbps,108.42
2026-10-08T11:15:00Z,CMG-01,packet_loss_pct,0.0453
2026-10-08T11:15:00Z,CMG-01,active_bearers,545266.0
2026-10-08T11:15:00Z,CMG-02,cpu_utilization,34.43
2026-10-08T11:15:00Z,CMG-02,memory_utilization,45.09
2026-10-08T11:15:00Z,CMG-02,bgp_session_state,1.0
2026-10-08T11:15:00Z,CMG-02,throughput_gbps,104.71
2026-10-08T11:15:00Z,CMG-02,packet_loss_pct,0.0091
2026-10-08T11:15:00Z,CMG-02,active_bearers,461293.0
2026-10-08T11:15:00Z,CMG-03,cpu_utilization,16.29
2026-10-08T11:15:00Z,CMG-03,memory_utilization,30.57
2026-10-08T11:15:00Z,CMG-03,bgp_session_state,1.0
2026-10-08T11:15:00Z,CMG-03,throughput_gbps,91.47
2026-10-08T11:15:00Z,CMG-03,packet_loss_pct,0.037
2026-10-08T11:15:00Z,CMG-03,active_bearers,508805.0
2026-10-08T11:15:00Z,UPF-01,cpu_utilization,23.32
2026-10-08T11:15:00Z,UPF-01,memory_utilization,35.47
2026-10-08T11:15:00Z,UPF-01,bgp_session_state,1.0
2026-10-08T11:15:00Z,UPF-01,throughput_gbps,104.3
2026-10-08T11:15:00Z,UPF-01,packet_loss_pct,0.0436
2026-10-08T11:15:00Z,UPF-01,active_bearers,523002.0
2026-10-08T11:15:00Z,UPF-02,cpu_utilization,26.8
2026-10-08T11:15:00Z,UPF-02,memory_utilization,44.02
2026-10-08T11:15:00Z,UPF-02,bgp_session_state,1.0
2026-10-08T11:15:00Z,UPF-02,throughput_gbps,118.12
2026-10-08T11:15:00Z,UPF-02,packet_loss_pct,0.0386
2026-10-08T11:15:00Z,UPF-02,active_bearers,544261.0
2026-10-08T11:20:00Z,CMG-01,cpu_utilization,29.64
2026-10-08T11:20:00Z,CMG-01,memory_utilization,36.56
2026-10-08T11:20:00Z,CMG-01,bgp_session_state,1.0
2026-10-08T11:20:00Z,CMG-01,throughput_gbps,87.92
2026-10-08T11:20:00Z,CMG-01,packet_loss_pct,0.0363
2026-10-08T11:20:00Z,CMG-01,active_bearers,488240.0
2026-10-08T11:20:00Z,CMG-02,cpu_utilization,22.35
2026-10-08T11:20:00Z,CMG-02,memory_utilization,42.71
2026-10-08T11:20:00Z,CMG-02,bgp_session_state,1.0
2026-10-08T11:20:00Z,CMG-02,throughput_gbps,94.96
2026-10-08T11:20:00Z,CMG-02,packet_loss_pct,0.0329
2026-10-08T11:20:00Z,CMG-02,active_bearers,465233.0
2026-10-08T11:20:00Z,CMG-03,cpu_utilization,28.71
2026-10-08T11:20:00Z,CMG-03,memory_utilization,46.48
2026-10-08T11:20:00Z,CMG-03,bgp_session_state,1.0
2026-10-08T11:20:00Z,CMG-03,throughput_gbps,118.97
2026-10-08T11:20:00Z,CMG-03,packet_loss_pct,0.0134
2026-10-08T11:20:00Z,CMG-03,active_bearers,548223.0
2026-10-08T11:20:00Z,UPF-01,cpu_utilization,32.16
2026-10-08T11:20:00Z,UPF-01,memory_utilization,34.35
2026-10-08T11:20:00Z,UPF-01,bgp_session_state,1.0
2026-10-08T11:20:00Z,UPF-01,throughput_gbps,81.68
2026-10-08T11:20:00Z,UPF-01,packet_loss_pct,0.0376
2026-10-08T11:20:00Z,UPF-01,active_bearers,547055.0
2026-10-08T11:20:00Z,UPF-02,cpu_utilization,33.85
2026-10-08T11:20:00Z,UPF-02,memory_utilization,39.21
2026-10-08T11:20:00Z,UPF-02,bgp_session_state,1.0
2026-10-08T11:20:00Z,UPF-02,throughput_gbps,98.75
2026-10-08T11:20:00Z,UPF-02,packet_loss_pct,0.0415
2026-10-08T11:20:00Z,UPF-02,active_bearers,511357.0
2026-10-08T11:25:00Z,CMG-01,cpu_utilization,25.86
2026-10-08T11:25:00Z,CMG-01,memory_utilization,46.7
2026-10-08T11:25:00Z,CMG-01,bgp_session_state,1.0
2026-10-08T11:25:00Z,CMG-01,throughput_gbps,109.83
2026-10-08T11:25:00Z,CMG-01,packet_loss_pct,0.0044
2026-10-08T11:25:00Z,CMG-01,active_bearers,482966.0
2026-10-08T11:25:00Z,CMG-02,cpu_utilization,24.97
2026-10-08T11:25:00Z,CMG-02,memory_utilization,33.58
2026-10-08T11:25:00Z,CMG-02,bgp_session_state,1.0
2026-10-08T11:25:00Z,CMG-02,throughput_gbps,103.46
2026-10-08T11:25:00Z,CMG-02,packet_loss_pct,0.0307
2026-10-08T11:25:00Z,CMG-02,active_bearers,502173.0
2026-10-08T11:25:00Z,CMG-03,cpu_utilization,18.03
2026-10-08T11:25:00Z,CMG-03,memory_utilization,45.18
2026-10-08T11:25:00Z,CMG-03,bgp_session_state,1.0
2026-10-08T11:25:00Z,CMG-03,throughput_gbps,104.17
2026-10-08T11:25:00Z,CMG-03,packet_loss_pct,0.0326
2026-10-08T11:25:00Z,CMG-03,active_bearers,532870.0
2026-10-08T11:25:00Z,UPF-01,cpu_utilization,30.06
2026-10-08T11:25:00Z,UPF-01,memory_utilization,39.84
2026-10-08T11:25:00Z,UPF-01,bgp_session_state,1.0
2026-10-08T11:25:00Z,UPF-01,throughput_gbps,108.92
2026-10-08T11:25:00Z,UPF-01,packet_loss_pct,0.0087
2026-10-08T11:25:00Z,UPF-01,active_bearers,471686.0
2026-10-08T11:25:00Z,UPF-02,cpu_utilization,18.63
2026-10-08T11:25:00Z,UPF-02,memory_utilization,31.92
2026-10-08T11:25:00Z,UPF-02,bgp_session_state,1.0
2026-10-08T11:25:00Z,UPF-02,throughput_gbps,93.27
2026-10-08T11:25:00Z,UPF-02,packet_loss_pct,0.0198
2026-10-08T11:25:00Z,UPF-02,active_bearers,463031.0
2026-10-08T11:30:00Z,CMG-01,cpu_utilization,21.03
2026-10-08T11:30:00Z,CMG-01,memory_utilization,46.33
2026-10-08T11:30:00Z,CMG-01,bgp_session_state,1.0
2026-10-08T11:30:00Z,CMG-01,throughput_gbps,80.63
2026-10-08T11:30:00Z,CMG-01,packet_loss_pct,0.0276
2026-10-08T11:30:00Z,CMG-01,active_bearers,470081.0
2026-10-08T11:30:00Z,CMG-02,cpu_utilization,29.88
2026-10-08T11:30:00Z,CMG-02,memory_utilization,37.09
2026-10-08T11:30:00Z,CMG-02,bgp_session_state,1.0
2026-10-08T11:30:00Z,CMG-02,throughput_gbps,100.82
2026-10-08T11:30:00Z,CMG-02,packet_loss_pct,0.0413
2026-10-08T11:30:00Z,CMG-02,active_bearers,521687.0
2026-10-08T11:30:00Z,CMG-03,cpu_utilization,34.66
2026-10-08T11:30:00Z,CMG-03,memory_utilization,31.32
2026-10-08T11:30:00Z,CMG-03,bgp_session_state,1.0
2026-10-08T11:30:00Z,CMG-03,throughput_gbps,107.61
2026-10-08T11:30:00Z,CMG-03,packet_loss_pct,0.0241
2026-10-08T11:30:00Z,CMG-03,active_bearers,483075.0
2026-10-08T11:30:00Z,UPF-01,cpu_utilization,21.13
2026-10-08T11:30:00Z,UPF-01,memory_utilization,47.07
2026-10-08T11:30:00Z,UPF-01,bgp_session_state,1.0
2026-10-08T11:30:00Z,UPF-01,throughput_gbps,108.44
2026-10-08T11:30:00Z,UPF-01,packet_loss_pct,0.049
2026-10-08T11:30:00Z,UPF-01,active_bearers,546665.0
2026-10-08T11:30:00Z,UPF-02,cpu_utilization,24.46
2026-10-08T11:30:00Z,UPF-02,memory_utilization,42.42
2026-10-08T11:30:00Z,UPF-02,bgp_session_state,1.0
2026-10-08T11:30:00Z,UPF-02,throughput_gbps,90.91
2026-10-08T11:30:00Z,UPF-02,packet_loss_pct,0.0112
2026-10-08T11:30:00Z,UPF-02,active_bearers,517944.0
2026-10-08T11:35:00Z,CMG-01,cpu_utilization,32.28
2026-10-08T11:35:00Z,CMG-01,memory_utilization,30.04
2026-10-08T11:35:00Z,CMG-01,bgp_session_state,1.0
2026-10-08T11:35:00Z,CMG-01,throughput_gbps,117.35
2026-10-08T11:35:00Z,CMG-01,packet_loss_pct,0.0015
2026-10-08T11:35:00Z,CMG-01,active_bearers,506862.0
2026-10-08T11:35:00Z,CMG-02,cpu_utilization,30.85
2026-10-08T11:35:00Z,CMG-02,memory_utilization,39.89
2026-10-08T11:35:00Z,CMG-02,bgp_session_state,1.0
2026-10-08T11:35:00Z,CMG-02,throughput_gbps,110.29
2026-10-08T11:35:00Z,CMG-02,packet_loss_pct,0.0051
2026-10-08T11:35:00Z,CMG-02,active_bearers,517089.0
2026-10-08T11:35:00Z,CMG-03,cpu_utilization,30.36
2026-10-08T11:35:00Z,CMG-03,memory_utilization,46.7
2026-10-08T11:35:00Z,CMG-03,bgp_session_state,1.0
2026-10-08T11:35:00Z,CMG-03,throughput_gbps,83.03
2026-10-08T11:35:00Z,CMG-03,packet_loss_pct,0.0075
2026-10-08T11:35:00Z,CMG-03,active_bearers,486115.0
2026-10-08T11:35:00Z,UPF-01,cpu_utilization,28.47
2026-10-08T11:35:00Z,UPF-01,memory_utilization,33.75
2026-10-08T11:35:00Z,UPF-01,bgp_session_state,1.0
2026-10-08T11:35:00Z,UPF-01,throughput_gbps,117.56
2026-10-08T11:35:00Z,UPF-01,packet_loss_pct,0.0255
2026-10-08T11:35:00Z,UPF-01,active_bearers,534227.0
2026-10-08T11:35:00Z,UPF-02,cpu_utilization,15.68
2026-10-08T11:35:00Z,UPF-02,memory_utilization,44.19
2026-10-08T11:35:00Z,UPF-02,bgp_session_state,1.0
2026-10-08T11:35:00Z,UPF-02,throughput_gbps,105.37
2026-10-08T11:35:00Z,UPF-02,packet_loss_pct,0.048
2026-10-08T11:35:00Z,UPF-02,active_bearers,509500.0
2026-10-08T11:40:00Z,CMG-01,cpu_utilization,32.79
2026-10-08T11:40:00Z,CMG-01,memory_utilization,45.72
2026-10-08T11:40:00Z,CMG-01,bgp_session_state,1.0
2026-10-08T11:40:00Z,CMG-01,throughput_gbps,113.4
2026-10-08T11:40:00Z,CMG-01,packet_loss_pct,0.0412
2026-10-08T11:40:00Z,CMG-01,active_bearers,477707.0
2026-10-08T11:40:00Z,CMG-02,cpu_utilization,20.58
2026-10-08T11:40:00Z,CMG-02,memory_utilization,47.69
2026-10-08T11:40:00Z,CMG-02,bgp_session_state,1.0
2026-10-08T11:40:00Z,CMG-02,throughput_gbps,84.94
2026-10-08T11:40:00Z,CMG-02,packet_loss_pct,0.0311
2026-10-08T11:40:00Z,CMG-02,active_bearers,477855.0
2026-10-08T11:40:00Z,CMG-03,cpu_utilization,24.58
2026-10-08T11:40:00Z,CMG-03,memory_utilization,39.76
2026-10-08T11:40:00Z,CMG-03,bgp_session_state,1.0
2026-10-08T11:40:00Z,CMG-03,throughput_gbps,81.19
2026-10-08T11:40:00Z,CMG-03,packet_loss_pct,0.0444
2026-10-08T11:40:00Z,CMG-03,active_bearers,492779.0
2026-10-08T11:40:00Z,UPF-01,cpu_utilization,33.19
2026-10-08T11:40:00Z,UPF-01,memory_utilization,30.02
2026-10-08T11:40:00Z,UPF-01,bgp_session_state,1.0
2026-10-08T11:40:00Z,UPF-01,throughput_gbps,89.64
2026-10-08T11:40:00Z,UPF-01,packet_loss_pct,0.0132
2026-10-08T11:40:00Z,UPF-01,active_bearers,549096.0
2026-10-08T11:40:00Z,UPF-02,cpu_utilization,23.13
2026-10-08T11:40:00Z,UPF-02,memory_utilization,47.32
2026-10-08T11:40:00Z,UPF-02,bgp_session_state,1.0
2026-10-08T11:40:00Z,UPF-02,throughput_gbps,92.03
2026-10-08T11:40:00Z,UPF-02,packet_loss_pct,0.0123
2026-10-08T11:40:00Z,UPF-02,active_bearers,471456.0
2026-10-08T11:45:00Z,CMG-01,cpu_utilization,22.04
2026-10-08T11:45:00Z,CMG-01,memory_utilization,48.96
2026-10-08T11:45:00Z,CMG-01,bgp_session_state,1.0
2026-10-08T11:45:00Z,CMG-01,throughput_gbps,105.62
2026-10-08T11:45:00Z,CMG-01,packet_loss_pct,0.0168
2026-10-08T11:45:00Z,CMG-01,active_bearers,451395.0
2026-10-08T11:45:00Z,CMG-02,cpu_utilization,17.81
2026-10-08T11:45:00Z,CMG-02,memory_utilization,30.97
2026-10-08T11:45:00Z,CMG-02,bgp_session_state,1.0
2026-10-08T11:45:00Z,CMG-02,throughput_gbps,87.1
2026-10-08T11:45:00Z,CMG-02,packet_loss_pct,0.0463
2026-10-08T11:45:00Z,CMG-02,active_bearers,490624.0
2026-10-08T11:45:00Z,CMG-03,cpu_utilization,21.13
2026-10-08T11:45:00Z,CMG-03,memory_utilization,44.25
2026-10-08T11:45:00Z,CMG-03,bgp_session_state,1.0
2026-10-08T11:45:00Z,CMG-03,throughput_gbps,98.26
2026-10-08T11:45:00Z,CMG-03,packet_loss_pct,0.0238
2026-10-08T11:45:00Z,CMG-03,active_bearers,467986.0
2026-10-08T11:45:00Z,UPF-01,cpu_utilization,22.09
2026-10-08T11:45:00Z,UPF-01,memory_utilization,48.76
2026-10-08T11:45:00Z,UPF-01,bgp_session_state,1.0
2026-10-08T11:45:00Z,UPF-01,throughput_gbps,118.94
2026-10-08T11:45:00Z,UPF-01,packet_loss_pct,0.0441
2026-10-08T11:45:00Z,UPF-01,active_bearers,470616.0
2026-10-08T11:45:00Z,UPF-02,cpu_utilization,23.41
2026-10-08T11:45:00Z,UPF-02,memory_utilization,36.81
2026-10-08T11:45:00Z,UPF-02,bgp_session_state,1.0
2026-10-08T11:45:00Z,UPF-02,throughput_gbps,92.46
2026-10-08T11:45:00Z,UPF-02,packet_loss_pct,0.0044
2026-10-08T11:45:00Z,UPF-02,active_bearers,479901.0
2026-10-08T11:50:00Z,CMG-01,cpu_utilization,16.46
2026-10-08T11:50:00Z,CMG-01,memory_utilization,41.1
2026-10-08T11:50:00Z,CMG-01,bgp_session_state,1.0
2026-10-08T11:50:00Z,CMG-01,throughput_gbps,97.61
2026-10-08T11:50:00Z,CMG-01,packet_loss_pct,0.0022
2026-10-08T11:50:00Z,CMG-01,active_bearers,479269.0
2026-10-08T11:50:00Z,CMG-02,cpu_utilization,22.04
2026-10-08T11:50:00Z,CMG-02,memory_utilization,46.23
2026-10-08T11:50:00Z,CMG-02,bgp_session_state,1.0
2026-10-08T11:50:00Z,CMG-02,throughput_gbps,80.67
2026-10-08T11:50:00Z,CMG-02,packet_loss_pct,0.0351
2026-10-08T11:50:00Z,CMG-02,active_bearers,512879.0
2026-10-08T11:50:00Z,CMG-03,cpu_utilization,19.05
2026-10-08T11:50:00Z,CMG-03,memory_utilization,34.05
2026-10-08T11:50:00Z,CMG-03,bgp_session_state,1.0
2026-10-08T11:50:00Z,CMG-03,throughput_gbps,92.14
2026-10-08T11:50:00Z,CMG-03,packet_loss_pct,0.0486
2026-10-08T11:50:00Z,CMG-03,active_bearers,452384.0
2026-10-08T11:50:00Z,UPF-01,cpu_utilization,15.01
2026-10-08T11:50:00Z,UPF-01,memory_utilization,30.92
2026-10-08T11:50:00Z,UPF-01,bgp_session_state,1.0
2026-10-08T11:50:00Z,UPF-01,throughput_gbps,85.01
2026-10-08T11:50:00Z,UPF-01,packet_loss_pct,0.0047
2026-10-08T11:50:00Z,UPF-01,active_bearers,527612.0
2026-10-08T11:50:00Z,UPF-02,cpu_utilization,34.5
2026-10-08T11:50:00Z,UPF-02,memory_utilization,32.32
2026-10-08T11:50:00Z,UPF-02,bgp_session_state,1.0
2026-10-08T11:50:00Z,UPF-02,throughput_gbps,96.13
2026-10-08T11:50:00Z,UPF-02,packet_loss_pct,0.0366
2026-10-08T11:50:00Z,UPF-02,active_bearers,526428.0
2026-10-08T11:55:00Z,CMG-01,cpu_utilization,33.49
2026-10-08T11:55:00Z,CMG-01,memory_utilization,38.19
2026-10-08T11:55:00Z,CMG-01,bgp_session_state,1.0
2026-10-08T11:55:00Z,CMG-01,throughput_gbps,114.3
2026-10-08T11:55:00Z,CMG-01,packet_loss_pct,0.0074
2026-10-08T11:55:00Z,CMG-01,active_bearers,480912.0
2026-10-08T11:55:00Z,CMG-02,cpu_utilization,24.95
2026-10-08T11:55:00Z,CMG-02,memory_utilization,36.99
2026-10-08T11:55:00Z,CMG-02,bgp_session_state,1.0
2026-10-08T11:55:00Z,CMG-02,throughput_gbps,101.66
2026-10-08T11:55:00Z,CMG-02,packet_loss_pct,0.0032
2026-10-08T11:55:00Z,CMG-02,active_bearers,484667.0
2026-10-08T11:55:00Z,CMG-03,cpu_utilization,34.72
2026-10-08T11:55:00Z,CMG-03,memory_utilization,49.94
2026-10-08T11:55:00Z,CMG-03,bgp_session_state,1.0
2026-10-08T11:55:00Z,CMG-03,throughput_gbps,100.43
2026-10-08T11:55:00Z,CMG-03,packet_loss_pct,0.0476
2026-10-08T11:55:00Z,CMG-03,active_bearers,497949.0
2026-10-08T11:55:00Z,UPF-01,cpu_utilization,22.47
2026-10-08T11:55:00Z,UPF-01,memory_utilization,45.61
2026-10-08T11:55:00Z,UPF-01,bgp_session_state,1.0
2026-10-08T11:55:00Z,UPF-01,throughput_gbps,94.85
2026-10-08T11:55:00Z,UPF-01,packet_loss_pct,0.002
2026-10-08T11:55:00Z,UPF-01,active_bearers,473419.0
2026-10-08T11:55:00Z,UPF-02,cpu_utilization,29.92
2026-10-08T11:55:00Z,UPF-02,memory_utilization,40.43
2026-10-08T11:55:00Z,UPF-02,bgp_session_state,1.0
2026-10-08T11:55:00Z,UPF-02,throughput_gbps,92.26
2026-10-08T11:55:00Z,UPF-02,packet_loss_pct,0.0491
2026-10-08T11:55:00Z,UPF-02,active_bearers,534671.0
2026-10-08T12:00:00Z,CMG-01,cpu_utilization,99.56
2026-10-08T12:00:00Z,CMG-01,memory_utilization,93.33
2026-10-08T12:00:00Z,CMG-01,bgp_session_state,1.0
2026-10-08T12:00:00Z,CMG-01,throughput_gbps,119.27
2026-10-08T12:00:00Z,CMG-01,packet_loss_pct,0.0273
2026-10-08T12:00:00Z,CMG-01,active_bearers,475098.0
2026-10-08T12:00:00Z,CMG-02,cpu_utilization,29.03
2026-10-08T12:00:00Z,CMG-02,memory_utilization,38.31
2026-10-08T12:00:00Z,CMG-02,bgp_session_state,1.0
2026-10-08T12:00:00Z,CMG-02,throughput_gbps,90.02
2026-10-08T12:00:00Z,CMG-02,packet_loss_pct,0.0311
2026-10-08T12:00:00Z,CMG-02,active_bearers,463531.0
2026-10-08T12:00:00Z,CMG-03,cpu_utilization,15.18
2026-10-08T12:00:00Z,CMG-03,memory_utilization,44.18
2026-10-08T12:00:00Z,CMG-03,bgp_session_state,1.0
2026-10-08T12:00:00Z,CMG-03,throughput_gbps,107.15
2026-10-08T12:00:00Z,CMG-03,packet_loss_pct,0.005
2026-10-08T12:00:00Z,CMG-03,active_bearers,510483.0
2026-10-08T12:00:00Z,UPF-01,cpu_utilization,33.29
2026-10-08T12:00:00Z,UPF-01,memory_utilization,38.32
2026-10-08T12:00:00Z,UPF-01,bgp_session_state,1.0
2026-10-08T12:00:00Z,UPF-01,throughput_gbps,86.71
2026-10-08T12:00:00Z,UPF-01,packet_loss_pct,0.0394
2026-10-08T12:00:00Z,UPF-01,active_bearers,63115.0
2026-10-08T12:00:00Z,UPF-02,cpu_utilization,19.47
2026-10-08T12:00:00Z,UPF-02,memory_utilization,34.37
2026-10-08T12:00:00Z,UPF-02,bgp_session_state,1.0
2026-10-08T12:00:00Z,UPF-02,throughput_gbps,88.6
2026-10-08T12:00:00Z,UPF-02,packet_loss_pct,0.0456
2026-10-08T12:00:00Z,UPF-02,active_bearers,513796.0
2026-10-08T12:05:00Z,CMG-01,cpu_utilization,98.59
2026-10-08T12:05:00Z,CMG-01,memory_utilization,93.04
2026-10-08T12:05:00Z,CMG-01,bgp_session_state,1.0
2026-10-08T12:05:00Z,CMG-01,throughput_gbps,90.99
2026-10-08T12:05:00Z,CMG-01,packet_loss_pct,0.0247
2026-10-08T12:05:00Z,CMG-01,active_bearers,517945.0
2026-10-08T12:05:00Z,CMG-02,cpu_utilization,33.5
2026-10-08T12:05:00Z,CMG-02,memory_utilization,43.16
2026-10-08T12:05:00Z,CMG-02,bgp_session_state,1.0
2026-10-08T12:05:00Z,CMG-02,throughput_gbps,106.52
2026-10-08T12:05:00Z,CMG-02,packet_loss_pct,0.0291
2026-10-08T12:05:00Z,CMG-02,active_bearers,486354.0
2026-10-08T12:05:00Z,CMG-03,cpu_utilization,24.15
2026-10-08T12:05:00Z,CMG-03,memory_utilization,31.05
2026-10-08T12:05:00Z,CMG-03,bgp_session_state,1.0
2026-10-08T12:05:00Z,CMG-03,throughput_gbps,90.71
2026-10-08T12:05:00Z,CMG-03,packet_loss_pct,0.0171
2026-10-08T12:05:00Z,CMG-03,active_bearers,525419.0
2026-10-08T12:05:00Z,UPF-01,cpu_utilization,25.59
2026-10-08T12:05:00Z,UPF-01,memory_utilization,47.63
2026-10-08T12:05:00Z,UPF-01,bgp_session_state,1.0
2026-10-08T12:05:00Z,UPF-01,throughput_gbps,101.24
2026-10-08T12:05:00Z,UPF-01,packet_loss_pct,0.0225
2026-10-08T12:05:00Z,UPF-01,active_bearers,103547.0
2026-10-08T12:05:00Z,UPF-02,cpu_utilization,27.72
2026-10-08T12:05:00Z,UPF-02,memory_utilization,36.45
2026-10-08T12:05:00Z,UPF-02,bgp_session_state,1.0
2026-10-08T12:05:00Z,UPF-02,throughput_gbps,97.91
2026-10-08T12:05:00Z,UPF-02,packet_loss_pct,0.0355
2026-10-08T12:05:00Z,UPF-02,active_bearers,527695.0
2026-10-08T12:10:00Z,CMG-01,cpu_utilization,97.71
2026-10-08T12:10:00Z,CMG-01,memory_utilization,96.37
2026-10-08T12:10:00Z,CMG-01,bgp_session_state,1.0
2026-10-08T12:10:00Z,CMG-01,throughput_gbps,103.02
2026-10-08T12:10:00Z,CMG-01,packet_loss_pct,0.0411
2026-10-08T12:10:00Z,CMG-01,active_bearers,520250.0
2026-10-08T12:10:00Z,CMG-02,cpu_utilization,33.03
2026-10-08T12:10:00Z,CMG-02,memory_utilization,44.25
2026-10-08T12:10:00Z,CMG-02,bgp_session_state,1.0
2026-10-08T12:10:00Z,CMG-02,throughput_gbps,116.48
2026-10-08T12:10:00Z,CMG-02,packet_loss_pct,0.0479
2026-10-08T12:10:00Z,CMG-02,active_bearers,546913.0
2026-10-08T12:10:00Z,CMG-03,cpu_utilization,22.46
2026-10-08T12:10:00Z,CMG-03,memory_utilization,38.65
2026-10-08T12:10:00Z,CMG-03,bgp_session_state,1.0
2026-10-08T12:10:00Z,CMG-03,throughput_gbps,102.29
2026-10-08T12:10:00Z,CMG-03,packet_loss_pct,0.0086
2026-10-08T12:10:00Z,CMG-03,active_bearers,521051.0
2026-10-08T12:10:00Z,UPF-01,cpu_utilization,32.86
2026-10-08T12:10:00Z,UPF-01,memory_utilization,48.48
2026-10-08T12:10:00Z,UPF-01,bgp_session_state,1.0
2026-10-08T12:10:00Z,UPF-01,throughput_gbps,96.03
2026-10-08T12:10:00Z,UPF-01,packet_loss_pct,0.015
2026-10-08T12:10:00Z,UPF-01,active_bearers,94956.0
2026-10-08T12:10:00Z,UPF-02,cpu_utilization,31.46
2026-10-08T12:10:00Z,UPF-02,memory_utilization,49.13
2026-10-08T12:10:00Z,UPF-02,bgp_session_state,1.0
2026-10-08T12:10:00Z,UPF-02,throughput_gbps,88.11
2026-10-08T12:10:00Z,UPF-02,packet_loss_pct,0.025
2026-10-08T12:10:00Z,UPF-02,active_bearers,510768.0
2026-10-08T12:15:00Z,CMG-01,cpu_utilization,99.02
2026-10-08T12:15:00Z,CMG-01,memory_utilization,93.55
2026-10-08T12:15:00Z,CMG-01,bgp_session_state,1.0
2026-10-08T12:15:00Z,CMG-01,throughput_gbps,105.22
2026-10-08T12:15:00Z,CMG-01,packet_loss_pct,0.0455
2026-10-08T12:15:00Z,CMG-01,active_bearers,472932.0
2026-10-08T12:15:00Z,CMG-02,cpu_utilization,23.55
2026-10-08T12:15:00Z,CMG-02,memory_utilization,32.32
2026-10-08T12:15:00Z,CMG-02,bgp_session_state,1.0
2026-10-08T12:15:00Z,CMG-02,throughput_gbps,87.74
2026-10-08T12:15:00Z,CMG-02,packet_loss_pct,0.0414
2026-10-08T12:15:00Z,CMG-02,active_bearers,519579.0
2026-10-08T12:15:00Z,CMG-03,cpu_utilization,29.37
2026-10-08T12:15:00Z,CMG-03,memory_utilization,35.07
2026-10-08T12:15:00Z,CMG-03,bgp_session_state,1.0
2026-10-08T12:15:00Z,CMG-03,throughput_gbps,105.73
2026-10-08T12:15:00Z,CMG-03,packet_loss_pct,0.0417
2026-10-08T12:15:00Z,CMG-03,active_bearers,450010.0
2026-10-08T12:15:00Z,UPF-01,cpu_utilization,15.2
2026-10-08T12:15:00Z,UPF-01,memory_utilization,42.75
2026-10-08T12:15:00Z,UPF-01,bgp_session_state,1.0
2026-10-08T12:15:00Z,UPF-01,throughput_gbps,105.84
2026-10-08T12:15:00Z,UPF-01,packet_loss_pct,0.0398
2026-10-08T12:15:00Z,UPF-01,active_bearers,78179.0
2026-10-08T12:15:00Z,UPF-02,cpu_utilization,28.18
2026-10-08T12:15:00Z,UPF-02,memory_utilization,49.21
2026-10-08T12:15:00Z,UPF-02,bgp_session_state,1.0
2026-10-08T12:15:00Z,UPF-02,throughput_gbps,111.72
2026-10-08T12:15:00Z,UPF-02,packet_loss_pct,0.0264
2026-10-08T12:15:00Z,UPF-02,active_bearers,464508.0
2026-10-08T12:20:00Z,CMG-01,cpu_utilization,18.24
2026-10-08T12:20:00Z,CMG-01,memory_utilization,31.49
2026-10-08T12:20:00Z,CMG-01,bgp_session_state,1.0
2026-10-08T12:20:00Z,CMG-01,throughput_gbps,115.55
2026-10-08T12:20:00Z,CMG-01,packet_loss_pct,0.0442
2026-10-08T12:20:00Z,CMG-01,active_bearers,538718.0
2026-10-08T12:20:00Z,CMG-02,cpu_utilization,33.16
2026-10-08T12:20:00Z,CMG-02,memory_utilization,32.82
2026-10-08T12:20:00Z,CMG-02,bgp_session_state,1.0
2026-10-08T12:20:00Z,CMG-02,throughput_gbps,109.33
2026-10-08T12:20:00Z,CMG-02,packet_loss_pct,0.0256
2026-10-08T12:20:00Z,CMG-02,active_bearers,521874.0
2026-10-08T12:20:00Z,CMG-03,cpu_utilization,29.4
2026-10-08T12:20:00Z,CMG-03,memory_utilization,49.01
2026-10-08T12:20:00Z,CMG-03,bgp_session_state,1.0
2026-10-08T12:20:00Z,CMG-03,throughput_gbps,94.21
2026-10-08T12:20:00Z,CMG-03,packet_loss_pct,0.0454
2026-10-08T12:20:00Z,CMG-03,active_bearers,497255.0
2026-10-08T12:20:00Z,UPF-01,cpu_utilization,21.68
2026-10-08T12:20:00Z,UPF-01,memory_utilization,38.79
2026-10-08T12:20:00Z,UPF-01,bgp_session_state,1.0
2026-10-08T12:20:00Z,UPF-01,throughput_gbps,97.83
2026-10-08T12:20:00Z,UPF-01,packet_loss_pct,0.0068
2026-10-08T12:20:00Z,UPF-01,active_bearers,450606.0
2026-10-08T12:20:00Z,UPF-02,cpu_utilization,23.99
2026-10-08T12:20:00Z,UPF-02,memory_utilization,44.41
2026-10-08T12:20:00Z,UPF-02,bgp_session_state,1.0
2026-10-08T12:20:00Z,UPF-02,throughput_gbps,102.58
2026-10-08T12:20:00Z,UPF-02,packet_loss_pct,0.039
2026-10-08T12:20:00Z,UPF-02,active_bearers,503643.0
2026-10-08T12:25:00Z,CMG-01,cpu_utilization,16.69
2026-10-08T12:25:00Z,CMG-01,memory_utilization,39.64
2026-10-08T12:25:00Z,CMG-01,bgp_session_state,1.0
2026-10-08T12:25:00Z,CMG-01,throughput_gbps,103.61
2026-10-08T12:25:00Z,CMG-01,packet_loss_pct,0.0258
2026-10-08T12:25:00Z,CMG-01,active_bearers,480114.0
2026-10-08T12:25:00Z,CMG-02,cpu_utilization,16.77
2026-10-08T12:25:00Z,CMG-02,memory_utilization,41.57
2026-10-08T12:25:00Z,CMG-02,bgp_session_state,1.0
2026-10-08T12:25:00Z,CMG-02,throughput_gbps,84.32
2026-10-08T12:25:00Z,CMG-02,packet_loss_pct,0.0312
2026-10-08T12:25:00Z,CMG-02,active_bearers,519687.0
2026-10-08T12:25:00Z,CMG-03,cpu_utilization,29.31
2026-10-08T12:25:00Z,CMG-03,memory_utilization,49.89
2026-10-08T12:25:00Z,CMG-03,bgp_session_state,1.0
2026-10-08T12:25:00Z,CMG-03,throughput_gbps,103.32
2026-10-08T12:25:00Z,CMG-03,packet_loss_pct,0.0154
2026-10-08T12:25:00Z,CMG-03,active_bearers,491042.0
2026-10-08T12:25:00Z,UPF-01,cpu_utilization,18.08
2026-10-08T12:25:00Z,UPF-01,memory_utilization,38.28
2026-10-08T12:25:00Z,UPF-01,bgp_session_state,1.0
2026-10-08T12:25:00Z,UPF-01,throughput_gbps,93.47
2026-10-08T12:25:00Z,UPF-01,packet_loss_pct,0.0006
2026-10-08T12:25:00Z,UPF-01,active_bearers,490573.0
2026-10-08T12:25:00Z,UPF-02,cpu_utilization,18.11
2026-10-08T12:25:00Z,UPF-02,memory_utilization,38.7
2026-10-08T12:25:00Z,UPF-02,bgp_session_state,1.0
2026-10-08T12:25:00Z,UPF-02,throughput_gbps,105.12
2026-10-08T12:25:00Z,UPF-02,packet_loss_pct,0.0012
2026-10-08T12:25:00Z,UPF-02,active_bearers,502478.0
2026-10-08T12:30:00Z,CMG-01,cpu_utilization,19.99
2026-10-08T12:30:00Z,CMG-01,memory_utilization,31.81
2026-10-08T12:30:00Z,CMG-01,bgp_session_state,1.0
2026-10-08T12:30:00Z,CMG-01,throughput_gbps,87.39
2026-10-08T12:30:00Z,CMG-01,packet_loss_pct,0.0261
2026-10-08T12:30:00Z,CMG-01,active_bearers,540781.0
2026-10-08T12:30:00Z,CMG-02,cpu_utilization,17.51
2026-10-08T12:30:00Z,CMG-02,memory_utilization,30.28
2026-10-08T12:30:00Z,CMG-02,bgp_session_state,1.0
2026-10-08T12:30:00Z,CMG-02,throughput_gbps,117.21
2026-10-08T12:30:00Z,CMG-02,packet_loss_pct,0.0406
2026-10-08T12:30:00Z,CMG-02,active_bearers,504852.0
2026-10-08T12:30:00Z,CMG-03,cpu_utilization,25.75
2026-10-08T12:30:00Z,CMG-03,memory_utilization,47.64
2026-10-08T12:30:00Z,CMG-03,bgp_session_state,1.0
2026-10-08T12:30:00Z,CMG-03,throughput_gbps,111.03
2026-10-08T12:30:00Z,CMG-03,packet_loss_pct,0.0362
2026-10-08T12:30:00Z,CMG-03,active_bearers,490408.0
2026-10-08T12:30:00Z,UPF-01,cpu_utilization,30.15
2026-10-08T12:30:00Z,UPF-01,memory_utilization,48.74
2026-10-08T12:30:00Z,UPF-01,bgp_session_state,1.0
2026-10-08T12:30:00Z,UPF-01,throughput_gbps,112.77
2026-10-08T12:30:00Z,UPF-01,packet_loss_pct,0.0288
2026-10-08T12:30:00Z,UPF-01,active_bearers,478665.0
2026-10-08T12:30:00Z,UPF-02,cpu_utilization,21.87
2026-10-08T12:30:00Z,UPF-02,memory_utilization,47.92
2026-10-08T12:30:00Z,UPF-02,bgp_session_state,1.0
2026-10-08T12:30:00Z,UPF-02,throughput_gbps,88.76
2026-10-08T12:30:00Z,UPF-02,packet_loss_pct,0.0297
2026-10-08T12:30:00Z,UPF-02,active_bearers,461217.0
2026-10-08T12:35:00Z,CMG-01,cpu_utilization,16.1
2026-10-08T12:35:00Z,CMG-01,memory_utilization,41.73
2026-10-08T12:35:00Z,CMG-01,bgp_session_state,1.0
2026-10-08T12:35:00Z,CMG-01,throughput_gbps,101.54
2026-10-08T12:35:00Z,CMG-01,packet_loss_pct,0.0062
2026-10-08T12:35:00Z,CMG-01,active_bearers,496460.0
2026-10-08T12:35:00Z,CMG-02,cpu_utilization,23.44
2026-10-08T12:35:00Z,CMG-02,memory_utilization,31.13
2026-10-08T12:35:00Z,CMG-02,bgp_session_state,1.0
2026-10-08T12:35:00Z,CMG-02,throughput_gbps,109.5
2026-10-08T12:35:00Z,CMG-02,packet_loss_pct,0.0434
2026-10-08T12:35:00Z,CMG-02,active_bearers,464433.0
2026-10-08T12:35:00Z,CMG-03,cpu_utilization,34.56
2026-10-08T12:35:00Z,CMG-03,memory_utilization,32.71
2026-10-08T12:35:00Z,CMG-03,bgp_session_state,1.0
2026-10-08T12:35:00Z,CMG-03,throughput_gbps,118.16
2026-10-08T12:35:00Z,CMG-03,packet_loss_pct,0.0453
2026-10-08T12:35:00Z,CMG-03,active_bearers,536717.0
2026-10-08T12:35:00Z,UPF-01,cpu_utilization,32.82
2026-10-08T12:35:00Z,UPF-01,memory_utilization,47.51
2026-10-08T12:35:00Z,UPF-01,bgp_session_state,1.0
2026-10-08T12:35:00Z,UPF-01,throughput_gbps,119.81
2026-10-08T12:35:00Z,UPF-01,packet_loss_pct,0.0327
2026-10-08T12:35:00Z,UPF-01,active_bearers,452368.0
2026-10-08T12:35:00Z,UPF-02,cpu_utilization,22.62
2026-10-08T12:35:00Z,UPF-02,memory_utilization,35.95
2026-10-08T12:35:00Z,UPF-02,bgp_session_state,1.0
2026-10-08T12:35:00Z,UPF-02,throughput_gbps,90.96
2026-10-08T12:35:00Z,UPF-02,packet_loss_pct,0.0456
2026-10-08T12:35:00Z,UPF-02,active_bearers,533480.0
2026-10-08T12:40:00Z,CMG-01,cpu_utilization,18.05
2026-10-08T12:40:00Z,CMG-01,memory_utilization,38.44
2026-10-08T12:40:00Z,CMG-01,bgp_session_state,1.0
2026-10-08T12:40:00Z,CMG-01,throughput_gbps,83.55
2026-10-08T12:40:00Z,CMG-01,packet_loss_pct,0.0398
2026-10-08T12:40:00Z,CMG-01,active_bearers,458333.0
2026-10-08T12:40:00Z,CMG-02,cpu_utilization,16.37
2026-10-08T12:40:00Z,CMG-02,memory_utilization,45.96
2026-10-08T12:40:00Z,CMG-02,bgp_session_state,1.0
2026-10-08T12:40:00Z,CMG-02,throughput_gbps,86.03
2026-10-08T12:40:00Z,CMG-02,packet_loss_pct,0.0176
2026-10-08T12:40:00Z,CMG-02,active_bearers,536321.0
2026-10-08T12:40:00Z,CMG-03,cpu_utilization,29.64
2026-10-08T12:40:00Z,CMG-03,memory_utilization,44.0
2026-10-08T12:40:00Z,CMG-03,bgp_session_state,1.0
2026-10-08T12:40:00Z,CMG-03,throughput_gbps,87.8
2026-10-08T12:40:00Z,CMG-03,packet_loss_pct,0.0011
2026-10-08T12:40:00Z,CMG-03,active_bearers,512397.0
2026-10-08T12:40:00Z,UPF-01,cpu_utilization,27.43
2026-10-08T12:40:00Z,UPF-01,memory_utilization,43.31
2026-10-08T12:40:00Z,UPF-01,bgp_session_state,1.0
2026-10-08T12:40:00Z,UPF-01,throughput_gbps,90.88
2026-10-08T12:40:00Z,UPF-01,packet_loss_pct,0.0356
2026-10-08T12:40:00Z,UPF-01,active_bearers,527087.0
2026-10-08T12:40:00Z,UPF-02,cpu_utilization,29.48
2026-10-08T12:40:00Z,UPF-02,memory_utilization,48.39
2026-10-08T12:40:00Z,UPF-02,bgp_session_state,1.0
2026-10-08T12:40:00Z,UPF-02,throughput_gbps,84.37
2026-10-08T12:40:00Z,UPF-02,packet_loss_pct,0.0381
2026-10-08T12:40:00Z,UPF-02,active_bearers,525190.0
2026-10-08T12:45:00Z,CMG-01,cpu_utilization,18.92
2026-10-08T12:45:00Z,CMG-01,memory_utilization,45.86
2026-10-08T12:45:00Z,CMG-01,bgp_session_state,1.0
2026-10-08T12:45:00Z,CMG-01,throughput_gbps,119.11
2026-10-08T12:45:00Z,CMG-01,packet_loss_pct,0.0055
2026-10-08T12:45:00Z,CMG-01,active_bearers,522143.0
2026-10-08T12:45:00Z,CMG-02,cpu_utilization,15.72
2026-10-08T12:45:00Z,CMG-02,memory_utilization,43.0
2026-10-08T12:45:00Z,CMG-02,bgp_session_state,1.0
2026-10-08T12:45:00Z,CMG-02,throughput_gbps,92.22
2026-10-08T12:45:00Z,CMG-02,packet_loss_pct,0.0313
2026-10-08T12:45:00Z,CMG-02,active_bearers,460561.0
2026-10-08T12:45:00Z,CMG-03,cpu_utilization,20.88
2026-10-08T12:45:00Z,CMG-03,memory_utilization,48.49
2026-10-08T12:45:00Z,CMG-03,bgp_session_state,1.0
2026-10-08T12:45:00Z,CMG-03,throughput_gbps,104.16
2026-10-08T12:45:00Z,CMG-03,packet_loss_pct,0.0478
2026-10-08T12:45:00Z,CMG-03,active_bearers,522885.0
2026-10-08T12:45:00Z,UPF-01,cpu_utilization,18.36
2026-10-08T12:45:00Z,UPF-01,memory_utilization,31.8
2026-10-08T12:45:00Z,UPF-01,bgp_session_state,1.0
2026-10-08T12:45:00Z,UPF-01,throughput_gbps,90.88
2026-10-08T12:45:00Z,UPF-01,packet_loss_pct,0.0148
2026-10-08T12:45:00Z,UPF-01,active_bearers,454185.0
2026-10-08T12:45:00Z,UPF-02,cpu_utilization,32.88
2026-10-08T12:45:00Z,UPF-02,memory_utilization,32.91
2026-10-08T12:45:00Z,UPF-02,bgp_session_state,1.0
2026-10-08T12:45:00Z,UPF-02,throughput_gbps,113.69
2026-10-08T12:45:00Z,UPF-02,packet_loss_pct,0.0416
2026-10-08T12:45:00Z,UPF-02,active_bearers,469461.0
2026-10-08T12:50:00Z,CMG-01,cpu_utilization,26.57
2026-10-08T12:50:00Z,CMG-01,memory_utilization,36.09
2026-10-08T12:50:00Z,CMG-01,bgp_session_state,1.0
2026-10-08T12:50:00Z,CMG-01,throughput_gbps,97.54
2026-10-08T12:50:00Z,CMG-01,packet_loss_pct,0.0068
2026-10-08T12:50:00Z,CMG-01,active_bearers,512255.0
2026-10-08T12:50:00Z,CMG-02,cpu_utilization,21.23
2026-10-08T12:50:00Z,CMG-02,memory_utilization,32.42
2026-10-08T12:50:00Z,CMG-02,bgp_session_state,1.0
2026-10-08T12:50:00Z,CMG-02,throughput_gbps,104.35
2026-10-08T12:50:00Z,CMG-02,packet_loss_pct,0.0491
2026-10-08T12:50:00Z,CMG-02,active_bearers,518677.0
2026-10-08T12:50:00Z,CMG-03,cpu_utilization,27.53
2026-10-08T12:50:00Z,CMG-03,memory_utilization,31.98
2026-10-08T12:50:00Z,CMG-03,bgp_session_state,1.0
2026-10-08T12:50:00Z,CMG-03,throughput_gbps,102.49
2026-10-08T12:50:00Z,CMG-03,packet_loss_pct,0.0319
2026-10-08T12:50:00Z,CMG-03,active_bearers,452949.0
2026-10-08T12:50:00Z,UPF-01,cpu_utilization,29.25
2026-10-08T12:50:00Z,UPF-01,memory_utilization,48.11
2026-10-08T12:50:00Z,UPF-01,bgp_session_state,1.0
2026-10-08T12:50:00Z,UPF-01,throughput_gbps,108.79
2026-10-08T12:50:00Z,UPF-01,packet_loss_pct,0.0174
2026-10-08T12:50:00Z,UPF-01,active_bearers,520968.0
2026-10-08T12:50:00Z,UPF-02,cpu_utilization,20.37
2026-10-08T12:50:00Z,UPF-02,memory_utilization,34.06
2026-10-08T12:50:00Z,UPF-02,bgp_session_state,1.0
2026-10-08T12:50:00Z,UPF-02,throughput_gbps,107.07
2026-10-08T12:50:00Z,UPF-02,packet_loss_pct,0.0299
2026-10-08T12:50:00Z,UPF-02,active_bearers,512523.0
2026-10-08T12:55:00Z,CMG-01,cpu_utilization,25.19
2026-10-08T12:55:00Z,CMG-01,memory_utilization,44.81
2026-10-08T12:55:00Z,CMG-01,bgp_session_state,1.0
2026-10-08T12:55:00Z,CMG-01,throughput_gbps,117.4
2026-10-08T12:55:00Z,CMG-01,packet_loss_pct,0.0003
2026-10-08T12:55:00Z,CMG-01,active_bearers,504488.0
2026-10-08T12:55:00Z,CMG-02,cpu_utilization,26.52
2026-10-08T12:55:00Z,CMG-02,memory_utilization,31.82
2026-10-08T12:55:00Z,CMG-02,bgp_session_state,1.0
2026-10-08T12:55:00Z,CMG-02,throughput_gbps,107.59
2026-10-08T12:55:00Z,CMG-02,packet_loss_pct,0.0327
2026-10-08T12:55:00Z,CMG-02,active_bearers,491904.0
2026-10-08T12:55:00Z,CMG-03,cpu_utilization,26.39
2026-10-08T12:55:00Z,CMG-03,memory_utilization,40.13
2026-10-08T12:55:00Z,CMG-03,bgp_session_state,1.0
2026-10-08T12:55:00Z,CMG-03,throughput_gbps,94.55
2026-10-08T12:55:00Z,CMG-03,packet_loss_pct,0.01
2026-10-08T12:55:00Z,CMG-03,active_bearers,503603.0
2026-10-08T12:55:00Z,UPF-01,cpu_utilization,31.43
2026-10-08T12:55:00Z,UPF-01,memory_utilization,35.24
2026-10-08T12:55:00Z,UPF-01,bgp_session_state,1.0
2026-10-08T12:55:00Z,UPF-01,throughput_gbps,82.89
2026-10-08T12:55:00Z,UPF-01,packet_loss_pct,0.008
2026-10-08T12:55:00Z,UPF-01,active_bearers,498485.0
2026-10-08T12:55:00Z,UPF-02,cpu_utilization,17.69
2026-10-08T12:55:00Z,UPF-02,memory_utilization,35.95
2026-10-08T12:55:00Z,UPF-02,bgp_session_state,1.0
2026-10-08T12:55:00Z,UPF-02,throughput_gbps,92.68
2026-10-08T12:55:00Z,UPF-02,packet_loss_pct,0.0188
2026-10-08T12:55:00Z,UPF-02,active_bearers,481708.0
2026-10-08T13:00:00Z,CMG-01,cpu_utilization,21.63
2026-10-08T13:00:00Z,CMG-01,memory_utilization,31.64
2026-10-08T13:00:00Z,CMG-01,bgp_session_state,1.0
2026-10-08T13:00:00Z,CMG-01,throughput_gbps,98.76
2026-10-08T13:00:00Z,CMG-01,packet_loss_pct,0.0358
2026-10-08T13:00:00Z,CMG-01,active_bearers,461114.0
2026-10-08T13:00:00Z,CMG-02,cpu_utilization,27.14
2026-10-08T13:00:00Z,CMG-02,memory_utilization,35.54
2026-10-08T13:00:00Z,CMG-02,bgp_session_state,1.0
2026-10-08T13:00:00Z,CMG-02,throughput_gbps,93.4
2026-10-08T13:00:00Z,CMG-02,packet_loss_pct,0.0319
2026-10-08T13:00:00Z,CMG-02,active_bearers,496608.0
2026-10-08T13:00:00Z,CMG-03,cpu_utilization,24.5
2026-10-08T13:00:00Z,CMG-03,memory_utilization,48.77
2026-10-08T13:00:00Z,CMG-03,bgp_session_state,1.0
2026-10-08T13:00:00Z,CMG-03,throughput_gbps,100.0
2026-10-08T13:00:00Z,CMG-03,packet_loss_pct,0.0369
2026-10-08T13:00:00Z,CMG-03,active_bearers,539887.0
2026-10-08T13:00:00Z,UPF-01,cpu_utilization,21.46
2026-10-08T13:00:00Z,UPF-01,memory_utilization,33.04
2026-10-08T13:00:00Z,UPF-01,bgp_session_state,1.0
2026-10-08T13:00:00Z,UPF-01,throughput_gbps,102.48
2026-10-08T13:00:00Z,UPF-01,packet_loss_pct,0.0099
2026-10-08T13:00:00Z,UPF-01,active_bearers,460443.0
2026-10-08T13:00:00Z,UPF-02,cpu_utilization,27.06
2026-10-08T13:00:00Z,UPF-02,memory_utilization,45.74
2026-10-08T13:00:00Z,UPF-02,bgp_session_state,1.0
2026-10-08T13:00:00Z,UPF-02,throughput_gbps,119.29
2026-10-08T13:00:00Z,UPF-02,packet_loss_pct,0.042
2026-10-08T13:00:00Z,UPF-02,active_bearers,545323.0
2026-10-08T13:05:00Z,CMG-01,cpu_utilization,29.25
2026-10-08T13:05:00Z,CMG-01,memory_utilization,42.01
2026-10-08T13:05:00Z,CMG-01,bgp_session_state,1.0
2026-10-08T13:05:00Z,CMG-01,throughput_gbps,118.26
2026-10-08T13:05:00Z,CMG-01,packet_loss_pct,0.0
2026-10-08T13:05:00Z,CMG-01,active_bearers,455205.0
2026-10-08T13:05:00Z,CMG-02,cpu_utilization,31.03
2026-10-08T13:05:00Z,CMG-02,memory_utilization,47.35
2026-10-08T13:05:00Z,CMG-02,bgp_session_state,1.0
2026-10-08T13:05:00Z,CMG-02,throughput_gbps,100.98
2026-10-08T13:05:00Z,CMG-02,packet_loss_pct,0.0408
2026-10-08T13:05:00Z,CMG-02,active_bearers,538584.0
2026-10-08T13:05:00Z,CMG-03,cpu_utilization,28.7
2026-10-08T13:05:00Z,CMG-03,memory_utilization,36.09
2026-10-08T13:05:00Z,CMG-03,bgp_session_state,1.0
2026-10-08T13:05:00Z,CMG-03,throughput_gbps,112.89
2026-10-08T13:05:00Z,CMG-03,packet_loss_pct,0.0208
2026-10-08T13:05:00Z,CMG-03,active_bearers,488044.0
2026-10-08T13:05:00Z,UPF-01,cpu_utilization,20.25
2026-10-08T13:05:00Z,UPF-01,memory_utilization,37.55
2026-10-08T13:05:00Z,UPF-01,bgp_session_state,1.0
2026-10-08T13:05:00Z,UPF-01,throughput_gbps,99.34
2026-10-08T13:05:00Z,UPF-01,packet_loss_pct,0.0492
2026-10-08T13:05:00Z,UPF-01,active_bearers,529000.0
2026-10-08T13:05:00Z,UPF-02,cpu_utilization,23.25
2026-10-08T13:05:00Z,UPF-02,memory_utilization,30.37
2026-10-08T13:05:00Z,UPF-02,bgp_session_state,1.0
2026-10-08T13:05:00Z,UPF-02,throughput_gbps,101.13
2026-10-08T13:05:00Z,UPF-02,packet_loss_pct,0.0233
2026-10-08T13:05:00Z,UPF-02,active_bearers,539034.0
2026-10-08T13:10:00Z,CMG-01,cpu_utilization,28.64
2026-10-08T13:10:00Z,CMG-01,memory_utilization,31.45
2026-10-08T13:10:00Z,CMG-01,bgp_session_state,1.0
2026-10-08T13:10:00Z,CMG-01,throughput_gbps,116.92
2026-10-08T13:10:00Z,CMG-01,packet_loss_pct,0.0486
2026-10-08T13:10:00Z,CMG-01,active_bearers,488078.0
2026-10-08T13:10:00Z,CMG-02,cpu_utilization,19.75
2026-10-08T13:10:00Z,CMG-02,memory_utilization,41.66
2026-10-08T13:10:00Z,CMG-02,bgp_session_state,1.0
2026-10-08T13:10:00Z,CMG-02,throughput_gbps,94.77
2026-10-08T13:10:00Z,CMG-02,packet_loss_pct,0.02
2026-10-08T13:10:00Z,CMG-02,active_bearers,535888.0
2026-10-08T13:10:00Z,CMG-03,cpu_utilization,21.34
2026-10-08T13:10:00Z,CMG-03,memory_utilization,36.14
2026-10-08T13:10:00Z,CMG-03,bgp_session_state,1.0
2026-10-08T13:10:00Z,CMG-03,throughput_gbps,109.18
2026-10-08T13:10:00Z,CMG-03,packet_loss_pct,0.0351
2026-10-08T13:10:00Z,CMG-03,active_bearers,539537.0
2026-10-08T13:10:00Z,UPF-01,cpu_utilization,27.89
2026-10-08T13:10:00Z,UPF-01,memory_utilization,45.16
2026-10-08T13:10:00Z,UPF-01,bgp_session_state,1.0
2026-10-08T13:10:00Z,UPF-01,throughput_gbps,81.05
2026-10-08T13:10:00Z,UPF-01,packet_loss_pct,0.0269
2026-10-08T13:10:00Z,UPF-01,active_bearers,450338.0
2026-10-08T13:10:00Z,UPF-02,cpu_utilization,25.88
2026-10-08T13:10:00Z,UPF-02,memory_utilization,40.01
2026-10-08T13:10:00Z,UPF-02,bgp_session_state,1.0
2026-10-08T13:10:00Z,UPF-02,throughput_gbps,81.78
2026-10-08T13:10:00Z,UPF-02,packet_loss_pct,0.0387
2026-10-08T13:10:00Z,UPF-02,active_bearers,535862.0
2026-10-08T13:15:00Z,CMG-01,cpu_utilization,19.96
2026-10-08T13:15:00Z,CMG-01,memory_utilization,46.15
2026-10-08T13:15:00Z,CMG-01,bgp_session_state,1.0
2026-10-08T13:15:00Z,CMG-01,throughput_gbps,119.3
2026-10-08T13:15:00Z,CMG-01,packet_loss_pct,0.0417
2026-10-08T13:15:00Z,CMG-01,active_bearers,471244.0
2026-10-08T13:15:00Z,CMG-02,cpu_utilization,16.21
2026-10-08T13:15:00Z,CMG-02,memory_utilization,42.29
2026-10-08T13:15:00Z,CMG-02,bgp_session_state,1.0
2026-10-08T13:15:00Z,CMG-02,throughput_gbps,106.03
2026-10-08T13:15:00Z,CMG-02,packet_loss_pct,0.0407
2026-10-08T13:15:00Z,CMG-02,active_bearers,473244.0
2026-10-08T13:15:00Z,CMG-03,cpu_utilization,18.68
2026-10-08T13:15:00Z,CMG-03,memory_utilization,33.9
2026-10-08T13:15:00Z,CMG-03,bgp_session_state,1.0
2026-10-08T13:15:00Z,CMG-03,throughput_gbps,107.09
2026-10-08T13:15:00Z,CMG-03,packet_loss_pct,0.0105
2026-10-08T13:15:00Z,CMG-03,active_bearers,526470.0
2026-10-08T13:15:00Z,UPF-01,cpu_utilization,15.69
2026-10-08T13:15:00Z,UPF-01,memory_utilization,42.18
2026-10-08T13:15:00Z,UPF-01,bgp_session_state,1.0
2026-10-08T13:15:00Z,UPF-01,throughput_gbps,100.95
2026-10-08T13:15:00Z,UPF-01,packet_loss_pct,0.0294
2026-10-08T13:15:00Z,UPF-01,active_bearers,478299.0
2026-10-08T13:15:00Z,UPF-02,cpu_utilization,24.35
2026-10-08T13:15:00Z,UPF-02,memory_utilization,44.47
2026-10-08T13:15:00Z,UPF-02,bgp_session_state,1.0
2026-10-08T13:15:00Z,UPF-02,throughput_gbps,87.07
2026-10-08T13:15:00Z,UPF-02,packet_loss_pct,0.023
2026-10-08T13:15:00Z,UPF-02,active_bearers,450328.0
2026-10-08T13:20:00Z,CMG-01,cpu_utilization,31.52
2026-10-08T13:20:00Z,CMG-01,memory_utilization,35.02
2026-10-08T13:20:00Z,CMG-01,bgp_session_state,1.0
2026-10-08T13:20:00Z,CMG-01,throughput_gbps,81.32
2026-10-08T13:20:00Z,CMG-01,packet_loss_pct,0.0388
2026-10-08T13:20:00Z,CMG-01,active_bearers,545971.0
2026-10-08T13:20:00Z,CMG-02,cpu_utilization,20.56
2026-10-08T13:20:00Z,CMG-02,memory_utilization,47.25
2026-10-08T13:20:00Z,CMG-02,bgp_session_state,1.0
2026-10-08T13:20:00Z,CMG-02,throughput_gbps,94.4
2026-10-08T13:20:00Z,CMG-02,packet_loss_pct,0.0359
2026-10-08T13:20:00Z,CMG-02,active_bearers,470479.0
2026-10-08T13:20:00Z,CMG-03,cpu_utilization,21.72
2026-10-08T13:20:00Z,CMG-03,memory_utilization,33.54
2026-10-08T13:20:00Z,CMG-03,bgp_session_state,1.0
2026-10-08T13:20:00Z,CMG-03,throughput_gbps,88.28
2026-10-08T13:20:00Z,CMG-03,packet_loss_pct,0.0082
2026-10-08T13:20:00Z,CMG-03,active_bearers,466388.0
2026-10-08T13:20:00Z,UPF-01,cpu_utilization,20.17
2026-10-08T13:20:00Z,UPF-01,memory_utilization,43.33
2026-10-08T13:20:00Z,UPF-01,bgp_session_state,1.0
2026-10-08T13:20:00Z,UPF-01,throughput_gbps,116.3
2026-10-08T13:20:00Z,UPF-01,packet_loss_pct,0.0033
2026-10-08T13:20:00Z,UPF-01,active_bearers,494889.0
2026-10-08T13:20:00Z,UPF-02,cpu_utilization,20.54
2026-10-08T13:20:00Z,UPF-02,memory_utilization,40.99
2026-10-08T13:20:00Z,UPF-02,bgp_session_state,1.0
2026-10-08T13:20:00Z,UPF-02,throughput_gbps,85.37
2026-10-08T13:20:00Z,UPF-02,packet_loss_pct,0.0318
2026-10-08T13:20:00Z,UPF-02,active_bearers,457439.0
2026-10-08T13:25:00Z,CMG-01,cpu_utilization,20.67
2026-10-08T13:25:00Z,CMG-01,memory_utilization,42.37
2026-10-08T13:25:00Z,CMG-01,bgp_session_state,1.0
2026-10-08T13:25:00Z,CMG-01,throughput_gbps,81.96
2026-10-08T13:25:00Z,CMG-01,packet_loss_pct,0.0076
2026-10-08T13:25:00Z,CMG-01,active_bearers,487631.0
2026-10-08T13:25:00Z,CMG-02,cpu_utilization,24.22
2026-10-08T13:25:00Z,CMG-02,memory_utilization,34.51
2026-10-08T13:25:00Z,CMG-02,bgp_session_state,1.0
2026-10-08T13:25:00Z,CMG-02,throughput_gbps,101.91
2026-10-08T13:25:00Z,CMG-02,packet_loss_pct,0.0179
2026-10-08T13:25:00Z,CMG-02,active_bearers,549605.0
2026-10-08T13:25:00Z,CMG-03,cpu_utilization,29.07
2026-10-08T13:25:00Z,CMG-03,memory_utilization,34.65
2026-10-08T13:25:00Z,CMG-03,bgp_session_state,1.0
2026-10-08T13:25:00Z,CMG-03,throughput_gbps,114.92
2026-10-08T13:25:00Z,CMG-03,packet_loss_pct,0.0074
2026-10-08T13:25:00Z,CMG-03,active_bearers,481866.0
2026-10-08T13:25:00Z,UPF-01,cpu_utilization,15.7
2026-10-08T13:25:00Z,UPF-01,memory_utilization,37.66
2026-10-08T13:25:00Z,UPF-01,bgp_session_state,1.0
2026-10-08T13:25:00Z,UPF-01,throughput_gbps,117.11
2026-10-08T13:25:00Z,UPF-01,packet_loss_pct,0.0271
2026-10-08T13:25:00Z,UPF-01,active_bearers,537240.0
2026-10-08T13:25:00Z,UPF-02,cpu_utilization,30.36
2026-10-08T13:25:00Z,UPF-02,memory_utilization,45.2
2026-10-08T13:25:00Z,UPF-02,bgp_session_state,1.0
2026-10-08T13:25:00Z,UPF-02,throughput_gbps,115.04
2026-10-08T13:25:00Z,UPF-02,packet_loss_pct,0.0291
2026-10-08T13:25:00Z,UPF-02,active_bearers,517006.0
2026-10-08T13:30:00Z,CMG-01,cpu_utilization,21.95
2026-10-08T13:30:00Z,CMG-01,memory_utilization,31.79
2026-10-08T13:30:00Z,CMG-01,bgp_session_state,1.0
2026-10-08T13:30:00Z,CMG-01,throughput_gbps,113.33
2026-10-08T13:30:00Z,CMG-01,packet_loss_pct,0.0364
2026-10-08T13:30:00Z,CMG-01,active_bearers,519106.0
2026-10-08T13:30:00Z,CMG-02,cpu_utilization,23.4
2026-10-08T13:30:00Z,CMG-02,memory_utilization,47.8
2026-10-08T13:30:00Z,CMG-02,bgp_session_state,1.0
2026-10-08T13:30:00Z,CMG-02,throughput_gbps,89.36
2026-10-08T13:30:00Z,CMG-02,packet_loss_pct,0.0126
2026-10-08T13:30:00Z,CMG-02,active_bearers,498153.0
2026-10-08T13:30:00Z,CMG-03,cpu_utilization,23.49
2026-10-08T13:30:00Z,CMG-03,memory_utilization,36.06
2026-10-08T13:30:00Z,CMG-03,bgp_session_state,1.0
2026-10-08T13:30:00Z,CMG-03,throughput_gbps,84.91
2026-10-08T13:30:00Z,CMG-03,packet_loss_pct,0.0419
2026-10-08T13:30:00Z,CMG-03,active_bearers,509493.0
2026-10-08T13:30:00Z,UPF-01,cpu_utilization,29.67
2026-10-08T13:30:00Z,UPF-01,memory_utilization,42.83
2026-10-08T13:30:00Z,UPF-01,bgp_session_state,1.0
2026-10-08T13:30:00Z,UPF-01,throughput_gbps,101.42
2026-10-08T13:30:00Z,UPF-01,packet_loss_pct,0.0386
2026-10-08T13:30:00Z,UPF-01,active_bearers,503924.0
2026-10-08T13:30:00Z,UPF-02,cpu_utilization,17.96
2026-10-08T13:30:00Z,UPF-02,memory_utilization,31.52
2026-10-08T13:30:00Z,UPF-02,bgp_session_state,1.0
2026-10-08T13:30:00Z,UPF-02,throughput_gbps,98.78
2026-10-08T13:30:00Z,UPF-02,packet_loss_pct,0.0483
2026-10-08T13:30:00Z,UPF-02,active_bearers,534421.0
2026-10-08T13:35:00Z,CMG-01,cpu_utilization,22.27
2026-10-08T13:35:00Z,CMG-01,memory_utilization,32.1
2026-10-08T13:35:00Z,CMG-01,bgp_session_state,1.0
2026-10-08T13:35:00Z,CMG-01,throughput_gbps,85.85
2026-10-08T13:35:00Z,CMG-01,packet_loss_pct,0.0345
2026-10-08T13:35:00Z,CMG-01,active_bearers,540183.0
2026-10-08T13:35:00Z,CMG-02,cpu_utilization,21.59
2026-10-08T13:35:00Z,CMG-02,memory_utilization,45.63
2026-10-08T13:35:00Z,CMG-02,bgp_session_state,1.0
2026-10-08T13:35:00Z,CMG-02,throughput_gbps,82.42
2026-10-08T13:35:00Z,CMG-02,packet_loss_pct,0.008
2026-10-08T13:35:00Z,CMG-02,active_bearers,495752.0
2026-10-08T13:35:00Z,CMG-03,cpu_utilization,15.85
2026-10-08T13:35:00Z,CMG-03,memory_utilization,48.42
2026-10-08T13:35:00Z,CMG-03,bgp_session_state,1.0
2026-10-08T13:35:00Z,CMG-03,throughput_gbps,102.02
2026-10-08T13:35:00Z,CMG-03,packet_loss_pct,0.0432
2026-10-08T13:35:00Z,CMG-03,active_bearers,477198.0
2026-10-08T13:35:00Z,UPF-01,cpu_utilization,25.78
2026-10-08T13:35:00Z,UPF-01,memory_utilization,46.59
2026-10-08T13:35:00Z,UPF-01,bgp_session_state,1.0
2026-10-08T13:35:00Z,UPF-01,throughput_gbps,80.4
2026-10-08T13:35:00Z,UPF-01,packet_loss_pct,0.0036
2026-10-08T13:35:00Z,UPF-01,active_bearers,538053.0
2026-10-08T13:35:00Z,UPF-02,cpu_utilization,34.22
2026-10-08T13:35:00Z,UPF-02,memory_utilization,49.91
2026-10-08T13:35:00Z,UPF-02,bgp_session_state,1.0
2026-10-08T13:35:00Z,UPF-02,throughput_gbps,111.81
2026-10-08T13:35:00Z,UPF-02,packet_loss_pct,0.0361
2026-10-08T13:35:00Z,UPF-02,active_bearers,534941.0
2026-10-08T13:40:00Z,CMG-01,cpu_utilization,28.42
2026-10-08T13:40:00Z,CMG-01,memory_utilization,46.06
2026-10-08T13:40:00Z,CMG-01,bgp_session_state,1.0
2026-10-08T13:40:00Z,CMG-01,throughput_gbps,87.75
2026-10-08T13:40:00Z,CMG-01,packet_loss_pct,0.0139
2026-10-08T13:40:00Z,CMG-01,active_bearers,529715.0
2026-10-08T13:40:00Z,CMG-02,cpu_utilization,20.99
2026-10-08T13:40:00Z,CMG-02,memory_utilization,34.63
2026-10-08T13:40:00Z,CMG-02,bgp_session_state,1.0
2026-10-08T13:40:00Z,CMG-02,throughput_gbps,94.17
2026-10-08T13:40:00Z,CMG-02,packet_loss_pct,0.029
2026-10-08T13:40:00Z,CMG-02,active_bearers,538795.0
2026-10-08T13:40:00Z,CMG-03,cpu_utilization,25.94
2026-10-08T13:40:00Z,CMG-03,memory_utilization,44.43
2026-10-08T13:40:00Z,CMG-03,bgp_session_state,1.0
2026-10-08T13:40:00Z,CMG-03,throughput_gbps,117.33
2026-10-08T13:40:00Z,CMG-03,packet_loss_pct,0.0096
2026-10-08T13:40:00Z,CMG-03,active_bearers,484981.0
2026-10-08T13:40:00Z,UPF-01,cpu_utilization,29.87
2026-10-08T13:40:00Z,UPF-01,memory_utilization,47.77
2026-10-08T13:40:00Z,UPF-01,bgp_session_state,1.0
2026-10-08T13:40:00Z,UPF-01,throughput_gbps,115.46
2026-10-08T13:40:00Z,UPF-01,packet_loss_pct,0.0232
2026-10-08T13:40:00Z,UPF-01,active_bearers,549607.0
2026-10-08T13:40:00Z,UPF-02,cpu_utilization,32.81
2026-10-08T13:40:00Z,UPF-02,memory_utilization,38.92
2026-10-08T13:40:00Z,UPF-02,bgp_session_state,1.0
2026-10-08T13:40:00Z,UPF-02,throughput_gbps,108.08
2026-10-08T13:40:00Z,UPF-02,packet_loss_pct,0.0245
2026-10-08T13:40:00Z,UPF-02,active_bearers,529354.0
2026-10-08T13:45:00Z,CMG-01,cpu_utilization,18.62
2026-10-08T13:45:00Z,CMG-01,memory_utilization,37.23
2026-10-08T13:45:00Z,CMG-01,bgp_session_state,1.0
2026-10-08T13:45:00Z,CMG-01,throughput_gbps,111.47
2026-10-08T13:45:00Z,CMG-01,packet_loss_pct,0.0365
2026-10-08T13:45:00Z,CMG-01,active_bearers,470213.0
2026-10-08T13:45:00Z,CMG-02,cpu_utilization,24.67
2026-10-08T13:45:00Z,CMG-02,memory_utilization,35.49
2026-10-08T13:45:00Z,CMG-02,bgp_session_state,1.0
2026-10-08T13:45:00Z,CMG-02,throughput_gbps,98.61
2026-10-08T13:45:00Z,CMG-02,packet_loss_pct,0.0155
2026-10-08T13:45:00Z,CMG-02,active_bearers,541717.0
2026-10-08T13:45:00Z,CMG-03,cpu_utilization,15.04
2026-10-08T13:45:00Z,CMG-03,memory_utilization,47.31
2026-10-08T13:45:00Z,CMG-03,bgp_session_state,1.0
2026-10-08T13:45:00Z,CMG-03,throughput_gbps,107.87
2026-10-08T13:45:00Z,CMG-03,packet_loss_pct,0.0258
2026-10-08T13:45:00Z,CMG-03,active_bearers,520393.0
2026-10-08T13:45:00Z,UPF-01,cpu_utilization,28.35
2026-10-08T13:45:00Z,UPF-01,memory_utilization,46.58
2026-10-08T13:45:00Z,UPF-01,bgp_session_state,1.0
2026-10-08T13:45:00Z,UPF-01,throughput_gbps,105.93
2026-10-08T13:45:00Z,UPF-01,packet_loss_pct,0.0413
2026-10-08T13:45:00Z,UPF-01,active_bearers,485533.0
2026-10-08T13:45:00Z,UPF-02,cpu_utilization,34.65
2026-10-08T13:45:00Z,UPF-02,memory_utilization,31.41
2026-10-08T13:45:00Z,UPF-02,bgp_session_state,1.0
2026-10-08T13:45:00Z,UPF-02,throughput_gbps,110.23
2026-10-08T13:45:00Z,UPF-02,packet_loss_pct,0.0461
2026-10-08T13:45:00Z,UPF-02,active_bearers,452078.0
2026-10-08T13:50:00Z,CMG-01,cpu_utilization,19.28
2026-10-08T13:50:00Z,CMG-01,memory_utilization,32.32
2026-10-08T13:50:00Z,CMG-01,bgp_session_state,1.0
2026-10-08T13:50:00Z,CMG-01,throughput_gbps,107.11
2026-10-08T13:50:00Z,CMG-01,packet_loss_pct,0.0433
2026-10-08T13:50:00Z,CMG-01,active_bearers,501988.0
2026-10-08T13:50:00Z,CMG-02,cpu_utilization,16.02
2026-10-08T13:50:00Z,CMG-02,memory_utilization,32.26
2026-10-08T13:50:00Z,CMG-02,bgp_session_state,1.0
2026-10-08T13:50:00Z,CMG-02,throughput_gbps,104.35
2026-10-08T13:50:00Z,CMG-02,packet_loss_pct,0.0163
2026-10-08T13:50:00Z,CMG-02,active_bearers,543203.0
2026-10-08T13:50:00Z,CMG-03,cpu_utilization,20.89
2026-10-08T13:50:00Z,CMG-03,memory_utilization,37.87
2026-10-08T13:50:00Z,CMG-03,bgp_session_state,1.0
2026-10-08T13:50:00Z,CMG-03,throughput_gbps,109.02
2026-10-08T13:50:00Z,CMG-03,packet_loss_pct,0.039
2026-10-08T13:50:00Z,CMG-03,active_bearers,512468.0
2026-10-08T13:50:00Z,UPF-01,cpu_utilization,20.06
2026-10-08T13:50:00Z,UPF-01,memory_utilization,33.19
2026-10-08T13:50:00Z,UPF-01,bgp_session_state,1.0
2026-10-08T13:50:00Z,UPF-01,throughput_gbps,82.65
2026-10-08T13:50:00Z,UPF-01,packet_loss_pct,0.02
2026-10-08T13:50:00Z,UPF-01,active_bearers,525522.0
2026-10-08T13:50:00Z,UPF-02,cpu_utilization,25.57
2026-10-08T13:50:00Z,UPF-02,memory_utilization,34.04
2026-10-08T13:50:00Z,UPF-02,bgp_session_state,1.0
2026-10-08T13:50:00Z,UPF-02,throughput_gbps,83.56
2026-10-08T13:50:00Z,UPF-02,packet_loss_pct,0.0373
2026-10-08T13:50:00Z,UPF-02,active_bearers,516234.0
2026-10-08T13:55:00Z,CMG-01,cpu_utilization,19.29
2026-10-08T13:55:00Z,CMG-01,memory_utilization,34.29
2026-10-08T13:55:00Z,CMG-01,bgp_session_state,1.0
2026-10-08T13:55:00Z,CMG-01,throughput_gbps,117.48
2026-10-08T13:55:00Z,CMG-01,packet_loss_pct,0.0166
2026-10-08T13:55:00Z,CMG-01,active_bearers,457977.0
2026-10-08T13:55:00Z,CMG-02,cpu_utilization,18.14
2026-10-08T13:55:00Z,CMG-02,memory_utilization,32.41
2026-10-08T13:55:00Z,CMG-02,bgp_session_state,1.0
2026-10-08T13:55:00Z,CMG-02,throughput_gbps,119.41
2026-10-08T13:55:00Z,CMG-02,packet_loss_pct,0.0248
2026-10-08T13:55:00Z,CMG-02,active_bearers,500735.0
2026-10-08T13:55:00Z,CMG-03,cpu_utilization,29.42
2026-10-08T13:55:00Z,CMG-03,memory_utilization,40.46
2026-10-08T13:55:00Z,CMG-03,bgp_session_state,1.0
2026-10-08T13:55:00Z,CMG-03,throughput_gbps,88.9
2026-10-08T13:55:00Z,CMG-03,packet_loss_pct,0.0162
2026-10-08T13:55:00Z,CMG-03,active_bearers,468987.0
2026-10-08T13:55:00Z,UPF-01,cpu_utilization,16.03
2026-10-08T13:55:00Z,UPF-01,memory_utilization,41.3
2026-10-08T13:55:00Z,UPF-01,bgp_session_state,1.0
2026-10-08T13:55:00Z,UPF-01,throughput_gbps,115.81
2026-10-08T13:55:00Z,UPF-01,packet_loss_pct,0.0404
2026-10-08T13:55:00Z,UPF-01,active_bearers,466302.0
2026-10-08T13:55:00Z,UPF-02,cpu_utilization,23.38
2026-10-08T13:55:00Z,UPF-02,memory_utilization,44.24
2026-10-08T13:55:00Z,UPF-02,bgp_session_state,1.0
2026-10-08T13:55:00Z,UPF-02,throughput_gbps,95.12
2026-10-08T13:55:00Z,UPF-02,packet_loss_pct,0.0357
2026-10-08T13:55:00Z,UPF-02,active_bearers,495902.0
2026-10-08T14:00:00Z,CMG-01,cpu_utilization,16.77
2026-10-08T14:00:00Z,CMG-01,memory_utilization,46.34
2026-10-08T14:00:00Z,CMG-01,bgp_session_state,1.0
2026-10-08T14:00:00Z,CMG-01,throughput_gbps,80.77
2026-10-08T14:00:00Z,CMG-01,packet_loss_pct,0.02
2026-10-08T14:00:00Z,CMG-01,active_bearers,483218.0
2026-10-08T14:00:00Z,CMG-02,cpu_utilization,18.07
2026-10-08T14:00:00Z,CMG-02,memory_utilization,34.87
2026-10-08T14:00:00Z,CMG-02,bgp_session_state,1.0
2026-10-08T14:00:00Z,CMG-02,throughput_gbps,88.79
2026-10-08T14:00:00Z,CMG-02,packet_loss_pct,0.0085
2026-10-08T14:00:00Z,CMG-02,active_bearers,513591.0
2026-10-08T14:00:00Z,CMG-03,cpu_utilization,33.69
2026-10-08T14:00:00Z,CMG-03,memory_utilization,40.06
2026-10-08T14:00:00Z,CMG-03,bgp_session_state,1.0
2026-10-08T14:00:00Z,CMG-03,throughput_gbps,16.98
2026-10-08T14:00:00Z,CMG-03,packet_loss_pct,0.0147
2026-10-08T14:00:00Z,CMG-03,active_bearers,14341.0
2026-10-08T14:00:00Z,UPF-01,cpu_utilization,30.62
2026-10-08T14:00:00Z,UPF-01,memory_utilization,41.39
2026-10-08T14:00:00Z,UPF-01,bgp_session_state,1.0
2026-10-08T14:00:00Z,UPF-01,throughput_gbps,88.0
2026-10-08T14:00:00Z,UPF-01,packet_loss_pct,0.0342
2026-10-08T14:00:00Z,UPF-01,active_bearers,537713.0
2026-10-08T14:00:00Z,UPF-02,cpu_utilization,22.89
2026-10-08T14:00:00Z,UPF-02,memory_utilization,40.96
2026-10-08T14:00:00Z,UPF-02,bgp_session_state,1.0
2026-10-08T14:00:00Z,UPF-02,throughput_gbps,23.25
2026-10-08T14:00:00Z,UPF-02,packet_loss_pct,0.0443
2026-10-08T14:00:00Z,UPF-02,active_bearers,11091.0
2026-10-08T14:05:00Z,CMG-01,cpu_utilization,30.07
2026-10-08T14:05:00Z,CMG-01,memory_utilization,48.37
2026-10-08T14:05:00Z,CMG-01,bgp_session_state,1.0
2026-10-08T14:05:00Z,CMG-01,throughput_gbps,109.64
2026-10-08T14:05:00Z,CMG-01,packet_loss_pct,0.0016
2026-10-08T14:05:00Z,CMG-01,active_bearers,524457.0
2026-10-08T14:05:00Z,CMG-02,cpu_utilization,31.84
2026-10-08T14:05:00Z,CMG-02,memory_utilization,43.22
2026-10-08T14:05:00Z,CMG-02,bgp_session_state,1.0
2026-10-08T14:05:00Z,CMG-02,throughput_gbps,111.85
2026-10-08T14:05:00Z,CMG-02,packet_loss_pct,0.0371
2026-10-08T14:05:00Z,CMG-02,active_bearers,493418.0
2026-10-08T14:05:00Z,CMG-03,cpu_utilization,24.59
2026-10-08T14:05:00Z,CMG-03,memory_utilization,32.56
2026-10-08T14:05:00Z,CMG-03,bgp_session_state,1.0
2026-10-08T14:05:00Z,CMG-03,throughput_gbps,21.8
2026-10-08T14:05:00Z,CMG-03,packet_loss_pct,0.0352
2026-10-08T14:05:00Z,CMG-03,active_bearers,17042.0
2026-10-08T14:05:00Z,UPF-01,cpu_utilization,24.57
2026-10-08T14:05:00Z,UPF-01,memory_utilization,34.57
2026-10-08T14:05:00Z,UPF-01,bgp_session_state,1.0
2026-10-08T14:05:00Z,UPF-01,throughput_gbps,106.1
2026-10-08T14:05:00Z,UPF-01,packet_loss_pct,0.0294
2026-10-08T14:05:00Z,UPF-01,active_bearers,470005.0
2026-10-08T14:05:00Z,UPF-02,cpu_utilization,22.78
2026-10-08T14:05:00Z,UPF-02,memory_utilization,45.58
2026-10-08T14:05:00Z,UPF-02,bgp_session_state,1.0
2026-10-08T14:05:00Z,UPF-02,throughput_gbps,20.1
2026-10-08T14:05:00Z,UPF-02,packet_loss_pct,0.0409
2026-10-08T14:05:00Z,UPF-02,active_bearers,23390.0
2026-10-08T14:10:00Z,CMG-01,cpu_utilization,32.02
2026-10-08T14:10:00Z,CMG-01,memory_utilization,33.62
2026-10-08T14:10:00Z,CMG-01,bgp_session_state,1.0
2026-10-08T14:10:00Z,CMG-01,throughput_gbps,117.91
2026-10-08T14:10:00Z,CMG-01,packet_loss_pct,0.0393
2026-10-08T14:10:00Z,CMG-01,active_bearers,472280.0
2026-10-08T14:10:00Z,CMG-02,cpu_utilization,16.65
2026-10-08T14:10:00Z,CMG-02,memory_utilization,36.92
2026-10-08T14:10:00Z,CMG-02,bgp_session_state,1.0
2026-10-08T14:10:00Z,CMG-02,throughput_gbps,102.72
2026-10-08T14:10:00Z,CMG-02,packet_loss_pct,0.0065
2026-10-08T14:10:00Z,CMG-02,active_bearers,536990.0
2026-10-08T14:10:00Z,CMG-03,cpu_utilization,28.8
2026-10-08T14:10:00Z,CMG-03,memory_utilization,42.24
2026-10-08T14:10:00Z,CMG-03,bgp_session_state,1.0
2026-10-08T14:10:00Z,CMG-03,throughput_gbps,12.69
2026-10-08T14:10:00Z,CMG-03,packet_loss_pct,0.0397
2026-10-08T14:10:00Z,CMG-03,active_bearers,45529.0
2026-10-08T14:10:00Z,UPF-01,cpu_utilization,18.65
2026-10-08T14:10:00Z,UPF-01,memory_utilization,31.47
2026-10-08T14:10:00Z,UPF-01,bgp_session_state,1.0
2026-10-08T14:10:00Z,UPF-01,throughput_gbps,80.23
2026-10-08T14:10:00Z,UPF-01,packet_loss_pct,0.0059
2026-10-08T14:10:00Z,UPF-01,active_bearers,529918.0
2026-10-08T14:10:00Z,UPF-02,cpu_utilization,22.41
2026-10-08T14:10:00Z,UPF-02,memory_utilization,31.93
2026-10-08T14:10:00Z,UPF-02,bgp_session_state,1.0
2026-10-08T14:10:00Z,UPF-02,throughput_gbps,13.84
2026-10-08T14:10:00Z,UPF-02,packet_loss_pct,0.0091
2026-10-08T14:10:00Z,UPF-02,active_bearers,31189.0
2026-10-08T14:15:00Z,CMG-01,cpu_utilization,29.09
2026-10-08T14:15:00Z,CMG-01,memory_utilization,35.57
2026-10-08T14:15:00Z,CMG-01,bgp_session_state,1.0
2026-10-08T14:15:00Z,CMG-01,throughput_gbps,100.96
2026-10-08T14:15:00Z,CMG-01,packet_loss_pct,0.0033
2026-10-08T14:15:00Z,CMG-01,active_bearers,488954.0
2026-10-08T14:15:00Z,CMG-02,cpu_utilization,15.14
2026-10-08T14:15:00Z,CMG-02,memory_utilization,36.57
2026-10-08T14:15:00Z,CMG-02,bgp_session_state,1.0
2026-10-08T14:15:00Z,CMG-02,throughput_gbps,84.27
2026-10-08T14:15:00Z,CMG-02,packet_loss_pct,0.0426
2026-10-08T14:15:00Z,CMG-02,active_bearers,485623.0
2026-10-08T14:15:00Z,CMG-03,cpu_utilization,15.37
2026-10-08T14:15:00Z,CMG-03,memory_utilization,37.95
2026-10-08T14:15:00Z,CMG-03,bgp_session_state,1.0
2026-10-08T14:15:00Z,CMG-03,throughput_gbps,23.64
2026-10-08T14:15:00Z,CMG-03,packet_loss_pct,0.0018
2026-10-08T14:15:00Z,CMG-03,active_bearers,25812.0
2026-10-08T14:15:00Z,UPF-01,cpu_utilization,19.01
2026-10-08T14:15:00Z,UPF-01,memory_utilization,46.35
2026-10-08T14:15:00Z,UPF-01,bgp_session_state,1.0
2026-10-08T14:15:00Z,UPF-01,throughput_gbps,105.87
2026-10-08T14:15:00Z,UPF-01,packet_loss_pct,0.0081
2026-10-08T14:15:00Z,UPF-01,active_bearers,488383.0
2026-10-08T14:15:00Z,UPF-02,cpu_utilization,24.02
2026-10-08T14:15:00Z,UPF-02,memory_utilization,32.05
2026-10-08T14:15:00Z,UPF-02,bgp_session_state,1.0
2026-10-08T14:15:00Z,UPF-02,throughput_gbps,17.71
2026-10-08T14:15:00Z,UPF-02,packet_loss_pct,0.0361
2026-10-08T14:15:00Z,UPF-02,active_bearers,18462.0
2026-10-08T14:20:00Z,CMG-01,cpu_utilization,27.73
2026-10-08T14:20:00Z,CMG-01,memory_utilization,34.75
2026-10-08T14:20:00Z,CMG-01,bgp_session_state,1.0
2026-10-08T14:20:00Z,CMG-01,throughput_gbps,80.64
2026-10-08T14:20:00Z,CMG-01,packet_loss_pct,0.0075
2026-10-08T14:20:00Z,CMG-01,active_bearers,475211.0
2026-10-08T14:20:00Z,CMG-02,cpu_utilization,27.65
2026-10-08T14:20:00Z,CMG-02,memory_utilization,30.12
2026-10-08T14:20:00Z,CMG-02,bgp_session_state,1.0
2026-10-08T14:20:00Z,CMG-02,throughput_gbps,101.1
2026-10-08T14:20:00Z,CMG-02,packet_loss_pct,0.0202
2026-10-08T14:20:00Z,CMG-02,active_bearers,471608.0
2026-10-08T14:20:00Z,CMG-03,cpu_utilization,24.22
2026-10-08T14:20:00Z,CMG-03,memory_utilization,37.2
2026-10-08T14:20:00Z,CMG-03,bgp_session_state,1.0
2026-10-08T14:20:00Z,CMG-03,throughput_gbps,105.32
2026-10-08T14:20:00Z,CMG-03,packet_loss_pct,0.0198
2026-10-08T14:20:00Z,CMG-03,active_bearers,456515.0
2026-10-08T14:20:00Z,UPF-01,cpu_utilization,16.41
2026-10-08T14:20:00Z,UPF-01,memory_utilization,33.35
2026-10-08T14:20:00Z,UPF-01,bgp_session_state,1.0
2026-10-08T14:20:00Z,UPF-01,throughput_gbps,94.72
2026-10-08T14:20:00Z,UPF-01,packet_loss_pct,0.0126
2026-10-08T14:20:00Z,UPF-01,active_bearers,464392.0
2026-10-08T14:20:00Z,UPF-02,cpu_utilization,33.84
2026-10-08T14:20:00Z,UPF-02,memory_utilization,32.86
2026-10-08T14:20:00Z,UPF-02,bgp_session_state,1.0
2026-10-08T14:20:00Z,UPF-02,throughput_gbps,110.28
2026-10-08T14:20:00Z,UPF-02,packet_loss_pct,0.0231
2026-10-08T14:20:00Z,UPF-02,active_bearers,457795.0
2026-10-08T14:25:00Z,CMG-01,cpu_utilization,30.4
2026-10-08T14:25:00Z,CMG-01,memory_utilization,46.12
2026-10-08T14:25:00Z,CMG-01,bgp_session_state,1.0
2026-10-08T14:25:00Z,CMG-01,throughput_gbps,102.52
2026-10-08T14:25:00Z,CMG-01,packet_loss_pct,0.0084
2026-10-08T14:25:00Z,CMG-01,active_bearers,491245.0
2026-10-08T14:25:00Z,CMG-02,cpu_utilization,27.66
2026-10-08T14:25:00Z,CMG-02,memory_utilization,47.47
2026-10-08T14:25:00Z,CMG-02,bgp_session_state,1.0
2026-10-08T14:25:00Z,CMG-02,throughput_gbps,92.57
2026-10-08T14:25:00Z,CMG-02,packet_loss_pct,0.0207
2026-10-08T14:25:00Z,CMG-02,active_bearers,532519.0
2026-10-08T14:25:00Z,CMG-03,cpu_utilization,21.26
2026-10-08T14:25:00Z,CMG-03,memory_utilization,41.5
2026-10-08T14:25:00Z,CMG-03,bgp_session_state,1.0
2026-10-08T14:25:00Z,CMG-03,throughput_gbps,103.06
2026-10-08T14:25:00Z,CMG-03,packet_loss_pct,0.0042
2026-10-08T14:25:00Z,CMG-03,active_bearers,533304.0
2026-10-08T14:25:00Z,UPF-01,cpu_utilization,16.27
2026-10-08T14:25:00Z,UPF-01,memory_utilization,45.46
2026-10-08T14:25:00Z,UPF-01,bgp_session_state,1.0
2026-10-08T14:25:00Z,UPF-01,throughput_gbps,117.17
2026-10-08T14:25:00Z,UPF-01,packet_loss_pct,0.0479
2026-10-08T14:25:00Z,UPF-01,active_bearers,497503.0
2026-10-08T14:25:00Z,UPF-02,cpu_utilization,34.63
2026-10-08T14:25:00Z,UPF-02,memory_utilization,45.8
2026-10-08T14:25:00Z,UPF-02,bgp_session_state,1.0
2026-10-08T14:25:00Z,UPF-02,throughput_gbps,89.02
2026-10-08T14:25:00Z,UPF-02,packet_loss_pct,0.0002
2026-10-08T14:25:00Z,UPF-02,active_bearers,503706.0
2026-10-08T14:30:00Z,CMG-01,cpu_utilization,15.27
2026-10-08T14:30:00Z,CMG-01,memory_utilization,48.65
2026-10-08T14:30:00Z,CMG-01,bgp_session_state,1.0
2026-10-08T14:30:00Z,CMG-01,throughput_gbps,80.13
2026-10-08T14:30:00Z,CMG-01,packet_loss_pct,0.0384
2026-10-08T14:30:00Z,CMG-01,active_bearers,493405.0
2026-10-08T14:30:00Z,CMG-02,cpu_utilization,29.31
2026-10-08T14:30:00Z,CMG-02,memory_utilization,33.91
2026-10-08T14:30:00Z,CMG-02,bgp_session_state,1.0
2026-10-08T14:30:00Z,CMG-02,throughput_gbps,112.9
2026-10-08T14:30:00Z,CMG-02,packet_loss_pct,0.0104
2026-10-08T14:30:00Z,CMG-02,active_bearers,528702.0
2026-10-08T14:30:00Z,CMG-03,cpu_utilization,21.12
2026-10-08T14:30:00Z,CMG-03,memory_utilization,34.16
2026-10-08T14:30:00Z,CMG-03,bgp_session_state,1.0
2026-10-08T14:30:00Z,CMG-03,throughput_gbps,85.66
2026-10-08T14:30:00Z,CMG-03,packet_loss_pct,0.0472
2026-10-08T14:30:00Z,CMG-03,active_bearers,483896.0
2026-10-08T14:30:00Z,UPF-01,cpu_utilization,23.39
2026-10-08T14:30:00Z,UPF-01,memory_utilization,39.35
2026-10-08T14:30:00Z,UPF-01,bgp_session_state,1.0
2026-10-08T14:30:00Z,UPF-01,throughput_gbps,90.71
2026-10-08T14:30:00Z,UPF-01,packet_loss_pct,0.0088
2026-10-08T14:30:00Z,UPF-01,active_bearers,547672.0
2026-10-08T14:30:00Z,UPF-02,cpu_utilization,34.82
2026-10-08T14:30:00Z,UPF-02,memory_utilization,49.4
2026-10-08T14:30:00Z,UPF-02,bgp_session_state,1.0
2026-10-08T14:30:00Z,UPF-02,throughput_gbps,95.85
2026-10-08T14:30:00Z,UPF-02,packet_loss_pct,0.0401
2026-10-08T14:30:00Z,UPF-02,active_bearers,529995.0
2026-10-08T14:35:00Z,CMG-01,cpu_utilization,18.46
2026-10-08T14:35:00Z,CMG-01,memory_utilization,46.47
2026-10-08T14:35:00Z,CMG-01,bgp_session_state,1.0
2026-10-08T14:35:00Z,CMG-01,throughput_gbps,81.17
2026-10-08T14:35:00Z,CMG-01,packet_loss_pct,0.0042
2026-10-08T14:35:00Z,CMG-01,active_bearers,456105.0
2026-10-08T14:35:00Z,CMG-02,cpu_utilization,28.64
2026-10-08T14:35:00Z,CMG-02,memory_utilization,32.96
2026-10-08T14:35:00Z,CMG-02,bgp_session_state,1.0
2026-10-08T14:35:00Z,CMG-02,throughput_gbps,118.3
2026-10-08T14:35:00Z,CMG-02,packet_loss_pct,0.0346
2026-10-08T14:35:00Z,CMG-02,active_bearers,544590.0
2026-10-08T14:35:00Z,CMG-03,cpu_utilization,34.26
2026-10-08T14:35:00Z,CMG-03,memory_utilization,46.64
2026-10-08T14:35:00Z,CMG-03,bgp_session_state,1.0
2026-10-08T14:35:00Z,CMG-03,throughput_gbps,107.97
2026-10-08T14:35:00Z,CMG-03,packet_loss_pct,0.0144
2026-10-08T14:35:00Z,CMG-03,active_bearers,485599.0
2026-10-08T14:35:00Z,UPF-01,cpu_utilization,28.64
2026-10-08T14:35:00Z,UPF-01,memory_utilization,33.2
2026-10-08T14:35:00Z,UPF-01,bgp_session_state,1.0
2026-10-08T14:35:00Z,UPF-01,throughput_gbps,105.19
2026-10-08T14:35:00Z,UPF-01,packet_loss_pct,0.0441
2026-10-08T14:35:00Z,UPF-01,active_bearers,466878.0
2026-10-08T14:35:00Z,UPF-02,cpu_utilization,18.82
2026-10-08T14:35:00Z,UPF-02,memory_utilization,38.19
2026-10-08T14:35:00Z,UPF-02,bgp_session_state,1.0
2026-10-08T14:35:00Z,UPF-02,throughput_gbps,88.84
2026-10-08T14:35:00Z,UPF-02,packet_loss_pct,0.0339
2026-10-08T14:35:00Z,UPF-02,active_bearers,452039.0
2026-10-08T14:40:00Z,CMG-01,cpu_utilization,17.09
2026-10-08T14:40:00Z,CMG-01,memory_utilization,31.52
2026-10-08T14:40:00Z,CMG-01,bgp_session_state,1.0
2026-10-08T14:40:00Z,CMG-01,throughput_gbps,86.37
2026-10-08T14:40:00Z,CMG-01,packet_loss_pct,0.0144
2026-10-08T14:40:00Z,CMG-01,active_bearers,476674.0
2026-10-08T14:40:00Z,CMG-02,cpu_utilization,28.11
2026-10-08T14:40:00Z,CMG-02,memory_utilization,44.93
2026-10-08T14:40:00Z,CMG-02,bgp_session_state,1.0
2026-10-08T14:40:00Z,CMG-02,throughput_gbps,85.28
2026-10-08T14:40:00Z,CMG-02,packet_loss_pct,0.0204
2026-10-08T14:40:00Z,CMG-02,active_bearers,488256.0
2026-10-08T14:40:00Z,CMG-03,cpu_utilization,25.95
2026-10-08T14:40:00Z,CMG-03,memory_utilization,47.93
2026-10-08T14:40:00Z,CMG-03,bgp_session_state,1.0
2026-10-08T14:40:00Z,CMG-03,throughput_gbps,83.72
2026-10-08T14:40:00Z,CMG-03,packet_loss_pct,0.0442
2026-10-08T14:40:00Z,CMG-03,active_bearers,469308.0
2026-10-08T14:40:00Z,UPF-01,cpu_utilization,22.17
2026-10-08T14:40:00Z,UPF-01,memory_utilization,32.15
2026-10-08T14:40:00Z,UPF-01,bgp_session_state,1.0
2026-10-08T14:40:00Z,UPF-01,throughput_gbps,104.63
2026-10-08T14:40:00Z,UPF-01,packet_loss_pct,0.0247
2026-10-08T14:40:00Z,UPF-01,active_bearers,510424.0
2026-10-08T14:40:00Z,UPF-02,cpu_utilization,26.69
2026-10-08T14:40:00Z,UPF-02,memory_utilization,35.55
2026-10-08T14:40:00Z,UPF-02,bgp_session_state,1.0
2026-10-08T14:40:00Z,UPF-02,throughput_gbps,80.16
2026-10-08T14:40:00Z,UPF-02,packet_loss_pct,0.0225
2026-10-08T14:40:00Z,UPF-02,active_bearers,531549.0
2026-10-08T14:45:00Z,CMG-01,cpu_utilization,16.06
2026-10-08T14:45:00Z,CMG-01,memory_utilization,43.87
2026-10-08T14:45:00Z,CMG-01,bgp_session_state,1.0
2026-10-08T14:45:00Z,CMG-01,throughput_gbps,87.83
2026-10-08T14:45:00Z,CMG-01,packet_loss_pct,0.048
2026-10-08T14:45:00Z,CMG-01,active_bearers,454586.0
2026-10-08T14:45:00Z,CMG-02,cpu_utilization,26.19
2026-10-08T14:45:00Z,CMG-02,memory_utilization,30.36
2026-10-08T14:45:00Z,CMG-02,bgp_session_state,1.0
2026-10-08T14:45:00Z,CMG-02,throughput_gbps,104.2
2026-10-08T14:45:00Z,CMG-02,packet_loss_pct,0.0356
2026-10-08T14:45:00Z,CMG-02,active_bearers,500126.0
2026-10-08T14:45:00Z,CMG-03,cpu_utilization,34.06
2026-10-08T14:45:00Z,CMG-03,memory_utilization,35.91
2026-10-08T14:45:00Z,CMG-03,bgp_session_state,1.0
2026-10-08T14:45:00Z,CMG-03,throughput_gbps,104.69
2026-10-08T14:45:00Z,CMG-03,packet_loss_pct,0.0472
2026-10-08T14:45:00Z,CMG-03,active_bearers,522507.0
2026-10-08T14:45:00Z,UPF-01,cpu_utilization,29.69
2026-10-08T14:45:00Z,UPF-01,memory_utilization,47.37
2026-10-08T14:45:00Z,UPF-01,bgp_session_state,1.0
2026-10-08T14:45:00Z,UPF-01,throughput_gbps,100.34
2026-10-08T14:45:00Z,UPF-01,packet_loss_pct,0.0123
2026-10-08T14:45:00Z,UPF-01,active_bearers,490750.0
2026-10-08T14:45:00Z,UPF-02,cpu_utilization,16.91
2026-10-08T14:45:00Z,UPF-02,memory_utilization,43.86
2026-10-08T14:45:00Z,UPF-02,bgp_session_state,1.0
2026-10-08T14:45:00Z,UPF-02,throughput_gbps,99.19
2026-10-08T14:45:00Z,UPF-02,packet_loss_pct,0.0047
2026-10-08T14:45:00Z,UPF-02,active_bearers,503642.0
2026-10-08T14:50:00Z,CMG-01,cpu_utilization,15.77
2026-10-08T14:50:00Z,CMG-01,memory_utilization,37.77
2026-10-08T14:50:00Z,CMG-01,bgp_session_state,1.0
2026-10-08T14:50:00Z,CMG-01,throughput_gbps,115.5
2026-10-08T14:50:00Z,CMG-01,packet_loss_pct,0.0198
2026-10-08T14:50:00Z,CMG-01,active_bearers,499847.0
2026-10-08T14:50:00Z,CMG-02,cpu_utilization,29.73
2026-10-08T14:50:00Z,CMG-02,memory_utilization,40.24
2026-10-08T14:50:00Z,CMG-02,bgp_session_state,1.0
2026-10-08T14:50:00Z,CMG-02,throughput_gbps,93.63
2026-10-08T14:50:00Z,CMG-02,packet_loss_pct,0.0131
2026-10-08T14:50:00Z,CMG-02,active_bearers,470734.0
2026-10-08T14:50:00Z,CMG-03,cpu_utilization,19.18
2026-10-08T14:50:00Z,CMG-03,memory_utilization,34.44
2026-10-08T14:50:00Z,CMG-03,bgp_session_state,1.0
2026-10-08T14:50:00Z,CMG-03,throughput_gbps,91.38
2026-10-08T14:50:00Z,CMG-03,packet_loss_pct,0.0213
2026-10-08T14:50:00Z,CMG-03,active_bearers,501132.0
2026-10-08T14:50:00Z,UPF-01,cpu_utilization,18.38
2026-10-08T14:50:00Z,UPF-01,memory_utilization,37.75
2026-10-08T14:50:00Z,UPF-01,bgp_session_state,1.0
2026-10-08T14:50:00Z,UPF-01,throughput_gbps,80.46
2026-10-08T14:50:00Z,UPF-01,packet_loss_pct,0.0188
2026-10-08T14:50:00Z,UPF-01,active_bearers,512444.0
2026-10-08T14:50:00Z,UPF-02,cpu_utilization,30.38
2026-10-08T14:50:00Z,UPF-02,memory_utilization,35.01
2026-10-08T14:50:00Z,UPF-02,bgp_session_state,1.0
2026-10-08T14:50:00Z,UPF-02,throughput_gbps,113.32
2026-10-08T14:50:00Z,UPF-02,packet_loss_pct,0.0412
2026-10-08T14:50:00Z,UPF-02,active_bearers,505363.0
2026-10-08T14:55:00Z,CMG-01,cpu_utilization,18.01
2026-10-08T14:55:00Z,CMG-01,memory_utilization,37.65
2026-10-08T14:55:00Z,CMG-01,bgp_session_state,1.0
2026-10-08T14:55:00Z,CMG-01,throughput_gbps,100.79
2026-10-08T14:55:00Z,CMG-01,packet_loss_pct,0.0344
2026-10-08T14:55:00Z,CMG-01,active_bearers,520452.0
2026-10-08T14:55:00Z,CMG-02,cpu_utilization,24.92
2026-10-08T14:55:00Z,CMG-02,memory_utilization,36.36
2026-10-08T14:55:00Z,CMG-02,bgp_session_state,1.0
2026-10-08T14:55:00Z,CMG-02,throughput_gbps,117.8
2026-10-08T14:55:00Z,CMG-02,packet_loss_pct,0.0289
2026-10-08T14:55:00Z,CMG-02,active_bearers,515676.0
2026-10-08T14:55:00Z,CMG-03,cpu_utilization,15.59
2026-10-08T14:55:00Z,CMG-03,memory_utilization,38.25
2026-10-08T14:55:00Z,CMG-03,bgp_session_state,1.0
2026-10-08T14:55:00Z,CMG-03,throughput_gbps,108.86
2026-10-08T14:55:00Z,CMG-03,packet_loss_pct,0.0128
2026-10-08T14:55:00Z,CMG-03,active_bearers,452214.0
2026-10-08T14:55:00Z,UPF-01,cpu_utilization,25.18
2026-10-08T14:55:00Z,UPF-01,memory_utilization,31.15
2026-10-08T14:55:00Z,UPF-01,bgp_session_state,1.0
2026-10-08T14:55:00Z,UPF-01,throughput_gbps,89.63
2026-10-08T14:55:00Z,UPF-01,packet_loss_pct,0.0323
2026-10-08T14:55:00Z,UPF-01,active_bearers,465319.0
2026-10-08T14:55:00Z,UPF-02,cpu_utilization,28.24
2026-10-08T14:55:00Z,UPF-02,memory_utilization,45.35
2026-10-08T14:55:00Z,UPF-02,bgp_session_state,1.0
2026-10-08T14:55:00Z,UPF-02,throughput_gbps,80.84
2026-10-08T14:55:00Z,UPF-02,packet_loss_pct,0.0214
2026-10-08T14:55:00Z,UPF-02,active_bearers,491963.0
2026-10-08T15:00:00Z,CMG-01,cpu_utilization,32.56
2026-10-08T15:00:00Z,CMG-01,memory_utilization,36.07
2026-10-08T15:00:00Z,CMG-01,bgp_session_state,1.0
2026-10-08T15:00:00Z,CMG-01,throughput_gbps,86.84
2026-10-08T15:00:00Z,CMG-01,packet_loss_pct,0.0277
2026-10-08T15:00:00Z,CMG-01,active_bearers,538977.0
2026-10-08T15:00:00Z,CMG-02,cpu_utilization,34.56
2026-10-08T15:00:00Z,CMG-02,memory_utilization,43.8
2026-10-08T15:00:00Z,CMG-02,bgp_session_state,1.0
2026-10-08T15:00:00Z,CMG-02,throughput_gbps,108.07
2026-10-08T15:00:00Z,CMG-02,packet_loss_pct,0.0219
2026-10-08T15:00:00Z,CMG-02,active_bearers,540714.0
2026-10-08T15:00:00Z,CMG-03,cpu_utilization,15.16
2026-10-08T15:00:00Z,CMG-03,memory_utilization,48.35
2026-10-08T15:00:00Z,CMG-03,bgp_session_state,1.0
2026-10-08T15:00:00Z,CMG-03,throughput_gbps,100.73
2026-10-08T15:00:00Z,CMG-03,packet_loss_pct,0.0342
2026-10-08T15:00:00Z,CMG-03,active_bearers,463185.0
2026-10-08T15:00:00Z,UPF-01,cpu_utilization,27.7
2026-10-08T15:00:00Z,UPF-01,memory_utilization,45.23
2026-10-08T15:00:00Z,UPF-01,bgp_session_state,1.0
2026-10-08T15:00:00Z,UPF-01,throughput_gbps,83.69
2026-10-08T15:00:00Z,UPF-01,packet_loss_pct,0.0232
2026-10-08T15:00:00Z,UPF-01,active_bearers,528897.0
2026-10-08T15:00:00Z,UPF-02,cpu_utilization,34.3
2026-10-08T15:00:00Z,UPF-02,memory_utilization,40.98
2026-10-08T15:00:00Z,UPF-02,bgp_session_state,1.0
2026-10-08T15:00:00Z,UPF-02,throughput_gbps,85.21
2026-10-08T15:00:00Z,UPF-02,packet_loss_pct,0.0092
2026-10-08T15:00:00Z,UPF-02,active_bearers,539733.0
2026-10-08T15:05:00Z,CMG-01,cpu_utilization,23.69
2026-10-08T15:05:00Z,CMG-01,memory_utilization,42.47
2026-10-08T15:05:00Z,CMG-01,bgp_session_state,1.0
2026-10-08T15:05:00Z,CMG-01,throughput_gbps,82.33
2026-10-08T15:05:00Z,CMG-01,packet_loss_pct,0.0258
2026-10-08T15:05:00Z,CMG-01,active_bearers,500888.0
2026-10-08T15:05:00Z,CMG-02,cpu_utilization,28.36
2026-10-08T15:05:00Z,CMG-02,memory_utilization,30.9
2026-10-08T15:05:00Z,CMG-02,bgp_session_state,1.0
2026-10-08T15:05:00Z,CMG-02,throughput_gbps,87.9
2026-10-08T15:05:00Z,CMG-02,packet_loss_pct,0.0296
2026-10-08T15:05:00Z,CMG-02,active_bearers,520123.0
2026-10-08T15:05:00Z,CMG-03,cpu_utilization,19.14
2026-10-08T15:05:00Z,CMG-03,memory_utilization,43.65
2026-10-08T15:05:00Z,CMG-03,bgp_session_state,1.0
2026-10-08T15:05:00Z,CMG-03,throughput_gbps,101.57
2026-10-08T15:05:00Z,CMG-03,packet_loss_pct,0.02
2026-10-08T15:05:00Z,CMG-03,active_bearers,490466.0
2026-10-08T15:05:00Z,UPF-01,cpu_utilization,21.61
2026-10-08T15:05:00Z,UPF-01,memory_utilization,43.66
2026-10-08T15:05:00Z,UPF-01,bgp_session_state,1.0
2026-10-08T15:05:00Z,UPF-01,throughput_gbps,97.49
2026-10-08T15:05:00Z,UPF-01,packet_loss_pct,0.0141
2026-10-08T15:05:00Z,UPF-01,active_bearers,548973.0
2026-10-08T15:05:00Z,UPF-02,cpu_utilization,32.31
2026-10-08T15:05:00Z,UPF-02,memory_utilization,36.95
2026-10-08T15:05:00Z,UPF-02,bgp_session_state,1.0
2026-10-08T15:05:00Z,UPF-02,throughput_gbps,101.6
2026-10-08T15:05:00Z,UPF-02,packet_loss_pct,0.01
2026-10-08T15:05:00Z,UPF-02,active_bearers,473564.0
2026-10-08T15:10:00Z,CMG-01,cpu_utilization,21.21
2026-10-08T15:10:00Z,CMG-01,memory_utilization,46.39
2026-10-08T15:10:00Z,CMG-01,bgp_session_state,1.0
2026-10-08T15:10:00Z,CMG-01,throughput_gbps,95.64
2026-10-08T15:10:00Z,CMG-01,packet_loss_pct,0.0454
2026-10-08T15:10:00Z,CMG-01,active_bearers,495693.0
2026-10-08T15:10:00Z,CMG-02,cpu_utilization,19.04
2026-10-08T15:10:00Z,CMG-02,memory_utilization,32.94
2026-10-08T15:10:00Z,CMG-02,bgp_session_state,1.0
2026-10-08T15:10:00Z,CMG-02,throughput_gbps,83.83
2026-10-08T15:10:00Z,CMG-02,packet_loss_pct,0.0266
2026-10-08T15:10:00Z,CMG-02,active_bearers,466312.0
2026-10-08T15:10:00Z,CMG-03,cpu_utilization,23.54
2026-10-08T15:10:00Z,CMG-03,memory_utilization,46.8
2026-10-08T15:10:00Z,CMG-03,bgp_session_state,1.0
2026-10-08T15:10:00Z,CMG-03,throughput_gbps,98.94
2026-10-08T15:10:00Z,CMG-03,packet_loss_pct,0.0354
2026-10-08T15:10:00Z,CMG-03,active_bearers,528429.0
2026-10-08T15:10:00Z,UPF-01,cpu_utilization,17.88
2026-10-08T15:10:00Z,UPF-01,memory_utilization,42.21
2026-10-08T15:10:00Z,UPF-01,bgp_session_state,1.0
2026-10-08T15:10:00Z,UPF-01,throughput_gbps,104.92
2026-10-08T15:10:00Z,UPF-01,packet_loss_pct,0.0127
2026-10-08T15:10:00Z,UPF-01,active_bearers,489944.0
2026-10-08T15:10:00Z,UPF-02,cpu_utilization,32.12
2026-10-08T15:10:00Z,UPF-02,memory_utilization,42.14
2026-10-08T15:10:00Z,UPF-02,bgp_session_state,1.0
2026-10-08T15:10:00Z,UPF-02,throughput_gbps,85.6
2026-10-08T15:10:00Z,UPF-02,packet_loss_pct,0.0073
2026-10-08T15:10:00Z,UPF-02,active_bearers,456538.0
2026-10-08T15:15:00Z,CMG-01,cpu_utilization,26.14
2026-10-08T15:15:00Z,CMG-01,memory_utilization,42.99
2026-10-08T15:15:00Z,CMG-01,bgp_session_state,1.0
2026-10-08T15:15:00Z,CMG-01,throughput_gbps,87.83
2026-10-08T15:15:00Z,CMG-01,packet_loss_pct,0.0468
2026-10-08T15:15:00Z,CMG-01,active_bearers,543089.0
2026-10-08T15:15:00Z,CMG-02,cpu_utilization,21.69
2026-10-08T15:15:00Z,CMG-02,memory_utilization,30.39
2026-10-08T15:15:00Z,CMG-02,bgp_session_state,1.0
2026-10-08T15:15:00Z,CMG-02,throughput_gbps,85.47
2026-10-08T15:15:00Z,CMG-02,packet_loss_pct,0.0264
2026-10-08T15:15:00Z,CMG-02,active_bearers,454902.0
2026-10-08T15:15:00Z,CMG-03,cpu_utilization,22.31
2026-10-08T15:15:00Z,CMG-03,memory_utilization,37.65
2026-10-08T15:15:00Z,CMG-03,bgp_session_state,1.0
2026-10-08T15:15:00Z,CMG-03,throughput_gbps,80.99
2026-10-08T15:15:00Z,CMG-03,packet_loss_pct,0.0451
2026-10-08T15:15:00Z,CMG-03,active_bearers,463186.0
2026-10-08T15:15:00Z,UPF-01,cpu_utilization,20.87
2026-10-08T15:15:00Z,UPF-01,memory_utilization,33.68
2026-10-08T15:15:00Z,UPF-01,bgp_session_state,1.0
2026-10-08T15:15:00Z,UPF-01,throughput_gbps,89.49
2026-10-08T15:15:00Z,UPF-01,packet_loss_pct,0.0125
2026-10-08T15:15:00Z,UPF-01,active_bearers,535390.0
2026-10-08T15:15:00Z,UPF-02,cpu_utilization,33.26
2026-10-08T15:15:00Z,UPF-02,memory_utilization,40.26
2026-10-08T15:15:00Z,UPF-02,bgp_session_state,1.0
2026-10-08T15:15:00Z,UPF-02,throughput_gbps,84.06
2026-10-08T15:15:00Z,UPF-02,packet_loss_pct,0.0199
2026-10-08T15:15:00Z,UPF-02,active_bearers,515057.0
2026-10-08T15:20:00Z,CMG-01,cpu_utilization,25.05
2026-10-08T15:20:00Z,CMG-01,memory_utilization,47.82
2026-10-08T15:20:00Z,CMG-01,bgp_session_state,1.0
2026-10-08T15:20:00Z,CMG-01,throughput_gbps,85.19
2026-10-08T15:20:00Z,CMG-01,packet_loss_pct,0.0146
2026-10-08T15:20:00Z,CMG-01,active_bearers,527985.0
2026-10-08T15:20:00Z,CMG-02,cpu_utilization,21.58
2026-10-08T15:20:00Z,CMG-02,memory_utilization,40.84
2026-10-08T15:20:00Z,CMG-02,bgp_session_state,1.0
2026-10-08T15:20:00Z,CMG-02,throughput_gbps,100.61
2026-10-08T15:20:00Z,CMG-02,packet_loss_pct,0.0391
2026-10-08T15:20:00Z,CMG-02,active_bearers,508573.0
2026-10-08T15:20:00Z,CMG-03,cpu_utilization,20.5
2026-10-08T15:20:00Z,CMG-03,memory_utilization,42.24
2026-10-08T15:20:00Z,CMG-03,bgp_session_state,1.0
2026-10-08T15:20:00Z,CMG-03,throughput_gbps,102.57
2026-10-08T15:20:00Z,CMG-03,packet_loss_pct,0.0435
2026-10-08T15:20:00Z,CMG-03,active_bearers,493819.0
2026-10-08T15:20:00Z,UPF-01,cpu_utilization,19.53
2026-10-08T15:20:00Z,UPF-01,memory_utilization,31.3
2026-10-08T15:20:00Z,UPF-01,bgp_session_state,1.0
2026-10-08T15:20:00Z,UPF-01,throughput_gbps,110.33
2026-10-08T15:20:00Z,UPF-01,packet_loss_pct,0.0296
2026-10-08T15:20:00Z,UPF-01,active_bearers,532829.0
2026-10-08T15:20:00Z,UPF-02,cpu_utilization,20.69
2026-10-08T15:20:00Z,UPF-02,memory_utilization,45.17
2026-10-08T15:20:00Z,UPF-02,bgp_session_state,1.0
2026-10-08T15:20:00Z,UPF-02,throughput_gbps,101.07
2026-10-08T15:20:00Z,UPF-02,packet_loss_pct,0.0354
2026-10-08T15:20:00Z,UPF-02,active_bearers,475354.0
2026-10-08T15:25:00Z,CMG-01,cpu_utilization,25.95
2026-10-08T15:25:00Z,CMG-01,memory_utilization,40.53
2026-10-08T15:25:00Z,CMG-01,bgp_session_state,1.0
2026-10-08T15:25:00Z,CMG-01,throughput_gbps,119.48
2026-10-08T15:25:00Z,CMG-01,packet_loss_pct,0.0367
2026-10-08T15:25:00Z,CMG-01,active_bearers,461828.0
2026-10-08T15:25:00Z,CMG-02,cpu_utilization,25.72
2026-10-08T15:25:00Z,CMG-02,memory_utilization,42.39
2026-10-08T15:25:00Z,CMG-02,bgp_session_state,1.0
2026-10-08T15:25:00Z,CMG-02,throughput_gbps,101.43
2026-10-08T15:25:00Z,CMG-02,packet_loss_pct,0.0066
2026-10-08T15:25:00Z,CMG-02,active_bearers,476917.0
2026-10-08T15:25:00Z,CMG-03,cpu_utilization,26.94
2026-10-08T15:25:00Z,CMG-03,memory_utilization,35.56
2026-10-08T15:25:00Z,CMG-03,bgp_session_state,1.0
2026-10-08T15:25:00Z,CMG-03,throughput_gbps,84.15
2026-10-08T15:25:00Z,CMG-03,packet_loss_pct,0.0007
2026-10-08T15:25:00Z,CMG-03,active_bearers,523148.0
2026-10-08T15:25:00Z,UPF-01,cpu_utilization,21.84
2026-10-08T15:25:00Z,UPF-01,memory_utilization,32.88
2026-10-08T15:25:00Z,UPF-01,bgp_session_state,1.0
2026-10-08T15:25:00Z,UPF-01,throughput_gbps,109.36
2026-10-08T15:25:00Z,UPF-01,packet_loss_pct,0.0367
2026-10-08T15:25:00Z,UPF-01,active_bearers,466307.0
2026-10-08T15:25:00Z,UPF-02,cpu_utilization,16.11
2026-10-08T15:25:00Z,UPF-02,memory_utilization,30.1
2026-10-08T15:25:00Z,UPF-02,bgp_session_state,1.0
2026-10-08T15:25:00Z,UPF-02,throughput_gbps,96.45
2026-10-08T15:25:00Z,UPF-02,packet_loss_pct,0.037
2026-10-08T15:25:00Z,UPF-02,active_bearers,474681.0
2026-10-08T15:30:00Z,CMG-01,cpu_utilization,26.7
2026-10-08T15:30:00Z,CMG-01,memory_utilization,45.72
2026-10-08T15:30:00Z,CMG-01,bgp_session_state,1.0
2026-10-08T15:30:00Z,CMG-01,throughput_gbps,95.64
2026-10-08T15:30:00Z,CMG-01,packet_loss_pct,0.0463
2026-10-08T15:30:00Z,CMG-01,active_bearers,491132.0
2026-10-08T15:30:00Z,CMG-02,cpu_utilization,27.11
2026-10-08T15:30:00Z,CMG-02,memory_utilization,46.45
2026-10-08T15:30:00Z,CMG-02,bgp_session_state,1.0
2026-10-08T15:30:00Z,CMG-02,throughput_gbps,96.99
2026-10-08T15:30:00Z,CMG-02,packet_loss_pct,0.0026
2026-10-08T15:30:00Z,CMG-02,active_bearers,544332.0
2026-10-08T15:30:00Z,CMG-03,cpu_utilization,30.11
2026-10-08T15:30:00Z,CMG-03,memory_utilization,49.89
2026-10-08T15:30:00Z,CMG-03,bgp_session_state,1.0
2026-10-08T15:30:00Z,CMG-03,throughput_gbps,95.85
2026-10-08T15:30:00Z,CMG-03,packet_loss_pct,0.0228
2026-10-08T15:30:00Z,CMG-03,active_bearers,505439.0
2026-10-08T15:30:00Z,UPF-01,cpu_utilization,29.42
2026-10-08T15:30:00Z,UPF-01,memory_utilization,47.0
2026-10-08T15:30:00Z,UPF-01,bgp_session_state,1.0
2026-10-08T15:30:00Z,UPF-01,throughput_gbps,82.03
2026-10-08T15:30:00Z,UPF-01,packet_loss_pct,0.0308
2026-10-08T15:30:00Z,UPF-01,active_bearers,473462.0
2026-10-08T15:30:00Z,UPF-02,cpu_utilization,19.46
2026-10-08T15:30:00Z,UPF-02,memory_utilization,31.1
2026-10-08T15:30:00Z,UPF-02,bgp_session_state,1.0
2026-10-08T15:30:00Z,UPF-02,throughput_gbps,92.05
2026-10-08T15:30:00Z,UPF-02,packet_loss_pct,0.0299
2026-10-08T15:30:00Z,UPF-02,active_bearers,529245.0
2026-10-08T15:35:00Z,CMG-01,cpu_utilization,30.34
2026-10-08T15:35:00Z,CMG-01,memory_utilization,46.01
2026-10-08T15:35:00Z,CMG-01,bgp_session_state,1.0
2026-10-08T15:35:00Z,CMG-01,throughput_gbps,117.5
2026-10-08T15:35:00Z,CMG-01,packet_loss_pct,0.0381
2026-10-08T15:35:00Z,CMG-01,active_bearers,495386.0
2026-10-08T15:35:00Z,CMG-02,cpu_utilization,28.55
2026-10-08T15:35:00Z,CMG-02,memory_utilization,37.87
2026-10-08T15:35:00Z,CMG-02,bgp_session_state,1.0
2026-10-08T15:35:00Z,CMG-02,throughput_gbps,104.82
2026-10-08T15:35:00Z,CMG-02,packet_loss_pct,0.0255
2026-10-08T15:35:00Z,CMG-02,active_bearers,478649.0
2026-10-08T15:35:00Z,CMG-03,cpu_utilization,28.16
2026-10-08T15:35:00Z,CMG-03,memory_utilization,40.38
2026-10-08T15:35:00Z,CMG-03,bgp_session_state,1.0
2026-10-08T15:35:00Z,CMG-03,throughput_gbps,90.78
2026-10-08T15:35:00Z,CMG-03,packet_loss_pct,0.0083
2026-10-08T15:35:00Z,CMG-03,active_bearers,534931.0
2026-10-08T15:35:00Z,UPF-01,cpu_utilization,20.09
2026-10-08T15:35:00Z,UPF-01,memory_utilization,45.93
2026-10-08T15:35:00Z,UPF-01,bgp_session_state,1.0
2026-10-08T15:35:00Z,UPF-01,throughput_gbps,105.56
2026-10-08T15:35:00Z,UPF-01,packet_loss_pct,0.0377
2026-10-08T15:35:00Z,UPF-01,active_bearers,453627.0
2026-10-08T15:35:00Z,UPF-02,cpu_utilization,28.38
2026-10-08T15:35:00Z,UPF-02,memory_utilization,43.75
2026-10-08T15:35:00Z,UPF-02,bgp_session_state,1.0
2026-10-08T15:35:00Z,UPF-02,throughput_gbps,92.08
2026-10-08T15:35:00Z,UPF-02,packet_loss_pct,0.0121
2026-10-08T15:35:00Z,UPF-02,active_bearers,535224.0
2026-10-08T15:40:00Z,CMG-01,cpu_utilization,28.93
2026-10-08T15:40:00Z,CMG-01,memory_utilization,33.3
2026-10-08T15:40:00Z,CMG-01,bgp_session_state,1.0
2026-10-08T15:40:00Z,CMG-01,throughput_gbps,104.45
2026-10-08T15:40:00Z,CMG-01,packet_loss_pct,0.0173
2026-10-08T15:40:00Z,CMG-01,active_bearers,530873.0
2026-10-08T15:40:00Z,CMG-02,cpu_utilization,30.24
2026-10-08T15:40:00Z,CMG-02,memory_utilization,34.06
2026-10-08T15:40:00Z,CMG-02,bgp_session_state,1.0
2026-10-08T15:40:00Z,CMG-02,throughput_gbps,93.31
2026-10-08T15:40:00Z,CMG-02,packet_loss_pct,0.0075
2026-10-08T15:40:00Z,CMG-02,active_bearers,475019.0
2026-10-08T15:40:00Z,CMG-03,cpu_utilization,19.52
2026-10-08T15:40:00Z,CMG-03,memory_utilization,37.59
2026-10-08T15:40:00Z,CMG-03,bgp_session_state,1.0
2026-10-08T15:40:00Z,CMG-03,throughput_gbps,91.78
2026-10-08T15:40:00Z,CMG-03,packet_loss_pct,0.0403
2026-10-08T15:40:00Z,CMG-03,active_bearers,496603.0
2026-10-08T15:40:00Z,UPF-01,cpu_utilization,19.72
2026-10-08T15:40:00Z,UPF-01,memory_utilization,46.31
2026-10-08T15:40:00Z,UPF-01,bgp_session_state,1.0
2026-10-08T15:40:00Z,UPF-01,throughput_gbps,88.1
2026-10-08T15:40:00Z,UPF-01,packet_loss_pct,0.0448
2026-10-08T15:40:00Z,UPF-01,active_bearers,545686.0
2026-10-08T15:40:00Z,UPF-02,cpu_utilization,26.78
2026-10-08T15:40:00Z,UPF-02,memory_utilization,48.82
2026-10-08T15:40:00Z,UPF-02,bgp_session_state,1.0
2026-10-08T15:40:00Z,UPF-02,throughput_gbps,94.74
2026-10-08T15:40:00Z,UPF-02,packet_loss_pct,0.0481
2026-10-08T15:40:00Z,UPF-02,active_bearers,512676.0
2026-10-08T15:45:00Z,CMG-01,cpu_utilization,26.14
2026-10-08T15:45:00Z,CMG-01,memory_utilization,43.85
2026-10-08T15:45:00Z,CMG-01,bgp_session_state,1.0
2026-10-08T15:45:00Z,CMG-01,throughput_gbps,110.93
2026-10-08T15:45:00Z,CMG-01,packet_loss_pct,0.0456
2026-10-08T15:45:00Z,CMG-01,active_bearers,457197.0
2026-10-08T15:45:00Z,CMG-02,cpu_utilization,15.36
2026-10-08T15:45:00Z,CMG-02,memory_utilization,40.48
2026-10-08T15:45:00Z,CMG-02,bgp_session_state,1.0
2026-10-08T15:45:00Z,CMG-02,throughput_gbps,102.63
2026-10-08T15:45:00Z,CMG-02,packet_loss_pct,0.0225
2026-10-08T15:45:00Z,CMG-02,active_bearers,502855.0
2026-10-08T15:45:00Z,CMG-03,cpu_utilization,30.14
2026-10-08T15:45:00Z,CMG-03,memory_utilization,44.14
2026-10-08T15:45:00Z,CMG-03,bgp_session_state,1.0
2026-10-08T15:45:00Z,CMG-03,throughput_gbps,83.62
2026-10-08T15:45:00Z,CMG-03,packet_loss_pct,0.0495
2026-10-08T15:45:00Z,CMG-03,active_bearers,500864.0
2026-10-08T15:45:00Z,UPF-01,cpu_utilization,17.62
2026-10-08T15:45:00Z,UPF-01,memory_utilization,36.05
2026-10-08T15:45:00Z,UPF-01,bgp_session_state,1.0
2026-10-08T15:45:00Z,UPF-01,throughput_gbps,96.48
2026-10-08T15:45:00Z,UPF-01,packet_loss_pct,0.0446
2026-10-08T15:45:00Z,UPF-01,active_bearers,523762.0
2026-10-08T15:45:00Z,UPF-02,cpu_utilization,18.91
2026-10-08T15:45:00Z,UPF-02,memory_utilization,41.34
2026-10-08T15:45:00Z,UPF-02,bgp_session_state,1.0
2026-10-08T15:45:00Z,UPF-02,throughput_gbps,89.92
2026-10-08T15:45:00Z,UPF-02,packet_loss_pct,0.0191
2026-10-08T15:45:00Z,UPF-02,active_bearers,462652.0
2026-10-08T15:50:00Z,CMG-01,cpu_utilization,18.67
2026-10-08T15:50:00Z,CMG-01,memory_utilization,40.21
2026-10-08T15:50:00Z,CMG-01,bgp_session_state,1.0
2026-10-08T15:50:00Z,CMG-01,throughput_gbps,99.23
2026-10-08T15:50:00Z,CMG-01,packet_loss_pct,0.047
2026-10-08T15:50:00Z,CMG-01,active_bearers,523195.0
2026-10-08T15:50:00Z,CMG-02,cpu_utilization,26.46
2026-10-08T15:50:00Z,CMG-02,memory_utilization,40.25
2026-10-08T15:50:00Z,CMG-02,bgp_session_state,1.0
2026-10-08T15:50:00Z,CMG-02,throughput_gbps,97.17
2026-10-08T15:50:00Z,CMG-02,packet_loss_pct,0.0033
2026-10-08T15:50:00Z,CMG-02,active_bearers,454918.0
2026-10-08T15:50:00Z,CMG-03,cpu_utilization,16.25
2026-10-08T15:50:00Z,CMG-03,memory_utilization,30.82
2026-10-08T15:50:00Z,CMG-03,bgp_session_state,1.0
2026-10-08T15:50:00Z,CMG-03,throughput_gbps,102.31
2026-10-08T15:50:00Z,CMG-03,packet_loss_pct,0.0395
2026-10-08T15:50:00Z,CMG-03,active_bearers,455514.0
2026-10-08T15:50:00Z,UPF-01,cpu_utilization,33.53
2026-10-08T15:50:00Z,UPF-01,memory_utilization,35.65
2026-10-08T15:50:00Z,UPF-01,bgp_session_state,1.0
2026-10-08T15:50:00Z,UPF-01,throughput_gbps,87.14
2026-10-08T15:50:00Z,UPF-01,packet_loss_pct,0.0428
2026-10-08T15:50:00Z,UPF-01,active_bearers,517659.0
2026-10-08T15:50:00Z,UPF-02,cpu_utilization,34.65
2026-10-08T15:50:00Z,UPF-02,memory_utilization,48.56
2026-10-08T15:50:00Z,UPF-02,bgp_session_state,1.0
2026-10-08T15:50:00Z,UPF-02,throughput_gbps,96.58
2026-10-08T15:50:00Z,UPF-02,packet_loss_pct,0.0492
2026-10-08T15:50:00Z,UPF-02,active_bearers,493300.0
2026-10-08T15:55:00Z,CMG-01,cpu_utilization,17.47
2026-10-08T15:55:00Z,CMG-01,memory_utilization,41.18
2026-10-08T15:55:00Z,CMG-01,bgp_session_state,1.0
2026-10-08T15:55:00Z,CMG-01,throughput_gbps,109.19
2026-10-08T15:55:00Z,CMG-01,packet_loss_pct,0.039
2026-10-08T15:55:00Z,CMG-01,active_bearers,537186.0
2026-10-08T15:55:00Z,CMG-02,cpu_utilization,16.35
2026-10-08T15:55:00Z,CMG-02,memory_utilization,48.59
2026-10-08T15:55:00Z,CMG-02,bgp_session_state,1.0
2026-10-08T15:55:00Z,CMG-02,throughput_gbps,104.03
2026-10-08T15:55:00Z,CMG-02,packet_loss_pct,0.0455
2026-10-08T15:55:00Z,CMG-02,active_bearers,523080.0
2026-10-08T15:55:00Z,CMG-03,cpu_utilization,31.75
2026-10-08T15:55:00Z,CMG-03,memory_utilization,39.4
2026-10-08T15:55:00Z,CMG-03,bgp_session_state,1.0
2026-10-08T15:55:00Z,CMG-03,throughput_gbps,118.67
2026-10-08T15:55:00Z,CMG-03,packet_loss_pct,0.0245
2026-10-08T15:55:00Z,CMG-03,active_bearers,505334.0
2026-10-08T15:55:00Z,UPF-01,cpu_utilization,18.25
2026-10-08T15:55:00Z,UPF-01,memory_utilization,39.98
2026-10-08T15:55:00Z,UPF-01,bgp_session_state,1.0
2026-10-08T15:55:00Z,UPF-01,throughput_gbps,82.68
2026-10-08T15:55:00Z,UPF-01,packet_loss_pct,0.0356
2026-10-08T15:55:00Z,UPF-01,active_bearers,507761.0
2026-10-08T15:55:00Z,UPF-02,cpu_utilization,31.25
2026-10-08T15:55:00Z,UPF-02,memory_utilization,46.28
2026-10-08T15:55:00Z,UPF-02,bgp_session_state,1.0
2026-10-08T15:55:00Z,UPF-02,throughput_gbps,105.23
2026-10-08T15:55:00Z,UPF-02,packet_loss_pct,0.0069
2026-10-08T15:55:00Z,UPF-02,active_bearers,506552.0
2026-10-08T16:00:00Z,CMG-01,cpu_utilization,29.75
2026-10-08T16:00:00Z,CMG-01,memory_utilization,32.86
2026-10-08T16:00:00Z,CMG-01,bgp_session_state,1.0
2026-10-08T16:00:00Z,CMG-01,throughput_gbps,109.85
2026-10-08T16:00:00Z,CMG-01,packet_loss_pct,0.0368
2026-10-08T16:00:00Z,CMG-01,active_bearers,498362.0
2026-10-08T16:00:00Z,CMG-02,cpu_utilization,15.89
2026-10-08T16:00:00Z,CMG-02,memory_utilization,32.18
2026-10-08T16:00:00Z,CMG-02,bgp_session_state,1.0
2026-10-08T16:00:00Z,CMG-02,throughput_gbps,93.13
2026-10-08T16:00:00Z,CMG-02,packet_loss_pct,0.0042
2026-10-08T16:00:00Z,CMG-02,active_bearers,459269.0
2026-10-08T16:00:00Z,CMG-03,cpu_utilization,15.76
2026-10-08T16:00:00Z,CMG-03,memory_utilization,35.93
2026-10-08T16:00:00Z,CMG-03,bgp_session_state,1.0
2026-10-08T16:00:00Z,CMG-03,throughput_gbps,111.01
2026-10-08T16:00:00Z,CMG-03,packet_loss_pct,0.0436
2026-10-08T16:00:00Z,CMG-03,active_bearers,469528.0
2026-10-08T16:00:00Z,UPF-01,cpu_utilization,23.99
2026-10-08T16:00:00Z,UPF-01,memory_utilization,45.38
2026-10-08T16:00:00Z,UPF-01,bgp_session_state,1.0
2026-10-08T16:00:00Z,UPF-01,throughput_gbps,4.57
2026-10-08T16:00:00Z,UPF-01,packet_loss_pct,16.5482
2026-10-08T16:00:00Z,UPF-01,active_bearers,544379.0
2026-10-08T16:00:00Z,UPF-02,cpu_utilization,21.53
2026-10-08T16:00:00Z,UPF-02,memory_utilization,45.4
2026-10-08T16:00:00Z,UPF-02,bgp_session_state,1.0
2026-10-08T16:00:00Z,UPF-02,throughput_gbps,14.12
2026-10-08T16:00:00Z,UPF-02,packet_loss_pct,19.5254
2026-10-08T16:00:00Z,UPF-02,active_bearers,544223.0
2026-10-08T16:05:00Z,CMG-01,cpu_utilization,23.78
2026-10-08T16:05:00Z,CMG-01,memory_utilization,40.73
2026-10-08T16:05:00Z,CMG-01,bgp_session_state,1.0
2026-10-08T16:05:00Z,CMG-01,throughput_gbps,85.61
2026-10-08T16:05:00Z,CMG-01,packet_loss_pct,0.0148
2026-10-08T16:05:00Z,CMG-01,active_bearers,534357.0
2026-10-08T16:05:00Z,CMG-02,cpu_utilization,34.98
2026-10-08T16:05:00Z,CMG-02,memory_utilization,32.12
2026-10-08T16:05:00Z,CMG-02,bgp_session_state,1.0
2026-10-08T16:05:00Z,CMG-02,throughput_gbps,100.76
2026-10-08T16:05:00Z,CMG-02,packet_loss_pct,0.0446
2026-10-08T16:05:00Z,CMG-02,active_bearers,539430.0
2026-10-08T16:05:00Z,CMG-03,cpu_utilization,22.1
2026-10-08T16:05:00Z,CMG-03,memory_utilization,32.65
2026-10-08T16:05:00Z,CMG-03,bgp_session_state,1.0
2026-10-08T16:05:00Z,CMG-03,throughput_gbps,85.53
2026-10-08T16:05:00Z,CMG-03,packet_loss_pct,0.0425
2026-10-08T16:05:00Z,CMG-03,active_bearers,517405.0
2026-10-08T16:05:00Z,UPF-01,cpu_utilization,23.69
2026-10-08T16:05:00Z,UPF-01,memory_utilization,45.33
2026-10-08T16:05:00Z,UPF-01,bgp_session_state,1.0
2026-10-08T16:05:00Z,UPF-01,throughput_gbps,13.49
2026-10-08T16:05:00Z,UPF-01,packet_loss_pct,30.3079
2026-10-08T16:05:00Z,UPF-01,active_bearers,478750.0
2026-10-08T16:05:00Z,UPF-02,cpu_utilization,23.02
2026-10-08T16:05:00Z,UPF-02,memory_utilization,46.8
2026-10-08T16:05:00Z,UPF-02,bgp_session_state,1.0
2026-10-08T16:05:00Z,UPF-02,throughput_gbps,11.38
2026-10-08T16:05:00Z,UPF-02,packet_loss_pct,25.1658
2026-10-08T16:05:00Z,UPF-02,active_bearers,463804.0
2026-10-08T16:10:00Z,CMG-01,cpu_utilization,33.95
2026-10-08T16:10:00Z,CMG-01,memory_utilization,46.32
2026-10-08T16:10:00Z,CMG-01,bgp_session_state,1.0
2026-10-08T16:10:00Z,CMG-01,throughput_gbps,83.76
2026-10-08T16:10:00Z,CMG-01,packet_loss_pct,0.0215
2026-10-08T16:10:00Z,CMG-01,active_bearers,467282.0
2026-10-08T16:10:00Z,CMG-02,cpu_utilization,18.69
2026-10-08T16:10:00Z,CMG-02,memory_utilization,45.53
2026-10-08T16:10:00Z,CMG-02,bgp_session_state,1.0
2026-10-08T16:10:00Z,CMG-02,throughput_gbps,88.13
2026-10-08T16:10:00Z,CMG-02,packet_loss_pct,0.0002
2026-10-08T16:10:00Z,CMG-02,active_bearers,507854.0
2026-10-08T16:10:00Z,CMG-03,cpu_utilization,22.15
2026-10-08T16:10:00Z,CMG-03,memory_utilization,34.71
2026-10-08T16:10:00Z,CMG-03,bgp_session_state,1.0
2026-10-08T16:10:00Z,CMG-03,throughput_gbps,117.01
2026-10-08T16:10:00Z,CMG-03,packet_loss_pct,0.0218
2026-10-08T16:10:00Z,CMG-03,active_bearers,518675.0
2026-10-08T16:10:00Z,UPF-01,cpu_utilization,32.08
2026-10-08T16:10:00Z,UPF-01,memory_utilization,44.42
2026-10-08T16:10:00Z,UPF-01,bgp_session_state,1.0
2026-10-08T16:10:00Z,UPF-01,throughput_gbps,2.73
2026-10-08T16:10:00Z,UPF-01,packet_loss_pct,23.3562
2026-10-08T16:10:00Z,UPF-01,active_bearers,466084.0
2026-10-08T16:10:00Z,UPF-02,cpu_utilization,31.17
2026-10-08T16:10:00Z,UPF-02,memory_utilization,47.78
2026-10-08T16:10:00Z,UPF-02,bgp_session_state,1.0
2026-10-08T16:10:00Z,UPF-02,throughput_gbps,2.22
2026-10-08T16:10:00Z,UPF-02,packet_loss_pct,34.8656
2026-10-08T16:10:00Z,UPF-02,active_bearers,509734.0
2026-10-08T16:15:00Z,CMG-01,cpu_utilization,20.81
2026-10-08T16:15:00Z,CMG-01,memory_utilization,44.68
2026-10-08T16:15:00Z,CMG-01,bgp_session_state,1.0
2026-10-08T16:15:00Z,CMG-01,throughput_gbps,88.88
2026-10-08T16:15:00Z,CMG-01,packet_loss_pct,0.0445
2026-10-08T16:15:00Z,CMG-01,active_bearers,482831.0
2026-10-08T16:15:00Z,CMG-02,cpu_utilization,20.4
2026-10-08T16:15:00Z,CMG-02,memory_utilization,49.08
2026-10-08T16:15:00Z,CMG-02,bgp_session_state,1.0
2026-10-08T16:15:00Z,CMG-02,throughput_gbps,81.58
2026-10-08T16:15:00Z,CMG-02,packet_loss_pct,0.0087
2026-10-08T16:15:00Z,CMG-02,active_bearers,452576.0
2026-10-08T16:15:00Z,CMG-03,cpu_utilization,26.25
2026-10-08T16:15:00Z,CMG-03,memory_utilization,36.67
2026-10-08T16:15:00Z,CMG-03,bgp_session_state,1.0
2026-10-08T16:15:00Z,CMG-03,throughput_gbps,118.96
2026-10-08T16:15:00Z,CMG-03,packet_loss_pct,0.0147
2026-10-08T16:15:00Z,CMG-03,active_bearers,527321.0
2026-10-08T16:15:00Z,UPF-01,cpu_utilization,30.01
2026-10-08T16:15:00Z,UPF-01,memory_utilization,47.16
2026-10-08T16:15:00Z,UPF-01,bgp_session_state,1.0
2026-10-08T16:15:00Z,UPF-01,throughput_gbps,6.55
2026-10-08T16:15:00Z,UPF-01,packet_loss_pct,31.7633
2026-10-08T16:15:00Z,UPF-01,active_bearers,521930.0
2026-10-08T16:15:00Z,UPF-02,cpu_utilization,32.38
2026-10-08T16:15:00Z,UPF-02,memory_utilization,30.12
2026-10-08T16:15:00Z,UPF-02,bgp_session_state,1.0
2026-10-08T16:15:00Z,UPF-02,throughput_gbps,6.22
2026-10-08T16:15:00Z,UPF-02,packet_loss_pct,16.8893
2026-10-08T16:15:00Z,UPF-02,active_bearers,475106.0
2026-10-08T16:20:00Z,CMG-01,cpu_utilization,21.53
2026-10-08T16:20:00Z,CMG-01,memory_utilization,40.89
2026-10-08T16:20:00Z,CMG-01,bgp_session_state,1.0
2026-10-08T16:20:00Z,CMG-01,throughput_gbps,89.86
2026-10-08T16:20:00Z,CMG-01,packet_loss_pct,0.0245
2026-10-08T16:20:00Z,CMG-01,active_bearers,478062.0
2026-10-08T16:20:00Z,CMG-02,cpu_utilization,30.85
2026-10-08T16:20:00Z,CMG-02,memory_utilization,31.04
2026-10-08T16:20:00Z,CMG-02,bgp_session_state,1.0
2026-10-08T16:20:00Z,CMG-02,throughput_gbps,88.09
2026-10-08T16:20:00Z,CMG-02,packet_loss_pct,0.0465
2026-10-08T16:20:00Z,CMG-02,active_bearers,480517.0
2026-10-08T16:20:00Z,CMG-03,cpu_utilization,22.87
2026-10-08T16:20:00Z,CMG-03,memory_utilization,44.87
2026-10-08T16:20:00Z,CMG-03,bgp_session_state,1.0
2026-10-08T16:20:00Z,CMG-03,throughput_gbps,94.75
2026-10-08T16:20:00Z,CMG-03,packet_loss_pct,0.0169
2026-10-08T16:20:00Z,CMG-03,active_bearers,529310.0
2026-10-08T16:20:00Z,UPF-01,cpu_utilization,22.39
2026-10-08T16:20:00Z,UPF-01,memory_utilization,48.88
2026-10-08T16:20:00Z,UPF-01,bgp_session_state,1.0
2026-10-08T16:20:00Z,UPF-01,throughput_gbps,110.03
2026-10-08T16:20:00Z,UPF-01,packet_loss_pct,0.0121
2026-10-08T16:20:00Z,UPF-01,active_bearers,521878.0
2026-10-08T16:20:00Z,UPF-02,cpu_utilization,31.12
2026-10-08T16:20:00Z,UPF-02,memory_utilization,34.25
2026-10-08T16:20:00Z,UPF-02,bgp_session_state,1.0
2026-10-08T16:20:00Z,UPF-02,throughput_gbps,111.27
2026-10-08T16:20:00Z,UPF-02,packet_loss_pct,0.0421
2026-10-08T16:20:00Z,UPF-02,active_bearers,476594.0
2026-10-08T16:25:00Z,CMG-01,cpu_utilization,25.47
2026-10-08T16:25:00Z,CMG-01,memory_utilization,33.34
2026-10-08T16:25:00Z,CMG-01,bgp_session_state,1.0
2026-10-08T16:25:00Z,CMG-01,throughput_gbps,101.54
2026-10-08T16:25:00Z,CMG-01,packet_loss_pct,0.0144
2026-10-08T16:25:00Z,CMG-01,active_bearers,485658.0
2026-10-08T16:25:00Z,CMG-02,cpu_utilization,20.65
2026-10-08T16:25:00Z,CMG-02,memory_utilization,33.25
2026-10-08T16:25:00Z,CMG-02,bgp_session_state,1.0
2026-10-08T16:25:00Z,CMG-02,throughput_gbps,92.75
2026-10-08T16:25:00Z,CMG-02,packet_loss_pct,0.0303
2026-10-08T16:25:00Z,CMG-02,active_bearers,543217.0
2026-10-08T16:25:00Z,CMG-03,cpu_utilization,23.2
2026-10-08T16:25:00Z,CMG-03,memory_utilization,47.63
2026-10-08T16:25:00Z,CMG-03,bgp_session_state,1.0
2026-10-08T16:25:00Z,CMG-03,throughput_gbps,89.21
2026-10-08T16:25:00Z,CMG-03,packet_loss_pct,0.0219
2026-10-08T16:25:00Z,CMG-03,active_bearers,470473.0
2026-10-08T16:25:00Z,UPF-01,cpu_utilization,34.71
2026-10-08T16:25:00Z,UPF-01,memory_utilization,38.95
2026-10-08T16:25:00Z,UPF-01,bgp_session_state,1.0
2026-10-08T16:25:00Z,UPF-01,throughput_gbps,82.87
2026-10-08T16:25:00Z,UPF-01,packet_loss_pct,0.0424
2026-10-08T16:25:00Z,UPF-01,active_bearers,488516.0
2026-10-08T16:25:00Z,UPF-02,cpu_utilization,16.91
2026-10-08T16:25:00Z,UPF-02,memory_utilization,39.81
2026-10-08T16:25:00Z,UPF-02,bgp_session_state,1.0
2026-10-08T16:25:00Z,UPF-02,throughput_gbps,107.57
2026-10-08T16:25:00Z,UPF-02,packet_loss_pct,0.0221
2026-10-08T16:25:00Z,UPF-02,active_bearers,526475.0
2026-10-08T16:30:00Z,CMG-01,cpu_utilization,33.82
2026-10-08T16:30:00Z,CMG-01,memory_utilization,47.19
2026-10-08T16:30:00Z,CMG-01,bgp_session_state,1.0
2026-10-08T16:30:00Z,CMG-01,throughput_gbps,102.83
2026-10-08T16:30:00Z,CMG-01,packet_loss_pct,0.0229
2026-10-08T16:30:00Z,CMG-01,active_bearers,453895.0
2026-10-08T16:30:00Z,CMG-02,cpu_utilization,34.45
2026-10-08T16:30:00Z,CMG-02,memory_utilization,47.55
2026-10-08T16:30:00Z,CMG-02,bgp_session_state,1.0
2026-10-08T16:30:00Z,CMG-02,throughput_gbps,85.08
2026-10-08T16:30:00Z,CMG-02,packet_loss_pct,0.023
2026-10-08T16:30:00Z,CMG-02,active_bearers,534579.0
2026-10-08T16:30:00Z,CMG-03,cpu_utilization,19.06
2026-10-08T16:30:00Z,CMG-03,memory_utilization,33.68
2026-10-08T16:30:00Z,CMG-03,bgp_session_state,1.0
2026-10-08T16:30:00Z,CMG-03,throughput_gbps,81.14
2026-10-08T16:30:00Z,CMG-03,packet_loss_pct,0.0413
2026-10-08T16:30:00Z,CMG-03,active_bearers,520898.0
2026-10-08T16:30:00Z,UPF-01,cpu_utilization,34.89
2026-10-08T16:30:00Z,UPF-01,memory_utilization,48.11
2026-10-08T16:30:00Z,UPF-01,bgp_session_state,1.0
2026-10-08T16:30:00Z,UPF-01,throughput_gbps,110.94
2026-10-08T16:30:00Z,UPF-01,packet_loss_pct,0.0353
2026-10-08T16:30:00Z,UPF-01,active_bearers,534067.0
2026-10-08T16:30:00Z,UPF-02,cpu_utilization,33.44
2026-10-08T16:30:00Z,UPF-02,memory_utilization,37.43
2026-10-08T16:30:00Z,UPF-02,bgp_session_state,1.0
2026-10-08T16:30:00Z,UPF-02,throughput_gbps,89.75
2026-10-08T16:30:00Z,UPF-02,packet_loss_pct,0.021
2026-10-08T16:30:00Z,UPF-02,active_bearers,468575.0
2026-10-08T16:35:00Z,CMG-01,cpu_utilization,25.87
2026-10-08T16:35:00Z,CMG-01,memory_utilization,32.26
2026-10-08T16:35:00Z,CMG-01,bgp_session_state,1.0
2026-10-08T16:35:00Z,CMG-01,throughput_gbps,96.16
2026-10-08T16:35:00Z,CMG-01,packet_loss_pct,0.0339
2026-10-08T16:35:00Z,CMG-01,active_bearers,524817.0
2026-10-08T16:35:00Z,CMG-02,cpu_utilization,24.03
2026-10-08T16:35:00Z,CMG-02,memory_utilization,44.94
2026-10-08T16:35:00Z,CMG-02,bgp_session_state,1.0
2026-10-08T16:35:00Z,CMG-02,throughput_gbps,91.37
2026-10-08T16:35:00Z,CMG-02,packet_loss_pct,0.0267
2026-10-08T16:35:00Z,CMG-02,active_bearers,511209.0
2026-10-08T16:35:00Z,CMG-03,cpu_utilization,27.69
2026-10-08T16:35:00Z,CMG-03,memory_utilization,34.08
2026-10-08T16:35:00Z,CMG-03,bgp_session_state,1.0
2026-10-08T16:35:00Z,CMG-03,throughput_gbps,99.06
2026-10-08T16:35:00Z,CMG-03,packet_loss_pct,0.0314
2026-10-08T16:35:00Z,CMG-03,active_bearers,453172.0
2026-10-08T16:35:00Z,UPF-01,cpu_utilization,34.0
2026-10-08T16:35:00Z,UPF-01,memory_utilization,30.69
2026-10-08T16:35:00Z,UPF-01,bgp_session_state,1.0
2026-10-08T16:35:00Z,UPF-01,throughput_gbps,103.99
2026-10-08T16:35:00Z,UPF-01,packet_loss_pct,0.0442
2026-10-08T16:35:00Z,UPF-01,active_bearers,488138.0
2026-10-08T16:35:00Z,UPF-02,cpu_utilization,27.74
2026-10-08T16:35:00Z,UPF-02,memory_utilization,48.48
2026-10-08T16:35:00Z,UPF-02,bgp_session_state,1.0
2026-10-08T16:35:00Z,UPF-02,throughput_gbps,108.11
2026-10-08T16:35:00Z,UPF-02,packet_loss_pct,0.0003
2026-10-08T16:35:00Z,UPF-02,active_bearers,484759.0
2026-10-08T16:40:00Z,CMG-01,cpu_utilization,24.87
2026-10-08T16:40:00Z,CMG-01,memory_utilization,40.1
2026-10-08T16:40:00Z,CMG-01,bgp_session_state,1.0
2026-10-08T16:40:00Z,CMG-01,throughput_gbps,95.5
2026-10-08T16:40:00Z,CMG-01,packet_loss_pct,0.0277
2026-10-08T16:40:00Z,CMG-01,active_bearers,483063.0
2026-10-08T16:40:00Z,CMG-02,cpu_utilization,17.54
2026-10-08T16:40:00Z,CMG-02,memory_utilization,42.8
2026-10-08T16:40:00Z,CMG-02,bgp_session_state,1.0
2026-10-08T16:40:00Z,CMG-02,throughput_gbps,81.09
2026-10-08T16:40:00Z,CMG-02,packet_loss_pct,0.0364
2026-10-08T16:40:00Z,CMG-02,active_bearers,519379.0
2026-10-08T16:40:00Z,CMG-03,cpu_utilization,16.8
2026-10-08T16:40:00Z,CMG-03,memory_utilization,42.99
2026-10-08T16:40:00Z,CMG-03,bgp_session_state,1.0
2026-10-08T16:40:00Z,CMG-03,throughput_gbps,89.95
2026-10-08T16:40:00Z,CMG-03,packet_loss_pct,0.0376
2026-10-08T16:40:00Z,CMG-03,active_bearers,537287.0
2026-10-08T16:40:00Z,UPF-01,cpu_utilization,16.17
2026-10-08T16:40:00Z,UPF-01,memory_utilization,32.27
2026-10-08T16:40:00Z,UPF-01,bgp_session_state,1.0
2026-10-08T16:40:00Z,UPF-01,throughput_gbps,88.12
2026-10-08T16:40:00Z,UPF-01,packet_loss_pct,0.028
2026-10-08T16:40:00Z,UPF-01,active_bearers,531014.0
2026-10-08T16:40:00Z,UPF-02,cpu_utilization,26.72
2026-10-08T16:40:00Z,UPF-02,memory_utilization,43.27
2026-10-08T16:40:00Z,UPF-02,bgp_session_state,1.0
2026-10-08T16:40:00Z,UPF-02,throughput_gbps,95.93
2026-10-08T16:40:00Z,UPF-02,packet_loss_pct,0.0233
2026-10-08T16:40:00Z,UPF-02,active_bearers,471897.0
2026-10-08T16:45:00Z,CMG-01,cpu_utilization,16.43
2026-10-08T16:45:00Z,CMG-01,memory_utilization,47.43
2026-10-08T16:45:00Z,CMG-01,bgp_session_state,1.0
2026-10-08T16:45:00Z,CMG-01,throughput_gbps,107.08
2026-10-08T16:45:00Z,CMG-01,packet_loss_pct,0.0289
2026-10-08T16:45:00Z,CMG-01,active_bearers,535452.0
2026-10-08T16:45:00Z,CMG-02,cpu_utilization,16.52
2026-10-08T16:45:00Z,CMG-02,memory_utilization,33.36
2026-10-08T16:45:00Z,CMG-02,bgp_session_state,1.0
2026-10-08T16:45:00Z,CMG-02,throughput_gbps,109.04
2026-10-08T16:45:00Z,CMG-02,packet_loss_pct,0.0039
2026-10-08T16:45:00Z,CMG-02,active_bearers,524636.0
2026-10-08T16:45:00Z,CMG-03,cpu_utilization,24.74
2026-10-08T16:45:00Z,CMG-03,memory_utilization,34.8
2026-10-08T16:45:00Z,CMG-03,bgp_session_state,1.0
2026-10-08T16:45:00Z,CMG-03,throughput_gbps,110.9
2026-10-08T16:45:00Z,CMG-03,packet_loss_pct,0.0183
2026-10-08T16:45:00Z,CMG-03,active_bearers,475488.0
2026-10-08T16:45:00Z,UPF-01,cpu_utilization,25.77
2026-10-08T16:45:00Z,UPF-01,memory_utilization,33.4
2026-10-08T16:45:00Z,UPF-01,bgp_session_state,1.0
2026-10-08T16:45:00Z,UPF-01,throughput_gbps,84.97
2026-10-08T16:45:00Z,UPF-01,packet_loss_pct,0.0441
2026-10-08T16:45:00Z,UPF-01,active_bearers,468584.0
2026-10-08T16:45:00Z,UPF-02,cpu_utilization,25.81
2026-10-08T16:45:00Z,UPF-02,memory_utilization,45.74
2026-10-08T16:45:00Z,UPF-02,bgp_session_state,1.0
2026-10-08T16:45:00Z,UPF-02,throughput_gbps,111.56
2026-10-08T16:45:00Z,UPF-02,packet_loss_pct,0.0291
2026-10-08T16:45:00Z,UPF-02,active_bearers,474116.0
2026-10-08T16:50:00Z,CMG-01,cpu_utilization,18.92
2026-10-08T16:50:00Z,CMG-01,memory_utilization,47.87
2026-10-08T16:50:00Z,CMG-01,bgp_session_state,1.0
2026-10-08T16:50:00Z,CMG-01,throughput_gbps,84.23
2026-10-08T16:50:00Z,CMG-01,packet_loss_pct,0.0165
2026-10-08T16:50:00Z,CMG-01,active_bearers,512551.0
2026-10-08T16:50:00Z,CMG-02,cpu_utilization,21.67
2026-10-08T16:50:00Z,CMG-02,memory_utilization,36.16
2026-10-08T16:50:00Z,CMG-02,bgp_session_state,1.0
2026-10-08T16:50:00Z,CMG-02,throughput_gbps,84.36
2026-10-08T16:50:00Z,CMG-02,packet_loss_pct,0.0459
2026-10-08T16:50:00Z,CMG-02,active_bearers,537201.0
2026-10-08T16:50:00Z,CMG-03,cpu_utilization,32.53
2026-10-08T16:50:00Z,CMG-03,memory_utilization,30.46
2026-10-08T16:50:00Z,CMG-03,bgp_session_state,1.0
2026-10-08T16:50:00Z,CMG-03,throughput_gbps,107.6
2026-10-08T16:50:00Z,CMG-03,packet_loss_pct,0.0085
2026-10-08T16:50:00Z,CMG-03,active_bearers,462134.0
2026-10-08T16:50:00Z,UPF-01,cpu_utilization,17.7
2026-10-08T16:50:00Z,UPF-01,memory_utilization,33.07
2026-10-08T16:50:00Z,UPF-01,bgp_session_state,1.0
2026-10-08T16:50:00Z,UPF-01,throughput_gbps,108.25
2026-10-08T16:50:00Z,UPF-01,packet_loss_pct,0.0059
2026-10-08T16:50:00Z,UPF-01,active_bearers,521770.0
2026-10-08T16:50:00Z,UPF-02,cpu_utilization,34.17
2026-10-08T16:50:00Z,UPF-02,memory_utilization,44.52
2026-10-08T16:50:00Z,UPF-02,bgp_session_state,1.0
2026-10-08T16:50:00Z,UPF-02,throughput_gbps,115.31
2026-10-08T16:50:00Z,UPF-02,packet_loss_pct,0.0229
2026-10-08T16:50:00Z,UPF-02,active_bearers,517310.0
2026-10-08T16:55:00Z,CMG-01,cpu_utilization,30.43
2026-10-08T16:55:00Z,CMG-01,memory_utilization,40.19
2026-10-08T16:55:00Z,CMG-01,bgp_session_state,1.0
2026-10-08T16:55:00Z,CMG-01,throughput_gbps,112.85
2026-10-08T16:55:00Z,CMG-01,packet_loss_pct,0.0072
2026-10-08T16:55:00Z,CMG-01,active_bearers,531402.0
2026-10-08T16:55:00Z,CMG-02,cpu_utilization,20.63
2026-10-08T16:55:00Z,CMG-02,memory_utilization,42.04
2026-10-08T16:55:00Z,CMG-02,bgp_session_state,1.0
2026-10-08T16:55:00Z,CMG-02,throughput_gbps,102.11
2026-10-08T16:55:00Z,CMG-02,packet_loss_pct,0.0391
2026-10-08T16:55:00Z,CMG-02,active_bearers,546391.0
2026-10-08T16:55:00Z,CMG-03,cpu_utilization,17.5
2026-10-08T16:55:00Z,CMG-03,memory_utilization,37.46
2026-10-08T16:55:00Z,CMG-03,bgp_session_state,1.0
2026-10-08T16:55:00Z,CMG-03,throughput_gbps,84.33
2026-10-08T16:55:00Z,CMG-03,packet_loss_pct,0.0392
2026-10-08T16:55:00Z,CMG-03,active_bearers,451602.0
2026-10-08T16:55:00Z,UPF-01,cpu_utilization,16.64
2026-10-08T16:55:00Z,UPF-01,memory_utilization,42.99
2026-10-08T16:55:00Z,UPF-01,bgp_session_state,1.0
2026-10-08T16:55:00Z,UPF-01,throughput_gbps,110.22
2026-10-08T16:55:00Z,UPF-01,packet_loss_pct,0.0056
2026-10-08T16:55:00Z,UPF-01,active_bearers,545447.0
2026-10-08T16:55:00Z,UPF-02,cpu_utilization,15.03
2026-10-08T16:55:00Z,UPF-02,memory_utilization,48.3
2026-10-08T16:55:00Z,UPF-02,bgp_session_state,1.0
2026-10-08T16:55:00Z,UPF-02,throughput_gbps,81.22
2026-10-08T16:55:00Z,UPF-02,packet_loss_pct,0.0019
2026-10-08T16:55:00Z,UPF-02,active_bearers,466498.0
2026-10-08T17:00:00Z,CMG-01,cpu_utilization,31.33
2026-10-08T17:00:00Z,CMG-01,memory_utilization,38.6
2026-10-08T17:00:00Z,CMG-01,bgp_session_state,1.0
2026-10-08T17:00:00Z,CMG-01,throughput_gbps,110.35
2026-10-08T17:00:00Z,CMG-01,packet_loss_pct,0.0295
2026-10-08T17:00:00Z,CMG-01,active_bearers,521032.0
2026-10-08T17:00:00Z,CMG-02,cpu_utilization,34.86
2026-10-08T17:00:00Z,CMG-02,memory_utilization,48.46
2026-10-08T17:00:00Z,CMG-02,bgp_session_state,1.0
2026-10-08T17:00:00Z,CMG-02,throughput_gbps,102.88
2026-10-08T17:00:00Z,CMG-02,packet_loss_pct,0.0035
2026-10-08T17:00:00Z,CMG-02,active_bearers,451802.0
2026-10-08T17:00:00Z,CMG-03,cpu_utilization,29.26
2026-10-08T17:00:00Z,CMG-03,memory_utilization,49.67
2026-10-08T17:00:00Z,CMG-03,bgp_session_state,1.0
2026-10-08T17:00:00Z,CMG-03,throughput_gbps,107.72
2026-10-08T17:00:00Z,CMG-03,packet_loss_pct,0.01
2026-10-08T17:00:00Z,CMG-03,active_bearers,502303.0
2026-10-08T17:00:00Z,UPF-01,cpu_utilization,31.36
2026-10-08T17:00:00Z,UPF-01,memory_utilization,39.47
2026-10-08T17:00:00Z,UPF-01,bgp_session_state,1.0
2026-10-08T17:00:00Z,UPF-01,throughput_gbps,88.94
2026-10-08T17:00:00Z,UPF-01,packet_loss_pct,0.0181
2026-10-08T17:00:00Z,UPF-01,active_bearers,526327.0
2026-10-08T17:00:00Z,UPF-02,cpu_utilization,20.72
2026-10-08T17:00:00Z,UPF-02,memory_utilization,34.55
2026-10-08T17:00:00Z,UPF-02,bgp_session_state,1.0
2026-10-08T17:00:00Z,UPF-02,throughput_gbps,98.93
2026-10-08T17:00:00Z,UPF-02,packet_loss_pct,0.0208
2026-10-08T17:00:00Z,UPF-02,active_bearers,479909.0
2026-10-08T17:05:00Z,CMG-01,cpu_utilization,24.0
2026-10-08T17:05:00Z,CMG-01,memory_utilization,45.27
2026-10-08T17:05:00Z,CMG-01,bgp_session_state,1.0
2026-10-08T17:05:00Z,CMG-01,throughput_gbps,118.0
2026-10-08T17:05:00Z,CMG-01,packet_loss_pct,0.0228
2026-10-08T17:05:00Z,CMG-01,active_bearers,462952.0
2026-10-08T17:05:00Z,CMG-02,cpu_utilization,33.7
2026-10-08T17:05:00Z,CMG-02,memory_utilization,47.67
2026-10-08T17:05:00Z,CMG-02,bgp_session_state,1.0
2026-10-08T17:05:00Z,CMG-02,throughput_gbps,108.25
2026-10-08T17:05:00Z,CMG-02,packet_loss_pct,0.0377
2026-10-08T17:05:00Z,CMG-02,active_bearers,493365.0
2026-10-08T17:05:00Z,CMG-03,cpu_utilization,19.82
2026-10-08T17:05:00Z,CMG-03,memory_utilization,37.81
2026-10-08T17:05:00Z,CMG-03,bgp_session_state,1.0
2026-10-08T17:05:00Z,CMG-03,throughput_gbps,86.42
2026-10-08T17:05:00Z,CMG-03,packet_loss_pct,0.0395
2026-10-08T17:05:00Z,CMG-03,active_bearers,511542.0
2026-10-08T17:05:00Z,UPF-01,cpu_utilization,34.73
2026-10-08T17:05:00Z,UPF-01,memory_utilization,35.97
2026-10-08T17:05:00Z,UPF-01,bgp_session_state,1.0
2026-10-08T17:05:00Z,UPF-01,throughput_gbps,101.6
2026-10-08T17:05:00Z,UPF-01,packet_loss_pct,0.0223
2026-10-08T17:05:00Z,UPF-01,active_bearers,496350.0
2026-10-08T17:05:00Z,UPF-02,cpu_utilization,16.76
2026-10-08T17:05:00Z,UPF-02,memory_utilization,34.88
2026-10-08T17:05:00Z,UPF-02,bgp_session_state,1.0
2026-10-08T17:05:00Z,UPF-02,throughput_gbps,107.12
2026-10-08T17:05:00Z,UPF-02,packet_loss_pct,0.0099
2026-10-08T17:05:00Z,UPF-02,active_bearers,519367.0
2026-10-08T17:10:00Z,CMG-01,cpu_utilization,27.68
2026-10-08T17:10:00Z,CMG-01,memory_utilization,39.04
2026-10-08T17:10:00Z,CMG-01,bgp_session_state,1.0
2026-10-08T17:10:00Z,CMG-01,throughput_gbps,110.9
2026-10-08T17:10:00Z,CMG-01,packet_loss_pct,0.0104
2026-10-08T17:10:00Z,CMG-01,active_bearers,479182.0
2026-10-08T17:10:00Z,CMG-02,cpu_utilization,22.29
2026-10-08T17:10:00Z,CMG-02,memory_utilization,30.62
2026-10-08T17:10:00Z,CMG-02,bgp_session_state,1.0
2026-10-08T17:10:00Z,CMG-02,throughput_gbps,111.74
2026-10-08T17:10:00Z,CMG-02,packet_loss_pct,0.0148
2026-10-08T17:10:00Z,CMG-02,active_bearers,510592.0
2026-10-08T17:10:00Z,CMG-03,cpu_utilization,20.51
2026-10-08T17:10:00Z,CMG-03,memory_utilization,33.42
2026-10-08T17:10:00Z,CMG-03,bgp_session_state,1.0
2026-10-08T17:10:00Z,CMG-03,throughput_gbps,113.86
2026-10-08T17:10:00Z,CMG-03,packet_loss_pct,0.01
2026-10-08T17:10:00Z,CMG-03,active_bearers,505519.0
2026-10-08T17:10:00Z,UPF-01,cpu_utilization,16.11
2026-10-08T17:10:00Z,UPF-01,memory_utilization,45.03
2026-10-08T17:10:00Z,UPF-01,bgp_session_state,1.0
2026-10-08T17:10:00Z,UPF-01,throughput_gbps,94.73
2026-10-08T17:10:00Z,UPF-01,packet_loss_pct,0.0176
2026-10-08T17:10:00Z,UPF-01,active_bearers,450254.0
2026-10-08T17:10:00Z,UPF-02,cpu_utilization,21.05
2026-10-08T17:10:00Z,UPF-02,memory_utilization,37.32
2026-10-08T17:10:00Z,UPF-02,bgp_session_state,1.0
2026-10-08T17:10:00Z,UPF-02,throughput_gbps,116.33
2026-10-08T17:10:00Z,UPF-02,packet_loss_pct,0.0273
2026-10-08T17:10:00Z,UPF-02,active_bearers,494834.0
2026-10-08T17:15:00Z,CMG-01,cpu_utilization,16.05
2026-10-08T17:15:00Z,CMG-01,memory_utilization,43.81
2026-10-08T17:15:00Z,CMG-01,bgp_session_state,1.0
2026-10-08T17:15:00Z,CMG-01,throughput_gbps,113.56
2026-10-08T17:15:00Z,CMG-01,packet_loss_pct,0.006
2026-10-08T17:15:00Z,CMG-01,active_bearers,476299.0
2026-10-08T17:15:00Z,CMG-02,cpu_utilization,30.55
2026-10-08T17:15:00Z,CMG-02,memory_utilization,32.21
2026-10-08T17:15:00Z,CMG-02,bgp_session_state,1.0
2026-10-08T17:15:00Z,CMG-02,throughput_gbps,100.1
2026-10-08T17:15:00Z,CMG-02,packet_loss_pct,0.0242
2026-10-08T17:15:00Z,CMG-02,active_bearers,547776.0
2026-10-08T17:15:00Z,CMG-03,cpu_utilization,26.43
2026-10-08T17:15:00Z,CMG-03,memory_utilization,48.11
2026-10-08T17:15:00Z,CMG-03,bgp_session_state,1.0
2026-10-08T17:15:00Z,CMG-03,throughput_gbps,84.98
2026-10-08T17:15:00Z,CMG-03,packet_loss_pct,0.0285
2026-10-08T17:15:00Z,CMG-03,active_bearers,532892.0
2026-10-08T17:15:00Z,UPF-01,cpu_utilization,16.39
2026-10-08T17:15:00Z,UPF-01,memory_utilization,46.1
2026-10-08T17:15:00Z,UPF-01,bgp_session_state,1.0
2026-10-08T17:15:00Z,UPF-01,throughput_gbps,108.3
2026-10-08T17:15:00Z,UPF-01,packet_loss_pct,0.0178
2026-10-08T17:15:00Z,UPF-01,active_bearers,525821.0
2026-10-08T17:15:00Z,UPF-02,cpu_utilization,15.95
2026-10-08T17:15:00Z,UPF-02,memory_utilization,46.68
2026-10-08T17:15:00Z,UPF-02,bgp_session_state,1.0
2026-10-08T17:15:00Z,UPF-02,throughput_gbps,91.56
2026-10-08T17:15:00Z,UPF-02,packet_loss_pct,0.0177
2026-10-08T17:15:00Z,UPF-02,active_bearers,506160.0
2026-10-08T17:20:00Z,CMG-01,cpu_utilization,33.32
2026-10-08T17:20:00Z,CMG-01,memory_utilization,42.81
2026-10-08T17:20:00Z,CMG-01,bgp_session_state,1.0
2026-10-08T17:20:00Z,CMG-01,throughput_gbps,88.71
2026-10-08T17:20:00Z,CMG-01,packet_loss_pct,0.0484
2026-10-08T17:20:00Z,CMG-01,active_bearers,460306.0
2026-10-08T17:20:00Z,CMG-02,cpu_utilization,16.1
2026-10-08T17:20:00Z,CMG-02,memory_utilization,38.76
2026-10-08T17:20:00Z,CMG-02,bgp_session_state,1.0
2026-10-08T17:20:00Z,CMG-02,throughput_gbps,95.55
2026-10-08T17:20:00Z,CMG-02,packet_loss_pct,0.0498
2026-10-08T17:20:00Z,CMG-02,active_bearers,519141.0
2026-10-08T17:20:00Z,CMG-03,cpu_utilization,23.99
2026-10-08T17:20:00Z,CMG-03,memory_utilization,40.2
2026-10-08T17:20:00Z,CMG-03,bgp_session_state,1.0
2026-10-08T17:20:00Z,CMG-03,throughput_gbps,103.31
2026-10-08T17:20:00Z,CMG-03,packet_loss_pct,0.0444
2026-10-08T17:20:00Z,CMG-03,active_bearers,498107.0
2026-10-08T17:20:00Z,UPF-01,cpu_utilization,15.24
2026-10-08T17:20:00Z,UPF-01,memory_utilization,42.03
2026-10-08T17:20:00Z,UPF-01,bgp_session_state,1.0
2026-10-08T17:20:00Z,UPF-01,throughput_gbps,85.34
2026-10-08T17:20:00Z,UPF-01,packet_loss_pct,0.049
2026-10-08T17:20:00Z,UPF-01,active_bearers,455665.0
2026-10-08T17:20:00Z,UPF-02,cpu_utilization,31.71
2026-10-08T17:20:00Z,UPF-02,memory_utilization,44.75
2026-10-08T17:20:00Z,UPF-02,bgp_session_state,1.0
2026-10-08T17:20:00Z,UPF-02,throughput_gbps,98.64
2026-10-08T17:20:00Z,UPF-02,packet_loss_pct,0.0287
2026-10-08T17:20:00Z,UPF-02,active_bearers,479116.0
2026-10-08T17:25:00Z,CMG-01,cpu_utilization,27.4
2026-10-08T17:25:00Z,CMG-01,memory_utilization,44.85
2026-10-08T17:25:00Z,CMG-01,bgp_session_state,1.0
2026-10-08T17:25:00Z,CMG-01,throughput_gbps,94.28
2026-10-08T17:25:00Z,CMG-01,packet_loss_pct,0.0105
2026-10-08T17:25:00Z,CMG-01,active_bearers,480338.0
2026-10-08T17:25:00Z,CMG-02,cpu_utilization,33.87
2026-10-08T17:25:00Z,CMG-02,memory_utilization,39.38
2026-10-08T17:25:00Z,CMG-02,bgp_session_state,1.0
2026-10-08T17:25:00Z,CMG-02,throughput_gbps,97.55
2026-10-08T17:25:00Z,CMG-02,packet_loss_pct,0.0412
2026-10-08T17:25:00Z,CMG-02,active_bearers,488289.0
2026-10-08T17:25:00Z,CMG-03,cpu_utilization,34.15
2026-10-08T17:25:00Z,CMG-03,memory_utilization,44.15
2026-10-08T17:25:00Z,CMG-03,bgp_session_state,1.0
2026-10-08T17:25:00Z,CMG-03,throughput_gbps,95.73
2026-10-08T17:25:00Z,CMG-03,packet_loss_pct,0.0376
2026-10-08T17:25:00Z,CMG-03,active_bearers,491336.0
2026-10-08T17:25:00Z,UPF-01,cpu_utilization,17.02
2026-10-08T17:25:00Z,UPF-01,memory_utilization,40.94
2026-10-08T17:25:00Z,UPF-01,bgp_session_state,1.0
2026-10-08T17:25:00Z,UPF-01,throughput_gbps,91.88
2026-10-08T17:25:00Z,UPF-01,packet_loss_pct,0.0308
2026-10-08T17:25:00Z,UPF-01,active_bearers,545273.0
2026-10-08T17:25:00Z,UPF-02,cpu_utilization,19.86
2026-10-08T17:25:00Z,UPF-02,memory_utilization,38.56
2026-10-08T17:25:00Z,UPF-02,bgp_session_state,1.0
2026-10-08T17:25:00Z,UPF-02,throughput_gbps,98.56
2026-10-08T17:25:00Z,UPF-02,packet_loss_pct,0.0057
2026-10-08T17:25:00Z,UPF-02,active_bearers,498344.0
2026-10-08T17:30:00Z,CMG-01,cpu_utilization,25.98
2026-10-08T17:30:00Z,CMG-01,memory_utilization,47.46
2026-10-08T17:30:00Z,CMG-01,bgp_session_state,1.0
2026-10-08T17:30:00Z,CMG-01,throughput_gbps,80.11
2026-10-08T17:30:00Z,CMG-01,packet_loss_pct,0.0141
2026-10-08T17:30:00Z,CMG-01,active_bearers,462397.0
2026-10-08T17:30:00Z,CMG-02,cpu_utilization,20.67
2026-10-08T17:30:00Z,CMG-02,memory_utilization,35.74
2026-10-08T17:30:00Z,CMG-02,bgp_session_state,1.0
2026-10-08T17:30:00Z,CMG-02,throughput_gbps,114.19
2026-10-08T17:30:00Z,CMG-02,packet_loss_pct,0.0457
2026-10-08T17:30:00Z,CMG-02,active_bearers,451837.0
2026-10-08T17:30:00Z,CMG-03,cpu_utilization,19.8
2026-10-08T17:30:00Z,CMG-03,memory_utilization,46.56
2026-10-08T17:30:00Z,CMG-03,bgp_session_state,1.0
2026-10-08T17:30:00Z,CMG-03,throughput_gbps,112.89
2026-10-08T17:30:00Z,CMG-03,packet_loss_pct,0.0331
2026-10-08T17:30:00Z,CMG-03,active_bearers,487880.0
2026-10-08T17:30:00Z,UPF-01,cpu_utilization,29.52
2026-10-08T17:30:00Z,UPF-01,memory_utilization,38.62
2026-10-08T17:30:00Z,UPF-01,bgp_session_state,1.0
2026-10-08T17:30:00Z,UPF-01,throughput_gbps,96.13
2026-10-08T17:30:00Z,UPF-01,packet_loss_pct,0.0049
2026-10-08T17:30:00Z,UPF-01,active_bearers,526751.0
2026-10-08T17:30:00Z,UPF-02,cpu_utilization,18.13
2026-10-08T17:30:00Z,UPF-02,memory_utilization,39.51
2026-10-08T17:30:00Z,UPF-02,bgp_session_state,1.0
2026-10-08T17:30:00Z,UPF-02,throughput_gbps,103.05
2026-10-08T17:30:00Z,UPF-02,packet_loss_pct,0.0065
2026-10-08T17:30:00Z,UPF-02,active_bearers,523327.0
2026-10-08T17:35:00Z,CMG-01,cpu_utilization,15.24
2026-10-08T17:35:00Z,CMG-01,memory_utilization,49.62
2026-10-08T17:35:00Z,CMG-01,bgp_session_state,1.0
2026-10-08T17:35:00Z,CMG-01,throughput_gbps,103.64
2026-10-08T17:35:00Z,CMG-01,packet_loss_pct,0.0207
2026-10-08T17:35:00Z,CMG-01,active_bearers,539150.0
2026-10-08T17:35:00Z,CMG-02,cpu_utilization,21.66
2026-10-08T17:35:00Z,CMG-02,memory_utilization,39.75
2026-10-08T17:35:00Z,CMG-02,bgp_session_state,1.0
2026-10-08T17:35:00Z,CMG-02,throughput_gbps,95.35
2026-10-08T17:35:00Z,CMG-02,packet_loss_pct,0.0151
2026-10-08T17:35:00Z,CMG-02,active_bearers,484164.0
2026-10-08T17:35:00Z,CMG-03,cpu_utilization,22.73
2026-10-08T17:35:00Z,CMG-03,memory_utilization,34.93
2026-10-08T17:35:00Z,CMG-03,bgp_session_state,1.0
2026-10-08T17:35:00Z,CMG-03,throughput_gbps,88.86
2026-10-08T17:35:00Z,CMG-03,packet_loss_pct,0.003
2026-10-08T17:35:00Z,CMG-03,active_bearers,510454.0
2026-10-08T17:35:00Z,UPF-01,cpu_utilization,24.35
2026-10-08T17:35:00Z,UPF-01,memory_utilization,39.25
2026-10-08T17:35:00Z,UPF-01,bgp_session_state,1.0
2026-10-08T17:35:00Z,UPF-01,throughput_gbps,106.48
2026-10-08T17:35:00Z,UPF-01,packet_loss_pct,0.0478
2026-10-08T17:35:00Z,UPF-01,active_bearers,512053.0
2026-10-08T17:35:00Z,UPF-02,cpu_utilization,33.88
2026-10-08T17:35:00Z,UPF-02,memory_utilization,46.14
2026-10-08T17:35:00Z,UPF-02,bgp_session_state,1.0
2026-10-08T17:35:00Z,UPF-02,throughput_gbps,103.52
2026-10-08T17:35:00Z,UPF-02,packet_loss_pct,0.0351
2026-10-08T17:35:00Z,UPF-02,active_bearers,494232.0
2026-10-08T17:40:00Z,CMG-01,cpu_utilization,23.25
2026-10-08T17:40:00Z,CMG-01,memory_utilization,49.15
2026-10-08T17:40:00Z,CMG-01,bgp_session_state,1.0
2026-10-08T17:40:00Z,CMG-01,throughput_gbps,102.65
2026-10-08T17:40:00Z,CMG-01,packet_loss_pct,0.0208
2026-10-08T17:40:00Z,CMG-01,active_bearers,529916.0
2026-10-08T17:40:00Z,CMG-02,cpu_utilization,20.77
2026-10-08T17:40:00Z,CMG-02,memory_utilization,49.42
2026-10-08T17:40:00Z,CMG-02,bgp_session_state,1.0
2026-10-08T17:40:00Z,CMG-02,throughput_gbps,107.34
2026-10-08T17:40:00Z,CMG-02,packet_loss_pct,0.0385
2026-10-08T17:40:00Z,CMG-02,active_bearers,529919.0
2026-10-08T17:40:00Z,CMG-03,cpu_utilization,33.07
2026-10-08T17:40:00Z,CMG-03,memory_utilization,33.23
2026-10-08T17:40:00Z,CMG-03,bgp_session_state,1.0
2026-10-08T17:40:00Z,CMG-03,throughput_gbps,104.31
2026-10-08T17:40:00Z,CMG-03,packet_loss_pct,0.0069
2026-10-08T17:40:00Z,CMG-03,active_bearers,502644.0
2026-10-08T17:40:00Z,UPF-01,cpu_utilization,24.85
2026-10-08T17:40:00Z,UPF-01,memory_utilization,44.95
2026-10-08T17:40:00Z,UPF-01,bgp_session_state,1.0
2026-10-08T17:40:00Z,UPF-01,throughput_gbps,97.12
2026-10-08T17:40:00Z,UPF-01,packet_loss_pct,0.0123
2026-10-08T17:40:00Z,UPF-01,active_bearers,543965.0
2026-10-08T17:40:00Z,UPF-02,cpu_utilization,22.14
2026-10-08T17:40:00Z,UPF-02,memory_utilization,49.67
2026-10-08T17:40:00Z,UPF-02,bgp_session_state,1.0
2026-10-08T17:40:00Z,UPF-02,throughput_gbps,100.33
2026-10-08T17:40:00Z,UPF-02,packet_loss_pct,0.0224
2026-10-08T17:40:00Z,UPF-02,active_bearers,534404.0
2026-10-08T17:45:00Z,CMG-01,cpu_utilization,17.36
2026-10-08T17:45:00Z,CMG-01,memory_utilization,42.09
2026-10-08T17:45:00Z,CMG-01,bgp_session_state,1.0
2026-10-08T17:45:00Z,CMG-01,throughput_gbps,111.39
2026-10-08T17:45:00Z,CMG-01,packet_loss_pct,0.0441
2026-10-08T17:45:00Z,CMG-01,active_bearers,541216.0
2026-10-08T17:45:00Z,CMG-02,cpu_utilization,30.75
2026-10-08T17:45:00Z,CMG-02,memory_utilization,33.08
2026-10-08T17:45:00Z,CMG-02,bgp_session_state,1.0
2026-10-08T17:45:00Z,CMG-02,throughput_gbps,106.76
2026-10-08T17:45:00Z,CMG-02,packet_loss_pct,0.0495
2026-10-08T17:45:00Z,CMG-02,active_bearers,471966.0
2026-10-08T17:45:00Z,CMG-03,cpu_utilization,23.58
2026-10-08T17:45:00Z,CMG-03,memory_utilization,48.16
2026-10-08T17:45:00Z,CMG-03,bgp_session_state,1.0
2026-10-08T17:45:00Z,CMG-03,throughput_gbps,91.79
2026-10-08T17:45:00Z,CMG-03,packet_loss_pct,0.0066
2026-10-08T17:45:00Z,CMG-03,active_bearers,505773.0
2026-10-08T17:45:00Z,UPF-01,cpu_utilization,20.0
2026-10-08T17:45:00Z,UPF-01,memory_utilization,48.12
2026-10-08T17:45:00Z,UPF-01,bgp_session_state,1.0
2026-10-08T17:45:00Z,UPF-01,throughput_gbps,87.95
2026-10-08T17:45:00Z,UPF-01,packet_loss_pct,0.0341
2026-10-08T17:45:00Z,UPF-01,active_bearers,519692.0
2026-10-08T17:45:00Z,UPF-02,cpu_utilization,18.14
2026-10-08T17:45:00Z,UPF-02,memory_utilization,31.08
2026-10-08T17:45:00Z,UPF-02,bgp_session_state,1.0
2026-10-08T17:45:00Z,UPF-02,throughput_gbps,89.64
2026-10-08T17:45:00Z,UPF-02,packet_loss_pct,0.0471
2026-10-08T17:45:00Z,UPF-02,active_bearers,517394.0
2026-10-08T17:50:00Z,CMG-01,cpu_utilization,19.8
2026-10-08T17:50:00Z,CMG-01,memory_utilization,43.11
2026-10-08T17:50:00Z,CMG-01,bgp_session_state,1.0
2026-10-08T17:50:00Z,CMG-01,throughput_gbps,99.63
2026-10-08T17:50:00Z,CMG-01,packet_loss_pct,0.0304
2026-10-08T17:50:00Z,CMG-01,active_bearers,540019.0
2026-10-08T17:50:00Z,CMG-02,cpu_utilization,23.84
2026-10-08T17:50:00Z,CMG-02,memory_utilization,33.94
2026-10-08T17:50:00Z,CMG-02,bgp_session_state,1.0
2026-10-08T17:50:00Z,CMG-02,throughput_gbps,95.71
2026-10-08T17:50:00Z,CMG-02,packet_loss_pct,0.002
2026-10-08T17:50:00Z,CMG-02,active_bearers,457331.0
2026-10-08T17:50:00Z,CMG-03,cpu_utilization,15.14
2026-10-08T17:50:00Z,CMG-03,memory_utilization,37.71
2026-10-08T17:50:00Z,CMG-03,bgp_session_state,1.0
2026-10-08T17:50:00Z,CMG-03,throughput_gbps,108.18
2026-10-08T17:50:00Z,CMG-03,packet_loss_pct,0.0259
2026-10-08T17:50:00Z,CMG-03,active_bearers,505998.0
2026-10-08T17:50:00Z,UPF-01,cpu_utilization,28.21
2026-10-08T17:50:00Z,UPF-01,memory_utilization,31.65
2026-10-08T17:50:00Z,UPF-01,bgp_session_state,1.0
2026-10-08T17:50:00Z,UPF-01,throughput_gbps,83.66
2026-10-08T17:50:00Z,UPF-01,packet_loss_pct,0.0023
2026-10-08T17:50:00Z,UPF-01,active_bearers,535785.0
2026-10-08T17:50:00Z,UPF-02,cpu_utilization,19.38
2026-10-08T17:50:00Z,UPF-02,memory_utilization,46.61
2026-10-08T17:50:00Z,UPF-02,bgp_session_state,1.0
2026-10-08T17:50:00Z,UPF-02,throughput_gbps,107.67
2026-10-08T17:50:00Z,UPF-02,packet_loss_pct,0.0401
2026-10-08T17:50:00Z,UPF-02,active_bearers,477986.0
2026-10-08T17:55:00Z,CMG-01,cpu_utilization,21.09
2026-10-08T17:55:00Z,CMG-01,memory_utilization,33.7
2026-10-08T17:55:00Z,CMG-01,bgp_session_state,1.0
2026-10-08T17:55:00Z,CMG-01,throughput_gbps,81.01
2026-10-08T17:55:00Z,CMG-01,packet_loss_pct,0.0112
2026-10-08T17:55:00Z,CMG-01,active_bearers,466638.0
2026-10-08T17:55:00Z,CMG-02,cpu_utilization,26.63
2026-10-08T17:55:00Z,CMG-02,memory_utilization,46.27
2026-10-08T17:55:00Z,CMG-02,bgp_session_state,1.0
2026-10-08T17:55:00Z,CMG-02,throughput_gbps,84.76
2026-10-08T17:55:00Z,CMG-02,packet_loss_pct,0.0118
2026-10-08T17:55:00Z,CMG-02,active_bearers,471641.0
2026-10-08T17:55:00Z,CMG-03,cpu_utilization,15.51
2026-10-08T17:55:00Z,CMG-03,memory_utilization,44.7
2026-10-08T17:55:00Z,CMG-03,bgp_session_state,1.0
2026-10-08T17:55:00Z,CMG-03,throughput_gbps,119.82
2026-10-08T17:55:00Z,CMG-03,packet_loss_pct,0.0401
2026-10-08T17:55:00Z,CMG-03,active_bearers,454597.0
2026-10-08T17:55:00Z,UPF-01,cpu_utilization,18.5
2026-10-08T17:55:00Z,UPF-01,memory_utilization,44.78
2026-10-08T17:55:00Z,UPF-01,bgp_session_state,1.0
2026-10-08T17:55:00Z,UPF-01,throughput_gbps,93.69
2026-10-08T17:55:00Z,UPF-01,packet_loss_pct,0.0092
2026-10-08T17:55:00Z,UPF-01,active_bearers,540915.0
2026-10-08T17:55:00Z,UPF-02,cpu_utilization,34.51
2026-10-08T17:55:00Z,UPF-02,memory_utilization,44.93
2026-10-08T17:55:00Z,UPF-02,bgp_session_state,1.0
2026-10-08T17:55:00Z,UPF-02,throughput_gbps,85.51
2026-10-08T17:55:00Z,UPF-02,packet_loss_pct,0.032
2026-10-08T17:55:00Z,UPF-02,active_bearers,543255.0
2026-10-08T18:00:00Z,CMG-01,cpu_utilization,27.52
2026-10-08T18:00:00Z,CMG-01,memory_utilization,32.83
2026-10-08T18:00:00Z,CMG-01,bgp_session_state,1.0
2026-10-08T18:00:00Z,CMG-01,throughput_gbps,116.47
2026-10-08T18:00:00Z,CMG-01,packet_loss_pct,0.029
2026-10-08T18:00:00Z,CMG-01,active_bearers,484432.0
2026-10-08T18:00:00Z,CMG-02,cpu_utilization,28.63
2026-10-08T18:00:00Z,CMG-02,memory_utilization,32.51
2026-10-08T18:00:00Z,CMG-02,bgp_session_state,1.0
2026-10-08T18:00:00Z,CMG-02,throughput_gbps,97.51
2026-10-08T18:00:00Z,CMG-02,packet_loss_pct,0.03
2026-10-08T18:00:00Z,CMG-02,active_bearers,478352.0
2026-10-08T18:00:00Z,CMG-03,cpu_utilization,16.51
2026-10-08T18:00:00Z,CMG-03,memory_utilization,43.72
2026-10-08T18:00:00Z,CMG-03,bgp_session_state,1.0
2026-10-08T18:00:00Z,CMG-03,throughput_gbps,90.48
2026-10-08T18:00:00Z,CMG-03,packet_loss_pct,0.0382
2026-10-08T18:00:00Z,CMG-03,active_bearers,490076.0
2026-10-08T18:00:00Z,UPF-01,cpu_utilization,22.59
2026-10-08T18:00:00Z,UPF-01,memory_utilization,48.04
2026-10-08T18:00:00Z,UPF-01,bgp_session_state,1.0
2026-10-08T18:00:00Z,UPF-01,throughput_gbps,83.02
2026-10-08T18:00:00Z,UPF-01,packet_loss_pct,0.0463
2026-10-08T18:00:00Z,UPF-01,active_bearers,452783.0
2026-10-08T18:00:00Z,UPF-02,cpu_utilization,27.42
2026-10-08T18:00:00Z,UPF-02,memory_utilization,36.76
2026-10-08T18:00:00Z,UPF-02,bgp_session_state,1.0
2026-10-08T18:00:00Z,UPF-02,throughput_gbps,87.86
2026-10-08T18:00:00Z,UPF-02,packet_loss_pct,0.0272
2026-10-08T18:00:00Z,UPF-02,active_bearers,458567.0
2026-10-08T18:05:00Z,CMG-01,cpu_utilization,15.76
2026-10-08T18:05:00Z,CMG-01,memory_utilization,46.88
2026-10-08T18:05:00Z,CMG-01,bgp_session_state,1.0
2026-10-08T18:05:00Z,CMG-01,throughput_gbps,98.62
2026-10-08T18:05:00Z,CMG-01,packet_loss_pct,0.0089
2026-10-08T18:05:00Z,CMG-01,active_bearers,519682.0
2026-10-08T18:05:00Z,CMG-02,cpu_utilization,24.43
2026-10-08T18:05:00Z,CMG-02,memory_utilization,41.1
2026-10-08T18:05:00Z,CMG-02,bgp_session_state,1.0
2026-10-08T18:05:00Z,CMG-02,throughput_gbps,108.83
2026-10-08T18:05:00Z,CMG-02,packet_loss_pct,0.0102
2026-10-08T18:05:00Z,CMG-02,active_bearers,478019.0
2026-10-08T18:05:00Z,CMG-03,cpu_utilization,34.35
2026-10-08T18:05:00Z,CMG-03,memory_utilization,34.64
2026-10-08T18:05:00Z,CMG-03,bgp_session_state,1.0
2026-10-08T18:05:00Z,CMG-03,throughput_gbps,83.72
2026-10-08T18:05:00Z,CMG-03,packet_loss_pct,0.0213
2026-10-08T18:05:00Z,CMG-03,active_bearers,467810.0
2026-10-08T18:05:00Z,UPF-01,cpu_utilization,22.99
2026-10-08T18:05:00Z,UPF-01,memory_utilization,47.58
2026-10-08T18:05:00Z,UPF-01,bgp_session_state,1.0
2026-10-08T18:05:00Z,UPF-01,throughput_gbps,109.78
2026-10-08T18:05:00Z,UPF-01,packet_loss_pct,0.0052
2026-10-08T18:05:00Z,UPF-01,active_bearers,470260.0
2026-10-08T18:05:00Z,UPF-02,cpu_utilization,15.35
2026-10-08T18:05:00Z,UPF-02,memory_utilization,36.24
2026-10-08T18:05:00Z,UPF-02,bgp_session_state,1.0
2026-10-08T18:05:00Z,UPF-02,throughput_gbps,106.77
2026-10-08T18:05:00Z,UPF-02,packet_loss_pct,0.0191
2026-10-08T18:05:00Z,UPF-02,active_bearers,483030.0
2026-10-08T18:10:00Z,CMG-01,cpu_utilization,15.05
2026-10-08T18:10:00Z,CMG-01,memory_utilization,37.76
2026-10-08T18:10:00Z,CMG-01,bgp_session_state,1.0
2026-10-08T18:10:00Z,CMG-01,throughput_gbps,116.31
2026-10-08T18:10:00Z,CMG-01,packet_loss_pct,0.0313
2026-10-08T18:10:00Z,CMG-01,active_bearers,458573.0
2026-10-08T18:10:00Z,CMG-02,cpu_utilization,19.44
2026-10-08T18:10:00Z,CMG-02,memory_utilization,30.07
2026-10-08T18:10:00Z,CMG-02,bgp_session_state,1.0
2026-10-08T18:10:00Z,CMG-02,throughput_gbps,82.98
2026-10-08T18:10:00Z,CMG-02,packet_loss_pct,0.0169
2026-10-08T18:10:00Z,CMG-02,active_bearers,493690.0
2026-10-08T18:10:00Z,CMG-03,cpu_utilization,27.17
2026-10-08T18:10:00Z,CMG-03,memory_utilization,36.67
2026-10-08T18:10:00Z,CMG-03,bgp_session_state,1.0
2026-10-08T18:10:00Z,CMG-03,throughput_gbps,86.83
2026-10-08T18:10:00Z,CMG-03,packet_loss_pct,0.0057
2026-10-08T18:10:00Z,CMG-03,active_bearers,531591.0
2026-10-08T18:10:00Z,UPF-01,cpu_utilization,27.27
2026-10-08T18:10:00Z,UPF-01,memory_utilization,35.69
2026-10-08T18:10:00Z,UPF-01,bgp_session_state,1.0
2026-10-08T18:10:00Z,UPF-01,throughput_gbps,96.79
2026-10-08T18:10:00Z,UPF-01,packet_loss_pct,0.0165
2026-10-08T18:10:00Z,UPF-01,active_bearers,494592.0
2026-10-08T18:10:00Z,UPF-02,cpu_utilization,17.5
2026-10-08T18:10:00Z,UPF-02,memory_utilization,43.6
2026-10-08T18:10:00Z,UPF-02,bgp_session_state,1.0
2026-10-08T18:10:00Z,UPF-02,throughput_gbps,99.12
2026-10-08T18:10:00Z,UPF-02,packet_loss_pct,0.0468
2026-10-08T18:10:00Z,UPF-02,active_bearers,477683.0
2026-10-08T18:15:00Z,CMG-01,cpu_utilization,26.11
2026-10-08T18:15:00Z,CMG-01,memory_utilization,45.28
2026-10-08T18:15:00Z,CMG-01,bgp_session_state,1.0
2026-10-08T18:15:00Z,CMG-01,throughput_gbps,107.57
2026-10-08T18:15:00Z,CMG-01,packet_loss_pct,0.0016
2026-10-08T18:15:00Z,CMG-01,active_bearers,505204.0
2026-10-08T18:15:00Z,CMG-02,cpu_utilization,29.73
2026-10-08T18:15:00Z,CMG-02,memory_utilization,34.08
2026-10-08T18:15:00Z,CMG-02,bgp_session_state,1.0
2026-10-08T18:15:00Z,CMG-02,throughput_gbps,85.34
2026-10-08T18:15:00Z,CMG-02,packet_loss_pct,0.0197
2026-10-08T18:15:00Z,CMG-02,active_bearers,469557.0
2026-10-08T18:15:00Z,CMG-03,cpu_utilization,27.82
2026-10-08T18:15:00Z,CMG-03,memory_utilization,30.22
2026-10-08T18:15:00Z,CMG-03,bgp_session_state,1.0
2026-10-08T18:15:00Z,CMG-03,throughput_gbps,92.66
2026-10-08T18:15:00Z,CMG-03,packet_loss_pct,0.0354
2026-10-08T18:15:00Z,CMG-03,active_bearers,477749.0
2026-10-08T18:15:00Z,UPF-01,cpu_utilization,16.08
2026-10-08T18:15:00Z,UPF-01,memory_utilization,46.44
2026-10-08T18:15:00Z,UPF-01,bgp_session_state,1.0
2026-10-08T18:15:00Z,UPF-01,throughput_gbps,83.91
2026-10-08T18:15:00Z,UPF-01,packet_loss_pct,0.0142
2026-10-08T18:15:00Z,UPF-01,active_bearers,513384.0
2026-10-08T18:15:00Z,UPF-02,cpu_utilization,23.41
2026-10-08T18:15:00Z,UPF-02,memory_utilization,40.59
2026-10-08T18:15:00Z,UPF-02,bgp_session_state,1.0
2026-10-08T18:15:00Z,UPF-02,throughput_gbps,113.13
2026-10-08T18:15:00Z,UPF-02,packet_loss_pct,0.0299
2026-10-08T18:15:00Z,UPF-02,active_bearers,510988.0
2026-10-08T18:20:00Z,CMG-01,cpu_utilization,15.97
2026-10-08T18:20:00Z,CMG-01,memory_utilization,33.69
2026-10-08T18:20:00Z,CMG-01,bgp_session_state,1.0
2026-10-08T18:20:00Z,CMG-01,throughput_gbps,91.77
2026-10-08T18:20:00Z,CMG-01,packet_loss_pct,0.027
2026-10-08T18:20:00Z,CMG-01,active_bearers,514623.0
2026-10-08T18:20:00Z,CMG-02,cpu_utilization,16.1
2026-10-08T18:20:00Z,CMG-02,memory_utilization,48.61
2026-10-08T18:20:00Z,CMG-02,bgp_session_state,1.0
2026-10-08T18:20:00Z,CMG-02,throughput_gbps,92.66
2026-10-08T18:20:00Z,CMG-02,packet_loss_pct,0.0047
2026-10-08T18:20:00Z,CMG-02,active_bearers,466073.0
2026-10-08T18:20:00Z,CMG-03,cpu_utilization,31.94
2026-10-08T18:20:00Z,CMG-03,memory_utilization,35.08
2026-10-08T18:20:00Z,CMG-03,bgp_session_state,1.0
2026-10-08T18:20:00Z,CMG-03,throughput_gbps,107.33
2026-10-08T18:20:00Z,CMG-03,packet_loss_pct,0.0389
2026-10-08T18:20:00Z,CMG-03,active_bearers,467593.0
2026-10-08T18:20:00Z,UPF-01,cpu_utilization,17.18
2026-10-08T18:20:00Z,UPF-01,memory_utilization,41.86
2026-10-08T18:20:00Z,UPF-01,bgp_session_state,1.0
2026-10-08T18:20:00Z,UPF-01,throughput_gbps,97.49
2026-10-08T18:20:00Z,UPF-01,packet_loss_pct,0.0282
2026-10-08T18:20:00Z,UPF-01,active_bearers,450384.0
2026-10-08T18:20:00Z,UPF-02,cpu_utilization,15.1
2026-10-08T18:20:00Z,UPF-02,memory_utilization,36.63
2026-10-08T18:20:00Z,UPF-02,bgp_session_state,1.0
2026-10-08T18:20:00Z,UPF-02,throughput_gbps,90.39
2026-10-08T18:20:00Z,UPF-02,packet_loss_pct,0.0109
2026-10-08T18:20:00Z,UPF-02,active_bearers,474351.0
2026-10-08T18:25:00Z,CMG-01,cpu_utilization,16.24
2026-10-08T18:25:00Z,CMG-01,memory_utilization,36.16
2026-10-08T18:25:00Z,CMG-01,bgp_session_state,1.0
2026-10-08T18:25:00Z,CMG-01,throughput_gbps,92.91
2026-10-08T18:25:00Z,CMG-01,packet_loss_pct,0.0478
2026-10-08T18:25:00Z,CMG-01,active_bearers,535398.0
2026-10-08T18:25:00Z,CMG-02,cpu_utilization,28.61
2026-10-08T18:25:00Z,CMG-02,memory_utilization,43.6
2026-10-08T18:25:00Z,CMG-02,bgp_session_state,1.0
2026-10-08T18:25:00Z,CMG-02,throughput_gbps,87.07
2026-10-08T18:25:00Z,CMG-02,packet_loss_pct,0.0198
2026-10-08T18:25:00Z,CMG-02,active_bearers,463962.0
2026-10-08T18:25:00Z,CMG-03,cpu_utilization,34.79
2026-10-08T18:25:00Z,CMG-03,memory_utilization,41.21
2026-10-08T18:25:00Z,CMG-03,bgp_session_state,1.0
2026-10-08T18:25:00Z,CMG-03,throughput_gbps,106.94
2026-10-08T18:25:00Z,CMG-03,packet_loss_pct,0.0365
2026-10-08T18:25:00Z,CMG-03,active_bearers,539371.0
2026-10-08T18:25:00Z,UPF-01,cpu_utilization,24.57
2026-10-08T18:25:00Z,UPF-01,memory_utilization,40.36
2026-10-08T18:25:00Z,UPF-01,bgp_session_state,1.0
2026-10-08T18:25:00Z,UPF-01,throughput_gbps,118.98
2026-10-08T18:25:00Z,UPF-01,packet_loss_pct,0.0048
2026-10-08T18:25:00Z,UPF-01,active_bearers,533984.0
2026-10-08T18:25:00Z,UPF-02,cpu_utilization,23.2
2026-10-08T18:25:00Z,UPF-02,memory_utilization,36.48
2026-10-08T18:25:00Z,UPF-02,bgp_session_state,1.0
2026-10-08T18:25:00Z,UPF-02,throughput_gbps,85.88
2026-10-08T18:25:00Z,UPF-02,packet_loss_pct,0.0081
2026-10-08T18:25:00Z,UPF-02,active_bearers,491589.0
2026-10-08T18:30:00Z,CMG-01,cpu_utilization,22.84
2026-10-08T18:30:00Z,CMG-01,memory_utilization,45.29
2026-10-08T18:30:00Z,CMG-01,bgp_session_state,1.0
2026-10-08T18:30:00Z,CMG-01,throughput_gbps,119.83
2026-10-08T18:30:00Z,CMG-01,packet_loss_pct,0.0491
2026-10-08T18:30:00Z,CMG-01,active_bearers,515562.0
2026-10-08T18:30:00Z,CMG-02,cpu_utilization,24.97
2026-10-08T18:30:00Z,CMG-02,memory_utilization,47.72
2026-10-08T18:30:00Z,CMG-02,bgp_session_state,1.0
2026-10-08T18:30:00Z,CMG-02,throughput_gbps,102.37
2026-10-08T18:30:00Z,CMG-02,packet_loss_pct,0.0094
2026-10-08T18:30:00Z,CMG-02,active_bearers,454945.0
2026-10-08T18:30:00Z,CMG-03,cpu_utilization,21.51
2026-10-08T18:30:00Z,CMG-03,memory_utilization,49.18
2026-10-08T18:30:00Z,CMG-03,bgp_session_state,1.0
2026-10-08T18:30:00Z,CMG-03,throughput_gbps,103.68
2026-10-08T18:30:00Z,CMG-03,packet_loss_pct,0.0149
2026-10-08T18:30:00Z,CMG-03,active_bearers,532924.0
2026-10-08T18:30:00Z,UPF-01,cpu_utilization,23.53
2026-10-08T18:30:00Z,UPF-01,memory_utilization,41.25
2026-10-08T18:30:00Z,UPF-01,bgp_session_state,1.0
2026-10-08T18:30:00Z,UPF-01,throughput_gbps,118.11
2026-10-08T18:30:00Z,UPF-01,packet_loss_pct,0.0414
2026-10-08T18:30:00Z,UPF-01,active_bearers,503596.0
2026-10-08T18:30:00Z,UPF-02,cpu_utilization,15.56
2026-10-08T18:30:00Z,UPF-02,memory_utilization,45.75
2026-10-08T18:30:00Z,UPF-02,bgp_session_state,1.0
2026-10-08T18:30:00Z,UPF-02,throughput_gbps,111.48
2026-10-08T18:30:00Z,UPF-02,packet_loss_pct,0.0401
2026-10-08T18:30:00Z,UPF-02,active_bearers,549875.0
2026-10-08T18:35:00Z,CMG-01,cpu_utilization,30.67
2026-10-08T18:35:00Z,CMG-01,memory_utilization,36.01
2026-10-08T18:35:00Z,CMG-01,bgp_session_state,1.0
2026-10-08T18:35:00Z,CMG-01,throughput_gbps,92.71
2026-10-08T18:35:00Z,CMG-01,packet_loss_pct,0.0279
2026-10-08T18:35:00Z,CMG-01,active_bearers,492209.0
2026-10-08T18:35:00Z,CMG-02,cpu_utilization,24.52
2026-10-08T18:35:00Z,CMG-02,memory_utilization,36.98
2026-10-08T18:35:00Z,CMG-02,bgp_session_state,1.0
2026-10-08T18:35:00Z,CMG-02,throughput_gbps,107.62
2026-10-08T18:35:00Z,CMG-02,packet_loss_pct,0.0464
2026-10-08T18:35:00Z,CMG-02,active_bearers,510342.0
2026-10-08T18:35:00Z,CMG-03,cpu_utilization,25.9
2026-10-08T18:35:00Z,CMG-03,memory_utilization,49.99
2026-10-08T18:35:00Z,CMG-03,bgp_session_state,1.0
2026-10-08T18:35:00Z,CMG-03,throughput_gbps,112.75
2026-10-08T18:35:00Z,CMG-03,packet_loss_pct,0.0236
2026-10-08T18:35:00Z,CMG-03,active_bearers,545223.0
2026-10-08T18:35:00Z,UPF-01,cpu_utilization,27.12
2026-10-08T18:35:00Z,UPF-01,memory_utilization,46.41
2026-10-08T18:35:00Z,UPF-01,bgp_session_state,1.0
2026-10-08T18:35:00Z,UPF-01,throughput_gbps,117.55
2026-10-08T18:35:00Z,UPF-01,packet_loss_pct,0.0246
2026-10-08T18:35:00Z,UPF-01,active_bearers,467083.0
2026-10-08T18:35:00Z,UPF-02,cpu_utilization,21.37
2026-10-08T18:35:00Z,UPF-02,memory_utilization,35.31
2026-10-08T18:35:00Z,UPF-02,bgp_session_state,1.0
2026-10-08T18:35:00Z,UPF-02,throughput_gbps,105.97
2026-10-08T18:35:00Z,UPF-02,packet_loss_pct,0.0275
2026-10-08T18:35:00Z,UPF-02,active_bearers,461584.0
2026-10-08T18:40:00Z,CMG-01,cpu_utilization,17.05
2026-10-08T18:40:00Z,CMG-01,memory_utilization,33.34
2026-10-08T18:40:00Z,CMG-01,bgp_session_state,1.0
2026-10-08T18:40:00Z,CMG-01,throughput_gbps,107.86
2026-10-08T18:40:00Z,CMG-01,packet_loss_pct,0.024
2026-10-08T18:40:00Z,CMG-01,active_bearers,514253.0
2026-10-08T18:40:00Z,CMG-02,cpu_utilization,30.86
2026-10-08T18:40:00Z,CMG-02,memory_utilization,34.2
2026-10-08T18:40:00Z,CMG-02,bgp_session_state,1.0
2026-10-08T18:40:00Z,CMG-02,throughput_gbps,112.73
2026-10-08T18:40:00Z,CMG-02,packet_loss_pct,0.0041
2026-10-08T18:40:00Z,CMG-02,active_bearers,468601.0
2026-10-08T18:40:00Z,CMG-03,cpu_utilization,17.54
2026-10-08T18:40:00Z,CMG-03,memory_utilization,49.15
2026-10-08T18:40:00Z,CMG-03,bgp_session_state,1.0
2026-10-08T18:40:00Z,CMG-03,throughput_gbps,111.25
2026-10-08T18:40:00Z,CMG-03,packet_loss_pct,0.0217
2026-10-08T18:40:00Z,CMG-03,active_bearers,534514.0
2026-10-08T18:40:00Z,UPF-01,cpu_utilization,26.52
2026-10-08T18:40:00Z,UPF-01,memory_utilization,34.82
2026-10-08T18:40:00Z,UPF-01,bgp_session_state,1.0
2026-10-08T18:40:00Z,UPF-01,throughput_gbps,86.61
2026-10-08T18:40:00Z,UPF-01,packet_loss_pct,0.0212
2026-10-08T18:40:00Z,UPF-01,active_bearers,473964.0
2026-10-08T18:40:00Z,UPF-02,cpu_utilization,24.29
2026-10-08T18:40:00Z,UPF-02,memory_utilization,40.97
2026-10-08T18:40:00Z,UPF-02,bgp_session_state,1.0
2026-10-08T18:40:00Z,UPF-02,throughput_gbps,80.97
2026-10-08T18:40:00Z,UPF-02,packet_loss_pct,0.0421
2026-10-08T18:40:00Z,UPF-02,active_bearers,478792.0
2026-10-08T18:45:00Z,CMG-01,cpu_utilization,33.15
2026-10-08T18:45:00Z,CMG-01,memory_utilization,32.71
2026-10-08T18:45:00Z,CMG-01,bgp_session_state,1.0
2026-10-08T18:45:00Z,CMG-01,throughput_gbps,108.53
2026-10-08T18:45:00Z,CMG-01,packet_loss_pct,0.0067
2026-10-08T18:45:00Z,CMG-01,active_bearers,466717.0
2026-10-08T18:45:00Z,CMG-02,cpu_utilization,15.07
2026-10-08T18:45:00Z,CMG-02,memory_utilization,44.25
2026-10-08T18:45:00Z,CMG-02,bgp_session_state,1.0
2026-10-08T18:45:00Z,CMG-02,throughput_gbps,98.69
2026-10-08T18:45:00Z,CMG-02,packet_loss_pct,0.0489
2026-10-08T18:45:00Z,CMG-02,active_bearers,535451.0
2026-10-08T18:45:00Z,CMG-03,cpu_utilization,18.41
2026-10-08T18:45:00Z,CMG-03,memory_utilization,33.67
2026-10-08T18:45:00Z,CMG-03,bgp_session_state,1.0
2026-10-08T18:45:00Z,CMG-03,throughput_gbps,97.32
2026-10-08T18:45:00Z,CMG-03,packet_loss_pct,0.0459
2026-10-08T18:45:00Z,CMG-03,active_bearers,534351.0
2026-10-08T18:45:00Z,UPF-01,cpu_utilization,30.66
2026-10-08T18:45:00Z,UPF-01,memory_utilization,45.11
2026-10-08T18:45:00Z,UPF-01,bgp_session_state,1.0
2026-10-08T18:45:00Z,UPF-01,throughput_gbps,97.21
2026-10-08T18:45:00Z,UPF-01,packet_loss_pct,0.0468
2026-10-08T18:45:00Z,UPF-01,active_bearers,461200.0
2026-10-08T18:45:00Z,UPF-02,cpu_utilization,26.67
2026-10-08T18:45:00Z,UPF-02,memory_utilization,35.26
2026-10-08T18:45:00Z,UPF-02,bgp_session_state,1.0
2026-10-08T18:45:00Z,UPF-02,throughput_gbps,85.87
2026-10-08T18:45:00Z,UPF-02,packet_loss_pct,0.0202
2026-10-08T18:45:00Z,UPF-02,active_bearers,522502.0
2026-10-08T18:50:00Z,CMG-01,cpu_utilization,26.11
2026-10-08T18:50:00Z,CMG-01,memory_utilization,36.69
2026-10-08T18:50:00Z,CMG-01,bgp_session_state,1.0
2026-10-08T18:50:00Z,CMG-01,throughput_gbps,115.88
2026-10-08T18:50:00Z,CMG-01,packet_loss_pct,0.0134
2026-10-08T18:50:00Z,CMG-01,active_bearers,543804.0
2026-10-08T18:50:00Z,CMG-02,cpu_utilization,27.16
2026-10-08T18:50:00Z,CMG-02,memory_utilization,35.03
2026-10-08T18:50:00Z,CMG-02,bgp_session_state,1.0
2026-10-08T18:50:00Z,CMG-02,throughput_gbps,96.53
2026-10-08T18:50:00Z,CMG-02,packet_loss_pct,0.0232
2026-10-08T18:50:00Z,CMG-02,active_bearers,472347.0
2026-10-08T18:50:00Z,CMG-03,cpu_utilization,20.62
2026-10-08T18:50:00Z,CMG-03,memory_utilization,41.39
2026-10-08T18:50:00Z,CMG-03,bgp_session_state,1.0
2026-10-08T18:50:00Z,CMG-03,throughput_gbps,87.7
2026-10-08T18:50:00Z,CMG-03,packet_loss_pct,0.0052
2026-10-08T18:50:00Z,CMG-03,active_bearers,529369.0
2026-10-08T18:50:00Z,UPF-01,cpu_utilization,23.44
2026-10-08T18:50:00Z,UPF-01,memory_utilization,32.57
2026-10-08T18:50:00Z,UPF-01,bgp_session_state,1.0
2026-10-08T18:50:00Z,UPF-01,throughput_gbps,111.24
2026-10-08T18:50:00Z,UPF-01,packet_loss_pct,0.0454
2026-10-08T18:50:00Z,UPF-01,active_bearers,488304.0
2026-10-08T18:50:00Z,UPF-02,cpu_utilization,24.23
2026-10-08T18:50:00Z,UPF-02,memory_utilization,36.08
2026-10-08T18:50:00Z,UPF-02,bgp_session_state,1.0
2026-10-08T18:50:00Z,UPF-02,throughput_gbps,111.84
2026-10-08T18:50:00Z,UPF-02,packet_loss_pct,0.0159
2026-10-08T18:50:00Z,UPF-02,active_bearers,533750.0
2026-10-08T18:55:00Z,CMG-01,cpu_utilization,29.67
2026-10-08T18:55:00Z,CMG-01,memory_utilization,42.51
2026-10-08T18:55:00Z,CMG-01,bgp_session_state,1.0
2026-10-08T18:55:00Z,CMG-01,throughput_gbps,104.61
2026-10-08T18:55:00Z,CMG-01,packet_loss_pct,0.0461
2026-10-08T18:55:00Z,CMG-01,active_bearers,468531.0
2026-10-08T18:55:00Z,CMG-02,cpu_utilization,20.31
2026-10-08T18:55:00Z,CMG-02,memory_utilization,43.38
2026-10-08T18:55:00Z,CMG-02,bgp_session_state,1.0
2026-10-08T18:55:00Z,CMG-02,throughput_gbps,80.45
2026-10-08T18:55:00Z,CMG-02,packet_loss_pct,0.033
2026-10-08T18:55:00Z,CMG-02,active_bearers,495701.0
2026-10-08T18:55:00Z,CMG-03,cpu_utilization,23.06
2026-10-08T18:55:00Z,CMG-03,memory_utilization,49.12
2026-10-08T18:55:00Z,CMG-03,bgp_session_state,1.0
2026-10-08T18:55:00Z,CMG-03,throughput_gbps,86.26
2026-10-08T18:55:00Z,CMG-03,packet_loss_pct,0.0369
2026-10-08T18:55:00Z,CMG-03,active_bearers,515772.0
2026-10-08T18:55:00Z,UPF-01,cpu_utilization,25.95
2026-10-08T18:55:00Z,UPF-01,memory_utilization,43.69
2026-10-08T18:55:00Z,UPF-01,bgp_session_state,1.0
2026-10-08T18:55:00Z,UPF-01,throughput_gbps,86.28
2026-10-08T18:55:00Z,UPF-01,packet_loss_pct,0.0348
2026-10-08T18:55:00Z,UPF-01,active_bearers,494058.0
2026-10-08T18:55:00Z,UPF-02,cpu_utilization,22.92
2026-10-08T18:55:00Z,UPF-02,memory_utilization,37.47
2026-10-08T18:55:00Z,UPF-02,bgp_session_state,1.0
2026-10-08T18:55:00Z,UPF-02,throughput_gbps,103.41
2026-10-08T18:55:00Z,UPF-02,packet_loss_pct,0.0108
2026-10-08T18:55:00Z,UPF-02,active_bearers,463501.0
2026-10-08T19:00:00Z,CMG-01,cpu_utilization,15.66
2026-10-08T19:00:00Z,CMG-01,memory_utilization,47.0
2026-10-08T19:00:00Z,CMG-01,bgp_session_state,1.0
2026-10-08T19:00:00Z,CMG-01,throughput_gbps,85.08
2026-10-08T19:00:00Z,CMG-01,packet_loss_pct,0.0233
2026-10-08T19:00:00Z,CMG-01,active_bearers,514848.0
2026-10-08T19:00:00Z,CMG-02,cpu_utilization,16.86
2026-10-08T19:00:00Z,CMG-02,memory_utilization,36.46
2026-10-08T19:00:00Z,CMG-02,bgp_session_state,1.0
2026-10-08T19:00:00Z,CMG-02,throughput_gbps,97.49
2026-10-08T19:00:00Z,CMG-02,packet_loss_pct,0.0413
2026-10-08T19:00:00Z,CMG-02,active_bearers,480224.0
2026-10-08T19:00:00Z,CMG-03,cpu_utilization,27.7
2026-10-08T19:00:00Z,CMG-03,memory_utilization,46.42
2026-10-08T19:00:00Z,CMG-03,bgp_session_state,1.0
2026-10-08T19:00:00Z,CMG-03,throughput_gbps,104.71
2026-10-08T19:00:00Z,CMG-03,packet_loss_pct,0.0385
2026-10-08T19:00:00Z,CMG-03,active_bearers,460807.0
2026-10-08T19:00:00Z,UPF-01,cpu_utilization,30.87
2026-10-08T19:00:00Z,UPF-01,memory_utilization,43.02
2026-10-08T19:00:00Z,UPF-01,bgp_session_state,1.0
2026-10-08T19:00:00Z,UPF-01,throughput_gbps,84.21
2026-10-08T19:00:00Z,UPF-01,packet_loss_pct,0.048
2026-10-08T19:00:00Z,UPF-01,active_bearers,483557.0
2026-10-08T19:00:00Z,UPF-02,cpu_utilization,16.6
2026-10-08T19:00:00Z,UPF-02,memory_utilization,46.56
2026-10-08T19:00:00Z,UPF-02,bgp_session_state,1.0
2026-10-08T19:00:00Z,UPF-02,throughput_gbps,95.7
2026-10-08T19:00:00Z,UPF-02,packet_loss_pct,0.0285
2026-10-08T19:00:00Z,UPF-02,active_bearers,499757.0
2026-10-08T19:05:00Z,CMG-01,cpu_utilization,33.1
2026-10-08T19:05:00Z,CMG-01,memory_utilization,48.88
2026-10-08T19:05:00Z,CMG-01,bgp_session_state,1.0
2026-10-08T19:05:00Z,CMG-01,throughput_gbps,103.26
2026-10-08T19:05:00Z,CMG-01,packet_loss_pct,0.0053
2026-10-08T19:05:00Z,CMG-01,active_bearers,517809.0
2026-10-08T19:05:00Z,CMG-02,cpu_utilization,15.45
2026-10-08T19:05:00Z,CMG-02,memory_utilization,33.78
2026-10-08T19:05:00Z,CMG-02,bgp_session_state,1.0
2026-10-08T19:05:00Z,CMG-02,throughput_gbps,92.76
2026-10-08T19:05:00Z,CMG-02,packet_loss_pct,0.0299
2026-10-08T19:05:00Z,CMG-02,active_bearers,452926.0
2026-10-08T19:05:00Z,CMG-03,cpu_utilization,30.97
2026-10-08T19:05:00Z,CMG-03,memory_utilization,42.63
2026-10-08T19:05:00Z,CMG-03,bgp_session_state,1.0
2026-10-08T19:05:00Z,CMG-03,throughput_gbps,91.41
2026-10-08T19:05:00Z,CMG-03,packet_loss_pct,0.0002
2026-10-08T19:05:00Z,CMG-03,active_bearers,454594.0
2026-10-08T19:05:00Z,UPF-01,cpu_utilization,25.76
2026-10-08T19:05:00Z,UPF-01,memory_utilization,46.4
2026-10-08T19:05:00Z,UPF-01,bgp_session_state,1.0
2026-10-08T19:05:00Z,UPF-01,throughput_gbps,102.95
2026-10-08T19:05:00Z,UPF-01,packet_loss_pct,0.0036
2026-10-08T19:05:00Z,UPF-01,active_bearers,484573.0
2026-10-08T19:05:00Z,UPF-02,cpu_utilization,33.51
2026-10-08T19:05:00Z,UPF-02,memory_utilization,33.56
2026-10-08T19:05:00Z,UPF-02,bgp_session_state,1.0
2026-10-08T19:05:00Z,UPF-02,throughput_gbps,110.73
2026-10-08T19:05:00Z,UPF-02,packet_loss_pct,0.0053
2026-10-08T19:05:00Z,UPF-02,active_bearers,454529.0
2026-10-08T19:10:00Z,CMG-01,cpu_utilization,25.98
2026-10-08T19:10:00Z,CMG-01,memory_utilization,30.43
2026-10-08T19:10:00Z,CMG-01,bgp_session_state,1.0
2026-10-08T19:10:00Z,CMG-01,throughput_gbps,88.32
2026-10-08T19:10:00Z,CMG-01,packet_loss_pct,0.0168
2026-10-08T19:10:00Z,CMG-01,active_bearers,543214.0
2026-10-08T19:10:00Z,CMG-02,cpu_utilization,21.83
2026-10-08T19:10:00Z,CMG-02,memory_utilization,43.87
2026-10-08T19:10:00Z,CMG-02,bgp_session_state,1.0
2026-10-08T19:10:00Z,CMG-02,throughput_gbps,104.25
2026-10-08T19:10:00Z,CMG-02,packet_loss_pct,0.0077
2026-10-08T19:10:00Z,CMG-02,active_bearers,463188.0
2026-10-08T19:10:00Z,CMG-03,cpu_utilization,27.53
2026-10-08T19:10:00Z,CMG-03,memory_utilization,47.67
2026-10-08T19:10:00Z,CMG-03,bgp_session_state,1.0
2026-10-08T19:10:00Z,CMG-03,throughput_gbps,82.68
2026-10-08T19:10:00Z,CMG-03,packet_loss_pct,0.0477
2026-10-08T19:10:00Z,CMG-03,active_bearers,514198.0
2026-10-08T19:10:00Z,UPF-01,cpu_utilization,27.06
2026-10-08T19:10:00Z,UPF-01,memory_utilization,31.94
2026-10-08T19:10:00Z,UPF-01,bgp_session_state,1.0
2026-10-08T19:10:00Z,UPF-01,throughput_gbps,99.81
2026-10-08T19:10:00Z,UPF-01,packet_loss_pct,0.0224
2026-10-08T19:10:00Z,UPF-01,active_bearers,487527.0
2026-10-08T19:10:00Z,UPF-02,cpu_utilization,19.35
2026-10-08T19:10:00Z,UPF-02,memory_utilization,30.15
2026-10-08T19:10:00Z,UPF-02,bgp_session_state,1.0
2026-10-08T19:10:00Z,UPF-02,throughput_gbps,90.82
2026-10-08T19:10:00Z,UPF-02,packet_loss_pct,0.0164
2026-10-08T19:10:00Z,UPF-02,active_bearers,481784.0
2026-10-08T19:15:00Z,CMG-01,cpu_utilization,16.76
2026-10-08T19:15:00Z,CMG-01,memory_utilization,48.31
2026-10-08T19:15:00Z,CMG-01,bgp_session_state,1.0
2026-10-08T19:15:00Z,CMG-01,throughput_gbps,84.53
2026-10-08T19:15:00Z,CMG-01,packet_loss_pct,0.0263
2026-10-08T19:15:00Z,CMG-01,active_bearers,474450.0
2026-10-08T19:15:00Z,CMG-02,cpu_utilization,24.16
2026-10-08T19:15:00Z,CMG-02,memory_utilization,40.52
2026-10-08T19:15:00Z,CMG-02,bgp_session_state,1.0
2026-10-08T19:15:00Z,CMG-02,throughput_gbps,82.35
2026-10-08T19:15:00Z,CMG-02,packet_loss_pct,0.0282
2026-10-08T19:15:00Z,CMG-02,active_bearers,492123.0
2026-10-08T19:15:00Z,CMG-03,cpu_utilization,23.56
2026-10-08T19:15:00Z,CMG-03,memory_utilization,33.32
2026-10-08T19:15:00Z,CMG-03,bgp_session_state,1.0
2026-10-08T19:15:00Z,CMG-03,throughput_gbps,83.47
2026-10-08T19:15:00Z,CMG-03,packet_loss_pct,0.0086
2026-10-08T19:15:00Z,CMG-03,active_bearers,536602.0
2026-10-08T19:15:00Z,UPF-01,cpu_utilization,22.43
2026-10-08T19:15:00Z,UPF-01,memory_utilization,40.41
2026-10-08T19:15:00Z,UPF-01,bgp_session_state,1.0
2026-10-08T19:15:00Z,UPF-01,throughput_gbps,104.67
2026-10-08T19:15:00Z,UPF-01,packet_loss_pct,0.0403
2026-10-08T19:15:00Z,UPF-01,active_bearers,478646.0
2026-10-08T19:15:00Z,UPF-02,cpu_utilization,24.08
2026-10-08T19:15:00Z,UPF-02,memory_utilization,31.23
2026-10-08T19:15:00Z,UPF-02,bgp_session_state,1.0
2026-10-08T19:15:00Z,UPF-02,throughput_gbps,98.54
2026-10-08T19:15:00Z,UPF-02,packet_loss_pct,0.0243
2026-10-08T19:15:00Z,UPF-02,active_bearers,483507.0
2026-10-08T19:20:00Z,CMG-01,cpu_utilization,24.45
2026-10-08T19:20:00Z,CMG-01,memory_utilization,43.99
2026-10-08T19:20:00Z,CMG-01,bgp_session_state,1.0
2026-10-08T19:20:00Z,CMG-01,throughput_gbps,88.02
2026-10-08T19:20:00Z,CMG-01,packet_loss_pct,0.0295
2026-10-08T19:20:00Z,CMG-01,active_bearers,525370.0
2026-10-08T19:20:00Z,CMG-02,cpu_utilization,22.46
2026-10-08T19:20:00Z,CMG-02,memory_utilization,35.76
2026-10-08T19:20:00Z,CMG-02,bgp_session_state,1.0
2026-10-08T19:20:00Z,CMG-02,throughput_gbps,114.55
2026-10-08T19:20:00Z,CMG-02,packet_loss_pct,0.0343
2026-10-08T19:20:00Z,CMG-02,active_bearers,540198.0
2026-10-08T19:20:00Z,CMG-03,cpu_utilization,19.75
2026-10-08T19:20:00Z,CMG-03,memory_utilization,31.32
2026-10-08T19:20:00Z,CMG-03,bgp_session_state,1.0
2026-10-08T19:20:00Z,CMG-03,throughput_gbps,117.03
2026-10-08T19:20:00Z,CMG-03,packet_loss_pct,0.037
2026-10-08T19:20:00Z,CMG-03,active_bearers,505876.0
2026-10-08T19:20:00Z,UPF-01,cpu_utilization,15.67
2026-10-08T19:20:00Z,UPF-01,memory_utilization,30.48
2026-10-08T19:20:00Z,UPF-01,bgp_session_state,1.0
2026-10-08T19:20:00Z,UPF-01,throughput_gbps,97.82
2026-10-08T19:20:00Z,UPF-01,packet_loss_pct,0.0366
2026-10-08T19:20:00Z,UPF-01,active_bearers,503533.0
2026-10-08T19:20:00Z,UPF-02,cpu_utilization,25.05
2026-10-08T19:20:00Z,UPF-02,memory_utilization,47.25
2026-10-08T19:20:00Z,UPF-02,bgp_session_state,1.0
2026-10-08T19:20:00Z,UPF-02,throughput_gbps,90.92
2026-10-08T19:20:00Z,UPF-02,packet_loss_pct,0.0128
2026-10-08T19:20:00Z,UPF-02,active_bearers,498737.0
2026-10-08T19:25:00Z,CMG-01,cpu_utilization,28.94
2026-10-08T19:25:00Z,CMG-01,memory_utilization,49.79
2026-10-08T19:25:00Z,CMG-01,bgp_session_state,1.0
2026-10-08T19:25:00Z,CMG-01,throughput_gbps,92.97
2026-10-08T19:25:00Z,CMG-01,packet_loss_pct,0.0162
2026-10-08T19:25:00Z,CMG-01,active_bearers,463396.0
2026-10-08T19:25:00Z,CMG-02,cpu_utilization,26.01
2026-10-08T19:25:00Z,CMG-02,memory_utilization,34.27
2026-10-08T19:25:00Z,CMG-02,bgp_session_state,1.0
2026-10-08T19:25:00Z,CMG-02,throughput_gbps,95.75
2026-10-08T19:25:00Z,CMG-02,packet_loss_pct,0.0374
2026-10-08T19:25:00Z,CMG-02,active_bearers,469939.0
2026-10-08T19:25:00Z,CMG-03,cpu_utilization,16.09
2026-10-08T19:25:00Z,CMG-03,memory_utilization,31.8
2026-10-08T19:25:00Z,CMG-03,bgp_session_state,1.0
2026-10-08T19:25:00Z,CMG-03,throughput_gbps,80.42
2026-10-08T19:25:00Z,CMG-03,packet_loss_pct,0.0114
2026-10-08T19:25:00Z,CMG-03,active_bearers,521956.0
2026-10-08T19:25:00Z,UPF-01,cpu_utilization,25.66
2026-10-08T19:25:00Z,UPF-01,memory_utilization,48.0
2026-10-08T19:25:00Z,UPF-01,bgp_session_state,1.0
2026-10-08T19:25:00Z,UPF-01,throughput_gbps,114.33
2026-10-08T19:25:00Z,UPF-01,packet_loss_pct,0.0263
2026-10-08T19:25:00Z,UPF-01,active_bearers,529376.0
2026-10-08T19:25:00Z,UPF-02,cpu_utilization,25.24
2026-10-08T19:25:00Z,UPF-02,memory_utilization,45.35
2026-10-08T19:25:00Z,UPF-02,bgp_session_state,1.0
2026-10-08T19:25:00Z,UPF-02,throughput_gbps,97.69
2026-10-08T19:25:00Z,UPF-02,packet_loss_pct,0.0189
2026-10-08T19:25:00Z,UPF-02,active_bearers,519412.0
2026-10-08T19:30:00Z,CMG-01,cpu_utilization,18.89
2026-10-08T19:30:00Z,CMG-01,memory_utilization,37.56
2026-10-08T19:30:00Z,CMG-01,bgp_session_state,1.0
2026-10-08T19:30:00Z,CMG-01,throughput_gbps,90.28
2026-10-08T19:30:00Z,CMG-01,packet_loss_pct,0.0123
2026-10-08T19:30:00Z,CMG-01,active_bearers,505461.0
2026-10-08T19:30:00Z,CMG-02,cpu_utilization,18.25
2026-10-08T19:30:00Z,CMG-02,memory_utilization,40.01
2026-10-08T19:30:00Z,CMG-02,bgp_session_state,1.0
2026-10-08T19:30:00Z,CMG-02,throughput_gbps,92.75
2026-10-08T19:30:00Z,CMG-02,packet_loss_pct,0.0335
2026-10-08T19:30:00Z,CMG-02,active_bearers,460427.0
2026-10-08T19:30:00Z,CMG-03,cpu_utilization,20.55
2026-10-08T19:30:00Z,CMG-03,memory_utilization,46.9
2026-10-08T19:30:00Z,CMG-03,bgp_session_state,1.0
2026-10-08T19:30:00Z,CMG-03,throughput_gbps,107.54
2026-10-08T19:30:00Z,CMG-03,packet_loss_pct,0.0493
2026-10-08T19:30:00Z,CMG-03,active_bearers,460787.0
2026-10-08T19:30:00Z,UPF-01,cpu_utilization,20.35
2026-10-08T19:30:00Z,UPF-01,memory_utilization,34.58
2026-10-08T19:30:00Z,UPF-01,bgp_session_state,1.0
2026-10-08T19:30:00Z,UPF-01,throughput_gbps,117.42
2026-10-08T19:30:00Z,UPF-01,packet_loss_pct,0.0051
2026-10-08T19:30:00Z,UPF-01,active_bearers,539181.0
2026-10-08T19:30:00Z,UPF-02,cpu_utilization,31.76
2026-10-08T19:30:00Z,UPF-02,memory_utilization,46.5
2026-10-08T19:30:00Z,UPF-02,bgp_session_state,1.0
2026-10-08T19:30:00Z,UPF-02,throughput_gbps,80.04
2026-10-08T19:30:00Z,UPF-02,packet_loss_pct,0.0077
2026-10-08T19:30:00Z,UPF-02,active_bearers,466178.0
2026-10-08T19:35:00Z,CMG-01,cpu_utilization,32.91
2026-10-08T19:35:00Z,CMG-01,memory_utilization,30.34
2026-10-08T19:35:00Z,CMG-01,bgp_session_state,1.0
2026-10-08T19:35:00Z,CMG-01,throughput_gbps,111.57
2026-10-08T19:35:00Z,CMG-01,packet_loss_pct,0.0201
2026-10-08T19:35:00Z,CMG-01,active_bearers,538150.0
2026-10-08T19:35:00Z,CMG-02,cpu_utilization,23.95
2026-10-08T19:35:00Z,CMG-02,memory_utilization,39.7
2026-10-08T19:35:00Z,CMG-02,bgp_session_state,1.0
2026-10-08T19:35:00Z,CMG-02,throughput_gbps,94.5
2026-10-08T19:35:00Z,CMG-02,packet_loss_pct,0.0406
2026-10-08T19:35:00Z,CMG-02,active_bearers,463144.0
2026-10-08T19:35:00Z,CMG-03,cpu_utilization,24.97
2026-10-08T19:35:00Z,CMG-03,memory_utilization,37.76
2026-10-08T19:35:00Z,CMG-03,bgp_session_state,1.0
2026-10-08T19:35:00Z,CMG-03,throughput_gbps,101.48
2026-10-08T19:35:00Z,CMG-03,packet_loss_pct,0.0198
2026-10-08T19:35:00Z,CMG-03,active_bearers,531714.0
2026-10-08T19:35:00Z,UPF-01,cpu_utilization,15.75
2026-10-08T19:35:00Z,UPF-01,memory_utilization,42.02
2026-10-08T19:35:00Z,UPF-01,bgp_session_state,1.0
2026-10-08T19:35:00Z,UPF-01,throughput_gbps,87.42
2026-10-08T19:35:00Z,UPF-01,packet_loss_pct,0.0213
2026-10-08T19:35:00Z,UPF-01,active_bearers,453251.0
2026-10-08T19:35:00Z,UPF-02,cpu_utilization,20.63
2026-10-08T19:35:00Z,UPF-02,memory_utilization,48.14
2026-10-08T19:35:00Z,UPF-02,bgp_session_state,1.0
2026-10-08T19:35:00Z,UPF-02,throughput_gbps,118.17
2026-10-08T19:35:00Z,UPF-02,packet_loss_pct,0.0024
2026-10-08T19:35:00Z,UPF-02,active_bearers,454724.0
2026-10-08T19:40:00Z,CMG-01,cpu_utilization,30.7
2026-10-08T19:40:00Z,CMG-01,memory_utilization,36.23
2026-10-08T19:40:00Z,CMG-01,bgp_session_state,1.0
2026-10-08T19:40:00Z,CMG-01,throughput_gbps,103.76
2026-10-08T19:40:00Z,CMG-01,packet_loss_pct,0.0352
2026-10-08T19:40:00Z,CMG-01,active_bearers,493260.0
2026-10-08T19:40:00Z,CMG-02,cpu_utilization,23.5
2026-10-08T19:40:00Z,CMG-02,memory_utilization,37.41
2026-10-08T19:40:00Z,CMG-02,bgp_session_state,1.0
2026-10-08T19:40:00Z,CMG-02,throughput_gbps,101.31
2026-10-08T19:40:00Z,CMG-02,packet_loss_pct,0.0249
2026-10-08T19:40:00Z,CMG-02,active_bearers,477111.0
2026-10-08T19:40:00Z,CMG-03,cpu_utilization,25.99
2026-10-08T19:40:00Z,CMG-03,memory_utilization,39.25
2026-10-08T19:40:00Z,CMG-03,bgp_session_state,1.0
2026-10-08T19:40:00Z,CMG-03,throughput_gbps,115.58
2026-10-08T19:40:00Z,CMG-03,packet_loss_pct,0.0121
2026-10-08T19:40:00Z,CMG-03,active_bearers,465194.0
2026-10-08T19:40:00Z,UPF-01,cpu_utilization,24.93
2026-10-08T19:40:00Z,UPF-01,memory_utilization,44.48
2026-10-08T19:40:00Z,UPF-01,bgp_session_state,1.0
2026-10-08T19:40:00Z,UPF-01,throughput_gbps,114.11
2026-10-08T19:40:00Z,UPF-01,packet_loss_pct,0.0202
2026-10-08T19:40:00Z,UPF-01,active_bearers,482232.0
2026-10-08T19:40:00Z,UPF-02,cpu_utilization,19.13
2026-10-08T19:40:00Z,UPF-02,memory_utilization,49.96
2026-10-08T19:40:00Z,UPF-02,bgp_session_state,1.0
2026-10-08T19:40:00Z,UPF-02,throughput_gbps,87.13
2026-10-08T19:40:00Z,UPF-02,packet_loss_pct,0.0109
2026-10-08T19:40:00Z,UPF-02,active_bearers,492150.0
2026-10-08T19:45:00Z,CMG-01,cpu_utilization,34.87
2026-10-08T19:45:00Z,CMG-01,memory_utilization,46.41
2026-10-08T19:45:00Z,CMG-01,bgp_session_state,1.0
2026-10-08T19:45:00Z,CMG-01,throughput_gbps,119.41
2026-10-08T19:45:00Z,CMG-01,packet_loss_pct,0.0298
2026-10-08T19:45:00Z,CMG-01,active_bearers,455739.0
2026-10-08T19:45:00Z,CMG-02,cpu_utilization,33.24
2026-10-08T19:45:00Z,CMG-02,memory_utilization,32.53
2026-10-08T19:45:00Z,CMG-02,bgp_session_state,1.0
2026-10-08T19:45:00Z,CMG-02,throughput_gbps,99.25
2026-10-08T19:45:00Z,CMG-02,packet_loss_pct,0.0439
2026-10-08T19:45:00Z,CMG-02,active_bearers,491845.0
2026-10-08T19:45:00Z,CMG-03,cpu_utilization,33.83
2026-10-08T19:45:00Z,CMG-03,memory_utilization,43.28
2026-10-08T19:45:00Z,CMG-03,bgp_session_state,1.0
2026-10-08T19:45:00Z,CMG-03,throughput_gbps,113.35
2026-10-08T19:45:00Z,CMG-03,packet_loss_pct,0.0092
2026-10-08T19:45:00Z,CMG-03,active_bearers,529844.0
2026-10-08T19:45:00Z,UPF-01,cpu_utilization,16.9
2026-10-08T19:45:00Z,UPF-01,memory_utilization,40.61
2026-10-08T19:45:00Z,UPF-01,bgp_session_state,1.0
2026-10-08T19:45:00Z,UPF-01,throughput_gbps,107.64
2026-10-08T19:45:00Z,UPF-01,packet_loss_pct,0.0066
2026-10-08T19:45:00Z,UPF-01,active_bearers,533357.0
2026-10-08T19:45:00Z,UPF-02,cpu_utilization,21.92
2026-10-08T19:45:00Z,UPF-02,memory_utilization,42.56
2026-10-08T19:45:00Z,UPF-02,bgp_session_state,1.0
2026-10-08T19:45:00Z,UPF-02,throughput_gbps,108.88
2026-10-08T19:45:00Z,UPF-02,packet_loss_pct,0.0463
2026-10-08T19:45:00Z,UPF-02,active_bearers,485036.0
2026-10-08T19:50:00Z,CMG-01,cpu_utilization,18.08
2026-10-08T19:50:00Z,CMG-01,memory_utilization,33.83
2026-10-08T19:50:00Z,CMG-01,bgp_session_state,1.0
2026-10-08T19:50:00Z,CMG-01,throughput_gbps,95.28
2026-10-08T19:50:00Z,CMG-01,packet_loss_pct,0.0393
2026-10-08T19:50:00Z,CMG-01,active_bearers,491139.0
2026-10-08T19:50:00Z,CMG-02,cpu_utilization,25.2
2026-10-08T19:50:00Z,CMG-02,memory_utilization,34.02
2026-10-08T19:50:00Z,CMG-02,bgp_session_state,1.0
2026-10-08T19:50:00Z,CMG-02,throughput_gbps,81.07
2026-10-08T19:50:00Z,CMG-02,packet_loss_pct,0.0423
2026-10-08T19:50:00Z,CMG-02,active_bearers,527705.0
2026-10-08T19:50:00Z,CMG-03,cpu_utilization,15.91
2026-10-08T19:50:00Z,CMG-03,memory_utilization,32.21
2026-10-08T19:50:00Z,CMG-03,bgp_session_state,1.0
2026-10-08T19:50:00Z,CMG-03,throughput_gbps,115.38
2026-10-08T19:50:00Z,CMG-03,packet_loss_pct,0.0433
2026-10-08T19:50:00Z,CMG-03,active_bearers,518996.0
2026-10-08T19:50:00Z,UPF-01,cpu_utilization,31.4
2026-10-08T19:50:00Z,UPF-01,memory_utilization,35.16
2026-10-08T19:50:00Z,UPF-01,bgp_session_state,1.0
2026-10-08T19:50:00Z,UPF-01,throughput_gbps,92.14
2026-10-08T19:50:00Z,UPF-01,packet_loss_pct,0.0143
2026-10-08T19:50:00Z,UPF-01,active_bearers,484107.0
2026-10-08T19:50:00Z,UPF-02,cpu_utilization,31.82
2026-10-08T19:50:00Z,UPF-02,memory_utilization,31.08
2026-10-08T19:50:00Z,UPF-02,bgp_session_state,1.0
2026-10-08T19:50:00Z,UPF-02,throughput_gbps,85.52
2026-10-08T19:50:00Z,UPF-02,packet_loss_pct,0.0087
2026-10-08T19:50:00Z,UPF-02,active_bearers,467190.0
2026-10-08T19:55:00Z,CMG-01,cpu_utilization,15.52
2026-10-08T19:55:00Z,CMG-01,memory_utilization,41.01
2026-10-08T19:55:00Z,CMG-01,bgp_session_state,1.0
2026-10-08T19:55:00Z,CMG-01,throughput_gbps,108.83
2026-10-08T19:55:00Z,CMG-01,packet_loss_pct,0.0343
2026-10-08T19:55:00Z,CMG-01,active_bearers,489555.0
2026-10-08T19:55:00Z,CMG-02,cpu_utilization,21.86
2026-10-08T19:55:00Z,CMG-02,memory_utilization,41.52
2026-10-08T19:55:00Z,CMG-02,bgp_session_state,1.0
2026-10-08T19:55:00Z,CMG-02,throughput_gbps,89.74
2026-10-08T19:55:00Z,CMG-02,packet_loss_pct,0.0347
2026-10-08T19:55:00Z,CMG-02,active_bearers,489508.0
2026-10-08T19:55:00Z,CMG-03,cpu_utilization,33.39
2026-10-08T19:55:00Z,CMG-03,memory_utilization,31.34
2026-10-08T19:55:00Z,CMG-03,bgp_session_state,1.0
2026-10-08T19:55:00Z,CMG-03,throughput_gbps,115.01
2026-10-08T19:55:00Z,CMG-03,packet_loss_pct,0.0241
2026-10-08T19:55:00Z,CMG-03,active_bearers,536542.0
2026-10-08T19:55:00Z,UPF-01,cpu_utilization,17.45
2026-10-08T19:55:00Z,UPF-01,memory_utilization,47.13
2026-10-08T19:55:00Z,UPF-01,bgp_session_state,1.0
2026-10-08T19:55:00Z,UPF-01,throughput_gbps,95.96
2026-10-08T19:55:00Z,UPF-01,packet_loss_pct,0.0402
2026-10-08T19:55:00Z,UPF-01,active_bearers,537577.0
2026-10-08T19:55:00Z,UPF-02,cpu_utilization,18.38
2026-10-08T19:55:00Z,UPF-02,memory_utilization,48.98
2026-10-08T19:55:00Z,UPF-02,bgp_session_state,1.0
2026-10-08T19:55:00Z,UPF-02,throughput_gbps,111.41
2026-10-08T19:55:00Z,UPF-02,packet_loss_pct,0.0184
2026-10-08T19:55:00Z,UPF-02,active_bearers,512232.0
2026-10-08T20:00:00Z,CMG-01,cpu_utilization,21.45
2026-10-08T20:00:00Z,CMG-01,memory_utilization,33.8
2026-10-08T20:00:00Z,CMG-01,bgp_session_state,1.0
2026-10-08T20:00:00Z,CMG-01,throughput_gbps,115.51
2026-10-08T20:00:00Z,CMG-01,packet_loss_pct,0.0142
2026-10-08T20:00:00Z,CMG-01,active_bearers,527685.0
2026-10-08T20:00:00Z,CMG-02,cpu_utilization,17.21
2026-10-08T20:00:00Z,CMG-02,memory_utilization,38.99
2026-10-08T20:00:00Z,CMG-02,bgp_session_state,1.0
2026-10-08T20:00:00Z,CMG-02,throughput_gbps,113.18
2026-10-08T20:00:00Z,CMG-02,packet_loss_pct,0.0456
2026-10-08T20:00:00Z,CMG-02,active_bearers,548785.0
2026-10-08T20:00:00Z,CMG-03,cpu_utilization,23.57
2026-10-08T20:00:00Z,CMG-03,memory_utilization,34.03
2026-10-08T20:00:00Z,CMG-03,bgp_session_state,1.0
2026-10-08T20:00:00Z,CMG-03,throughput_gbps,80.89
2026-10-08T20:00:00Z,CMG-03,packet_loss_pct,0.021
2026-10-08T20:00:00Z,CMG-03,active_bearers,469825.0
2026-10-08T20:00:00Z,UPF-01,cpu_utilization,19.37
2026-10-08T20:00:00Z,UPF-01,memory_utilization,44.31
2026-10-08T20:00:00Z,UPF-01,bgp_session_state,1.0
2026-10-08T20:00:00Z,UPF-01,throughput_gbps,84.62
2026-10-08T20:00:00Z,UPF-01,packet_loss_pct,0.0063
2026-10-08T20:00:00Z,UPF-01,active_bearers,476396.0
2026-10-08T20:00:00Z,UPF-02,cpu_utilization,34.33
2026-10-08T20:00:00Z,UPF-02,memory_utilization,46.29
2026-10-08T20:00:00Z,UPF-02,bgp_session_state,1.0
2026-10-08T20:00:00Z,UPF-02,throughput_gbps,89.56
2026-10-08T20:00:00Z,UPF-02,packet_loss_pct,0.0198
2026-10-08T20:00:00Z,UPF-02,active_bearers,478132.0
2026-10-08T20:05:00Z,CMG-01,cpu_utilization,25.26
2026-10-08T20:05:00Z,CMG-01,memory_utilization,45.08
2026-10-08T20:05:00Z,CMG-01,bgp_session_state,1.0
2026-10-08T20:05:00Z,CMG-01,throughput_gbps,88.45
2026-10-08T20:05:00Z,CMG-01,packet_loss_pct,0.0261
2026-10-08T20:05:00Z,CMG-01,active_bearers,538988.0
2026-10-08T20:05:00Z,CMG-02,cpu_utilization,23.22
2026-10-08T20:05:00Z,CMG-02,memory_utilization,42.28
2026-10-08T20:05:00Z,CMG-02,bgp_session_state,1.0
2026-10-08T20:05:00Z,CMG-02,throughput_gbps,110.85
2026-10-08T20:05:00Z,CMG-02,packet_loss_pct,0.0074
2026-10-08T20:05:00Z,CMG-02,active_bearers,536534.0
2026-10-08T20:05:00Z,CMG-03,cpu_utilization,29.93
2026-10-08T20:05:00Z,CMG-03,memory_utilization,40.32
2026-10-08T20:05:00Z,CMG-03,bgp_session_state,1.0
2026-10-08T20:05:00Z,CMG-03,throughput_gbps,94.88
2026-10-08T20:05:00Z,CMG-03,packet_loss_pct,0.0035
2026-10-08T20:05:00Z,CMG-03,active_bearers,500273.0
2026-10-08T20:05:00Z,UPF-01,cpu_utilization,32.68
2026-10-08T20:05:00Z,UPF-01,memory_utilization,42.73
2026-10-08T20:05:00Z,UPF-01,bgp_session_state,1.0
2026-10-08T20:05:00Z,UPF-01,throughput_gbps,86.39
2026-10-08T20:05:00Z,UPF-01,packet_loss_pct,0.0026
2026-10-08T20:05:00Z,UPF-01,active_bearers,511634.0
2026-10-08T20:05:00Z,UPF-02,cpu_utilization,19.76
2026-10-08T20:05:00Z,UPF-02,memory_utilization,46.17
2026-10-08T20:05:00Z,UPF-02,bgp_session_state,1.0
2026-10-08T20:05:00Z,UPF-02,throughput_gbps,109.05
2026-10-08T20:05:00Z,UPF-02,packet_loss_pct,0.024
2026-10-08T20:05:00Z,UPF-02,active_bearers,499884.0
2026-10-08T20:10:00Z,CMG-01,cpu_utilization,29.66
2026-10-08T20:10:00Z,CMG-01,memory_utilization,47.05
2026-10-08T20:10:00Z,CMG-01,bgp_session_state,1.0
2026-10-08T20:10:00Z,CMG-01,throughput_gbps,104.77
2026-10-08T20:10:00Z,CMG-01,packet_loss_pct,0.0238
2026-10-08T20:10:00Z,CMG-01,active_bearers,477978.0
2026-10-08T20:10:00Z,CMG-02,cpu_utilization,34.43
2026-10-08T20:10:00Z,CMG-02,memory_utilization,48.47
2026-10-08T20:10:00Z,CMG-02,bgp_session_state,1.0
2026-10-08T20:10:00Z,CMG-02,throughput_gbps,118.57
2026-10-08T20:10:00Z,CMG-02,packet_loss_pct,0.0094
2026-10-08T20:10:00Z,CMG-02,active_bearers,516362.0
2026-10-08T20:10:00Z,CMG-03,cpu_utilization,29.29
2026-10-08T20:10:00Z,CMG-03,memory_utilization,47.15
2026-10-08T20:10:00Z,CMG-03,bgp_session_state,1.0
2026-10-08T20:10:00Z,CMG-03,throughput_gbps,118.6
2026-10-08T20:10:00Z,CMG-03,packet_loss_pct,0.0092
2026-10-08T20:10:00Z,CMG-03,active_bearers,522981.0
2026-10-08T20:10:00Z,UPF-01,cpu_utilization,34.59
2026-10-08T20:10:00Z,UPF-01,memory_utilization,35.44
2026-10-08T20:10:00Z,UPF-01,bgp_session_state,1.0
2026-10-08T20:10:00Z,UPF-01,throughput_gbps,91.06
2026-10-08T20:10:00Z,UPF-01,packet_loss_pct,0.0356
2026-10-08T20:10:00Z,UPF-01,active_bearers,489596.0
2026-10-08T20:10:00Z,UPF-02,cpu_utilization,23.28
2026-10-08T20:10:00Z,UPF-02,memory_utilization,34.48
2026-10-08T20:10:00Z,UPF-02,bgp_session_state,1.0
2026-10-08T20:10:00Z,UPF-02,throughput_gbps,101.43
2026-10-08T20:10:00Z,UPF-02,packet_loss_pct,0.0017
2026-10-08T20:10:00Z,UPF-02,active_bearers,538840.0
2026-10-08T20:15:00Z,CMG-01,cpu_utilization,29.48
2026-10-08T20:15:00Z,CMG-01,memory_utilization,49.53
2026-10-08T20:15:00Z,CMG-01,bgp_session_state,1.0
2026-10-08T20:15:00Z,CMG-01,throughput_gbps,100.19
2026-10-08T20:15:00Z,CMG-01,packet_loss_pct,0.0486
2026-10-08T20:15:00Z,CMG-01,active_bearers,454652.0
2026-10-08T20:15:00Z,CMG-02,cpu_utilization,22.63
2026-10-08T20:15:00Z,CMG-02,memory_utilization,36.4
2026-10-08T20:15:00Z,CMG-02,bgp_session_state,1.0
2026-10-08T20:15:00Z,CMG-02,throughput_gbps,83.62
2026-10-08T20:15:00Z,CMG-02,packet_loss_pct,0.0404
2026-10-08T20:15:00Z,CMG-02,active_bearers,530119.0
2026-10-08T20:15:00Z,CMG-03,cpu_utilization,29.59
2026-10-08T20:15:00Z,CMG-03,memory_utilization,42.74
2026-10-08T20:15:00Z,CMG-03,bgp_session_state,1.0
2026-10-08T20:15:00Z,CMG-03,throughput_gbps,109.42
2026-10-08T20:15:00Z,CMG-03,packet_loss_pct,0.0425
2026-10-08T20:15:00Z,CMG-03,active_bearers,489051.0
2026-10-08T20:15:00Z,UPF-01,cpu_utilization,18.58
2026-10-08T20:15:00Z,UPF-01,memory_utilization,47.96
2026-10-08T20:15:00Z,UPF-01,bgp_session_state,1.0
2026-10-08T20:15:00Z,UPF-01,throughput_gbps,85.92
2026-10-08T20:15:00Z,UPF-01,packet_loss_pct,0.0027
2026-10-08T20:15:00Z,UPF-01,active_bearers,540367.0
2026-10-08T20:15:00Z,UPF-02,cpu_utilization,34.84
2026-10-08T20:15:00Z,UPF-02,memory_utilization,30.28
2026-10-08T20:15:00Z,UPF-02,bgp_session_state,1.0
2026-10-08T20:15:00Z,UPF-02,throughput_gbps,118.38
2026-10-08T20:15:00Z,UPF-02,packet_loss_pct,0.0434
2026-10-08T20:15:00Z,UPF-02,active_bearers,549738.0
2026-10-08T20:20:00Z,CMG-01,cpu_utilization,29.93
2026-10-08T20:20:00Z,CMG-01,memory_utilization,33.26
2026-10-08T20:20:00Z,CMG-01,bgp_session_state,1.0
2026-10-08T20:20:00Z,CMG-01,throughput_gbps,103.33
2026-10-08T20:20:00Z,CMG-01,packet_loss_pct,0.002
2026-10-08T20:20:00Z,CMG-01,active_bearers,476158.0
2026-10-08T20:20:00Z,CMG-02,cpu_utilization,24.7
2026-10-08T20:20:00Z,CMG-02,memory_utilization,44.31
2026-10-08T20:20:00Z,CMG-02,bgp_session_state,1.0
2026-10-08T20:20:00Z,CMG-02,throughput_gbps,101.56
2026-10-08T20:20:00Z,CMG-02,packet_loss_pct,0.0047
2026-10-08T20:20:00Z,CMG-02,active_bearers,509463.0
2026-10-08T20:20:00Z,CMG-03,cpu_utilization,33.34
2026-10-08T20:20:00Z,CMG-03,memory_utilization,48.57
2026-10-08T20:20:00Z,CMG-03,bgp_session_state,1.0
2026-10-08T20:20:00Z,CMG-03,throughput_gbps,107.33
2026-10-08T20:20:00Z,CMG-03,packet_loss_pct,0.0461
2026-10-08T20:20:00Z,CMG-03,active_bearers,464398.0
2026-10-08T20:20:00Z,UPF-01,cpu_utilization,16.59
2026-10-08T20:20:00Z,UPF-01,memory_utilization,42.39
2026-10-08T20:20:00Z,UPF-01,bgp_session_state,1.0
2026-10-08T20:20:00Z,UPF-01,throughput_gbps,81.82
2026-10-08T20:20:00Z,UPF-01,packet_loss_pct,0.0483
2026-10-08T20:20:00Z,UPF-01,active_bearers,467924.0
2026-10-08T20:20:00Z,UPF-02,cpu_utilization,18.96
2026-10-08T20:20:00Z,UPF-02,memory_utilization,42.03
2026-10-08T20:20:00Z,UPF-02,bgp_session_state,1.0
2026-10-08T20:20:00Z,UPF-02,throughput_gbps,100.5
2026-10-08T20:20:00Z,UPF-02,packet_loss_pct,0.0468
2026-10-08T20:20:00Z,UPF-02,active_bearers,496235.0
2026-10-08T20:25:00Z,CMG-01,cpu_utilization,22.27
2026-10-08T20:25:00Z,CMG-01,memory_utilization,32.99
2026-10-08T20:25:00Z,CMG-01,bgp_session_state,1.0
2026-10-08T20:25:00Z,CMG-01,throughput_gbps,108.78
2026-10-08T20:25:00Z,CMG-01,packet_loss_pct,0.0152
2026-10-08T20:25:00Z,CMG-01,active_bearers,484371.0
2026-10-08T20:25:00Z,CMG-02,cpu_utilization,28.58
2026-10-08T20:25:00Z,CMG-02,memory_utilization,30.26
2026-10-08T20:25:00Z,CMG-02,bgp_session_state,1.0
2026-10-08T20:25:00Z,CMG-02,throughput_gbps,93.11
2026-10-08T20:25:00Z,CMG-02,packet_loss_pct,0.0088
2026-10-08T20:25:00Z,CMG-02,active_bearers,486778.0
2026-10-08T20:25:00Z,CMG-03,cpu_utilization,33.16
2026-10-08T20:25:00Z,CMG-03,memory_utilization,44.35
2026-10-08T20:25:00Z,CMG-03,bgp_session_state,1.0
2026-10-08T20:25:00Z,CMG-03,throughput_gbps,98.51
2026-10-08T20:25:00Z,CMG-03,packet_loss_pct,0.0286
2026-10-08T20:25:00Z,CMG-03,active_bearers,460120.0
2026-10-08T20:25:00Z,UPF-01,cpu_utilization,15.38
2026-10-08T20:25:00Z,UPF-01,memory_utilization,33.54
2026-10-08T20:25:00Z,UPF-01,bgp_session_state,1.0
2026-10-08T20:25:00Z,UPF-01,throughput_gbps,84.97
2026-10-08T20:25:00Z,UPF-01,packet_loss_pct,0.0242
2026-10-08T20:25:00Z,UPF-01,active_bearers,471436.0
2026-10-08T20:25:00Z,UPF-02,cpu_utilization,22.51
2026-10-08T20:25:00Z,UPF-02,memory_utilization,39.17
2026-10-08T20:25:00Z,UPF-02,bgp_session_state,1.0
2026-10-08T20:25:00Z,UPF-02,throughput_gbps,113.98
2026-10-08T20:25:00Z,UPF-02,packet_loss_pct,0.0051
2026-10-08T20:25:00Z,UPF-02,active_bearers,514578.0
2026-10-08T20:30:00Z,CMG-01,cpu_utilization,22.79
2026-10-08T20:30:00Z,CMG-01,memory_utilization,32.8
2026-10-08T20:30:00Z,CMG-01,bgp_session_state,1.0
2026-10-08T20:30:00Z,CMG-01,throughput_gbps,90.26
2026-10-08T20:30:00Z,CMG-01,packet_loss_pct,0.0492
2026-10-08T20:30:00Z,CMG-01,active_bearers,508850.0
2026-10-08T20:30:00Z,CMG-02,cpu_utilization,25.53
2026-10-08T20:30:00Z,CMG-02,memory_utilization,36.45
2026-10-08T20:30:00Z,CMG-02,bgp_session_state,1.0
2026-10-08T20:30:00Z,CMG-02,throughput_gbps,109.34
2026-10-08T20:30:00Z,CMG-02,packet_loss_pct,0.0435
2026-10-08T20:30:00Z,CMG-02,active_bearers,507159.0
2026-10-08T20:30:00Z,CMG-03,cpu_utilization,26.97
2026-10-08T20:30:00Z,CMG-03,memory_utilization,40.79
2026-10-08T20:30:00Z,CMG-03,bgp_session_state,1.0
2026-10-08T20:30:00Z,CMG-03,throughput_gbps,105.6
2026-10-08T20:30:00Z,CMG-03,packet_loss_pct,0.0385
2026-10-08T20:30:00Z,CMG-03,active_bearers,455665.0
2026-10-08T20:30:00Z,UPF-01,cpu_utilization,27.29
2026-10-08T20:30:00Z,UPF-01,memory_utilization,43.7
2026-10-08T20:30:00Z,UPF-01,bgp_session_state,1.0
2026-10-08T20:30:00Z,UPF-01,throughput_gbps,113.46
2026-10-08T20:30:00Z,UPF-01,packet_loss_pct,0.0373
2026-10-08T20:30:00Z,UPF-01,active_bearers,545814.0
2026-10-08T20:30:00Z,UPF-02,cpu_utilization,19.48
2026-10-08T20:30:00Z,UPF-02,memory_utilization,32.11
2026-10-08T20:30:00Z,UPF-02,bgp_session_state,1.0
2026-10-08T20:30:00Z,UPF-02,throughput_gbps,104.73
2026-10-08T20:30:00Z,UPF-02,packet_loss_pct,0.0186
2026-10-08T20:30:00Z,UPF-02,active_bearers,549608.0
2026-10-08T20:35:00Z,CMG-01,cpu_utilization,16.83
2026-10-08T20:35:00Z,CMG-01,memory_utilization,35.53
2026-10-08T20:35:00Z,CMG-01,bgp_session_state,1.0
2026-10-08T20:35:00Z,CMG-01,throughput_gbps,82.9
2026-10-08T20:35:00Z,CMG-01,packet_loss_pct,0.0411
2026-10-08T20:35:00Z,CMG-01,active_bearers,508474.0
2026-10-08T20:35:00Z,CMG-02,cpu_utilization,29.48
2026-10-08T20:35:00Z,CMG-02,memory_utilization,38.75
2026-10-08T20:35:00Z,CMG-02,bgp_session_state,1.0
2026-10-08T20:35:00Z,CMG-02,throughput_gbps,107.32
2026-10-08T20:35:00Z,CMG-02,packet_loss_pct,0.0227
2026-10-08T20:35:00Z,CMG-02,active_bearers,473546.0
2026-10-08T20:35:00Z,CMG-03,cpu_utilization,24.76
2026-10-08T20:35:00Z,CMG-03,memory_utilization,36.32
2026-10-08T20:35:00Z,CMG-03,bgp_session_state,1.0
2026-10-08T20:35:00Z,CMG-03,throughput_gbps,82.38
2026-10-08T20:35:00Z,CMG-03,packet_loss_pct,0.0375
2026-10-08T20:35:00Z,CMG-03,active_bearers,504392.0
2026-10-08T20:35:00Z,UPF-01,cpu_utilization,30.13
2026-10-08T20:35:00Z,UPF-01,memory_utilization,38.86
2026-10-08T20:35:00Z,UPF-01,bgp_session_state,1.0
2026-10-08T20:35:00Z,UPF-01,throughput_gbps,107.74
2026-10-08T20:35:00Z,UPF-01,packet_loss_pct,0.0045
2026-10-08T20:35:00Z,UPF-01,active_bearers,498019.0
2026-10-08T20:35:00Z,UPF-02,cpu_utilization,25.67
2026-10-08T20:35:00Z,UPF-02,memory_utilization,40.13
2026-10-08T20:35:00Z,UPF-02,bgp_session_state,1.0
2026-10-08T20:35:00Z,UPF-02,throughput_gbps,91.14
2026-10-08T20:35:00Z,UPF-02,packet_loss_pct,0.0039
2026-10-08T20:35:00Z,UPF-02,active_bearers,464475.0
2026-10-08T20:40:00Z,CMG-01,cpu_utilization,28.71
2026-10-08T20:40:00Z,CMG-01,memory_utilization,31.5
2026-10-08T20:40:00Z,CMG-01,bgp_session_state,1.0
2026-10-08T20:40:00Z,CMG-01,throughput_gbps,88.44
2026-10-08T20:40:00Z,CMG-01,packet_loss_pct,0.0271
2026-10-08T20:40:00Z,CMG-01,active_bearers,512424.0
2026-10-08T20:40:00Z,CMG-02,cpu_utilization,21.25
2026-10-08T20:40:00Z,CMG-02,memory_utilization,47.13
2026-10-08T20:40:00Z,CMG-02,bgp_session_state,1.0
2026-10-08T20:40:00Z,CMG-02,throughput_gbps,92.36
2026-10-08T20:40:00Z,CMG-02,packet_loss_pct,0.003
2026-10-08T20:40:00Z,CMG-02,active_bearers,503203.0
2026-10-08T20:40:00Z,CMG-03,cpu_utilization,25.73
2026-10-08T20:40:00Z,CMG-03,memory_utilization,39.45
2026-10-08T20:40:00Z,CMG-03,bgp_session_state,1.0
2026-10-08T20:40:00Z,CMG-03,throughput_gbps,100.03
2026-10-08T20:40:00Z,CMG-03,packet_loss_pct,0.0361
2026-10-08T20:40:00Z,CMG-03,active_bearers,451427.0
2026-10-08T20:40:00Z,UPF-01,cpu_utilization,30.93
2026-10-08T20:40:00Z,UPF-01,memory_utilization,42.2
2026-10-08T20:40:00Z,UPF-01,bgp_session_state,1.0
2026-10-08T20:40:00Z,UPF-01,throughput_gbps,87.81
2026-10-08T20:40:00Z,UPF-01,packet_loss_pct,0.0281
2026-10-08T20:40:00Z,UPF-01,active_bearers,497338.0
2026-10-08T20:40:00Z,UPF-02,cpu_utilization,27.29
2026-10-08T20:40:00Z,UPF-02,memory_utilization,44.73
2026-10-08T20:40:00Z,UPF-02,bgp_session_state,1.0
2026-10-08T20:40:00Z,UPF-02,throughput_gbps,92.58
2026-10-08T20:40:00Z,UPF-02,packet_loss_pct,0.004
2026-10-08T20:40:00Z,UPF-02,active_bearers,497118.0
2026-10-08T20:45:00Z,CMG-01,cpu_utilization,16.5
2026-10-08T20:45:00Z,CMG-01,memory_utilization,43.54
2026-10-08T20:45:00Z,CMG-01,bgp_session_state,1.0
2026-10-08T20:45:00Z,CMG-01,throughput_gbps,119.55
2026-10-08T20:45:00Z,CMG-01,packet_loss_pct,0.028
2026-10-08T20:45:00Z,CMG-01,active_bearers,494680.0
2026-10-08T20:45:00Z,CMG-02,cpu_utilization,26.76
2026-10-08T20:45:00Z,CMG-02,memory_utilization,44.63
2026-10-08T20:45:00Z,CMG-02,bgp_session_state,1.0
2026-10-08T20:45:00Z,CMG-02,throughput_gbps,89.25
2026-10-08T20:45:00Z,CMG-02,packet_loss_pct,0.0466
2026-10-08T20:45:00Z,CMG-02,active_bearers,463048.0
2026-10-08T20:45:00Z,CMG-03,cpu_utilization,34.65
2026-10-08T20:45:00Z,CMG-03,memory_utilization,45.16
2026-10-08T20:45:00Z,CMG-03,bgp_session_state,1.0
2026-10-08T20:45:00Z,CMG-03,throughput_gbps,90.96
2026-10-08T20:45:00Z,CMG-03,packet_loss_pct,0.0151
2026-10-08T20:45:00Z,CMG-03,active_bearers,528451.0
2026-10-08T20:45:00Z,UPF-01,cpu_utilization,21.76
2026-10-08T20:45:00Z,UPF-01,memory_utilization,38.34
2026-10-08T20:45:00Z,UPF-01,bgp_session_state,1.0
2026-10-08T20:45:00Z,UPF-01,throughput_gbps,117.91
2026-10-08T20:45:00Z,UPF-01,packet_loss_pct,0.0103
2026-10-08T20:45:00Z,UPF-01,active_bearers,544307.0
2026-10-08T20:45:00Z,UPF-02,cpu_utilization,34.9
2026-10-08T20:45:00Z,UPF-02,memory_utilization,48.33
2026-10-08T20:45:00Z,UPF-02,bgp_session_state,1.0
2026-10-08T20:45:00Z,UPF-02,throughput_gbps,95.24
2026-10-08T20:45:00Z,UPF-02,packet_loss_pct,0.0476
2026-10-08T20:45:00Z,UPF-02,active_bearers,476146.0
2026-10-08T20:50:00Z,CMG-01,cpu_utilization,32.57
2026-10-08T20:50:00Z,CMG-01,memory_utilization,42.58
2026-10-08T20:50:00Z,CMG-01,bgp_session_state,1.0
2026-10-08T20:50:00Z,CMG-01,throughput_gbps,86.22
2026-10-08T20:50:00Z,CMG-01,packet_loss_pct,0.0051
2026-10-08T20:50:00Z,CMG-01,active_bearers,455690.0
2026-10-08T20:50:00Z,CMG-02,cpu_utilization,19.26
2026-10-08T20:50:00Z,CMG-02,memory_utilization,30.6
2026-10-08T20:50:00Z,CMG-02,bgp_session_state,1.0
2026-10-08T20:50:00Z,CMG-02,throughput_gbps,116.55
2026-10-08T20:50:00Z,CMG-02,packet_loss_pct,0.0141
2026-10-08T20:50:00Z,CMG-02,active_bearers,528111.0
2026-10-08T20:50:00Z,CMG-03,cpu_utilization,34.56
2026-10-08T20:50:00Z,CMG-03,memory_utilization,45.51
2026-10-08T20:50:00Z,CMG-03,bgp_session_state,1.0
2026-10-08T20:50:00Z,CMG-03,throughput_gbps,101.93
2026-10-08T20:50:00Z,CMG-03,packet_loss_pct,0.0139
2026-10-08T20:50:00Z,CMG-03,active_bearers,507437.0
2026-10-08T20:50:00Z,UPF-01,cpu_utilization,18.44
2026-10-08T20:50:00Z,UPF-01,memory_utilization,39.55
2026-10-08T20:50:00Z,UPF-01,bgp_session_state,1.0
2026-10-08T20:50:00Z,UPF-01,throughput_gbps,80.28
2026-10-08T20:50:00Z,UPF-01,packet_loss_pct,0.0296
2026-10-08T20:50:00Z,UPF-01,active_bearers,464871.0
2026-10-08T20:50:00Z,UPF-02,cpu_utilization,21.21
2026-10-08T20:50:00Z,UPF-02,memory_utilization,31.21
2026-10-08T20:50:00Z,UPF-02,bgp_session_state,1.0
2026-10-08T20:50:00Z,UPF-02,throughput_gbps,110.84
2026-10-08T20:50:00Z,UPF-02,packet_loss_pct,0.0096
2026-10-08T20:50:00Z,UPF-02,active_bearers,511868.0
2026-10-08T20:55:00Z,CMG-01,cpu_utilization,34.86
2026-10-08T20:55:00Z,CMG-01,memory_utilization,41.31
2026-10-08T20:55:00Z,CMG-01,bgp_session_state,1.0
2026-10-08T20:55:00Z,CMG-01,throughput_gbps,90.59
2026-10-08T20:55:00Z,CMG-01,packet_loss_pct,0.0351
2026-10-08T20:55:00Z,CMG-01,active_bearers,484126.0
2026-10-08T20:55:00Z,CMG-02,cpu_utilization,28.17
2026-10-08T20:55:00Z,CMG-02,memory_utilization,45.17
2026-10-08T20:55:00Z,CMG-02,bgp_session_state,1.0
2026-10-08T20:55:00Z,CMG-02,throughput_gbps,106.45
2026-10-08T20:55:00Z,CMG-02,packet_loss_pct,0.0264
2026-10-08T20:55:00Z,CMG-02,active_bearers,524641.0
2026-10-08T20:55:00Z,CMG-03,cpu_utilization,18.74
2026-10-08T20:55:00Z,CMG-03,memory_utilization,42.28
2026-10-08T20:55:00Z,CMG-03,bgp_session_state,1.0
2026-10-08T20:55:00Z,CMG-03,throughput_gbps,114.61
2026-10-08T20:55:00Z,CMG-03,packet_loss_pct,0.0422
2026-10-08T20:55:00Z,CMG-03,active_bearers,451707.0
2026-10-08T20:55:00Z,UPF-01,cpu_utilization,25.33
2026-10-08T20:55:00Z,UPF-01,memory_utilization,32.05
2026-10-08T20:55:00Z,UPF-01,bgp_session_state,1.0
2026-10-08T20:55:00Z,UPF-01,throughput_gbps,102.94
2026-10-08T20:55:00Z,UPF-01,packet_loss_pct,0.0148
2026-10-08T20:55:00Z,UPF-01,active_bearers,452811.0
2026-10-08T20:55:00Z,UPF-02,cpu_utilization,32.05
2026-10-08T20:55:00Z,UPF-02,memory_utilization,39.48
2026-10-08T20:55:00Z,UPF-02,bgp_session_state,1.0
2026-10-08T20:55:00Z,UPF-02,throughput_gbps,82.33
2026-10-08T20:55:00Z,UPF-02,packet_loss_pct,0.0115
2026-10-08T20:55:00Z,UPF-02,active_bearers,463907.0
2026-10-08T21:00:00Z,CMG-01,cpu_utilization,32.71
2026-10-08T21:00:00Z,CMG-01,memory_utilization,42.5
2026-10-08T21:00:00Z,CMG-01,bgp_session_state,1.0
2026-10-08T21:00:00Z,CMG-01,throughput_gbps,94.55
2026-10-08T21:00:00Z,CMG-01,packet_loss_pct,0.0416
2026-10-08T21:00:00Z,CMG-01,active_bearers,472185.0
2026-10-08T21:00:00Z,CMG-02,cpu_utilization,32.56
2026-10-08T21:00:00Z,CMG-02,memory_utilization,47.12
2026-10-08T21:00:00Z,CMG-02,bgp_session_state,1.0
2026-10-08T21:00:00Z,CMG-02,throughput_gbps,110.41
2026-10-08T21:00:00Z,CMG-02,packet_loss_pct,0.0003
2026-10-08T21:00:00Z,CMG-02,active_bearers,496696.0
2026-10-08T21:00:00Z,CMG-03,cpu_utilization,17.88
2026-10-08T21:00:00Z,CMG-03,memory_utilization,40.94
2026-10-08T21:00:00Z,CMG-03,bgp_session_state,1.0
2026-10-08T21:00:00Z,CMG-03,throughput_gbps,94.69
2026-10-08T21:00:00Z,CMG-03,packet_loss_pct,0.0242
2026-10-08T21:00:00Z,CMG-03,active_bearers,505125.0
2026-10-08T21:00:00Z,UPF-01,cpu_utilization,31.19
2026-10-08T21:00:00Z,UPF-01,memory_utilization,46.49
2026-10-08T21:00:00Z,UPF-01,bgp_session_state,1.0
2026-10-08T21:00:00Z,UPF-01,throughput_gbps,112.89
2026-10-08T21:00:00Z,UPF-01,packet_loss_pct,0.0169
2026-10-08T21:00:00Z,UPF-01,active_bearers,510297.0
2026-10-08T21:00:00Z,UPF-02,cpu_utilization,24.03
2026-10-08T21:00:00Z,UPF-02,memory_utilization,35.72
2026-10-08T21:00:00Z,UPF-02,bgp_session_state,1.0
2026-10-08T21:00:00Z,UPF-02,throughput_gbps,91.29
2026-10-08T21:00:00Z,UPF-02,packet_loss_pct,0.0348
2026-10-08T21:00:00Z,UPF-02,active_bearers,466404.0
2026-10-08T21:05:00Z,CMG-01,cpu_utilization,20.44
2026-10-08T21:05:00Z,CMG-01,memory_utilization,47.43
2026-10-08T21:05:00Z,CMG-01,bgp_session_state,1.0
2026-10-08T21:05:00Z,CMG-01,throughput_gbps,107.55
2026-10-08T21:05:00Z,CMG-01,packet_loss_pct,0.0312
2026-10-08T21:05:00Z,CMG-01,active_bearers,468387.0
2026-10-08T21:05:00Z,CMG-02,cpu_utilization,25.55
2026-10-08T21:05:00Z,CMG-02,memory_utilization,46.75
2026-10-08T21:05:00Z,CMG-02,bgp_session_state,1.0
2026-10-08T21:05:00Z,CMG-02,throughput_gbps,108.71
2026-10-08T21:05:00Z,CMG-02,packet_loss_pct,0.0049
2026-10-08T21:05:00Z,CMG-02,active_bearers,529389.0
2026-10-08T21:05:00Z,CMG-03,cpu_utilization,33.64
2026-10-08T21:05:00Z,CMG-03,memory_utilization,47.28
2026-10-08T21:05:00Z,CMG-03,bgp_session_state,1.0
2026-10-08T21:05:00Z,CMG-03,throughput_gbps,117.08
2026-10-08T21:05:00Z,CMG-03,packet_loss_pct,0.0447
2026-10-08T21:05:00Z,CMG-03,active_bearers,450255.0
2026-10-08T21:05:00Z,UPF-01,cpu_utilization,33.69
2026-10-08T21:05:00Z,UPF-01,memory_utilization,32.41
2026-10-08T21:05:00Z,UPF-01,bgp_session_state,1.0
2026-10-08T21:05:00Z,UPF-01,throughput_gbps,91.53
2026-10-08T21:05:00Z,UPF-01,packet_loss_pct,0.0394
2026-10-08T21:05:00Z,UPF-01,active_bearers,510657.0
2026-10-08T21:05:00Z,UPF-02,cpu_utilization,32.92
2026-10-08T21:05:00Z,UPF-02,memory_utilization,49.74
2026-10-08T21:05:00Z,UPF-02,bgp_session_state,1.0
2026-10-08T21:05:00Z,UPF-02,throughput_gbps,102.72
2026-10-08T21:05:00Z,UPF-02,packet_loss_pct,0.0178
2026-10-08T21:05:00Z,UPF-02,active_bearers,505408.0
2026-10-08T21:10:00Z,CMG-01,cpu_utilization,26.05
2026-10-08T21:10:00Z,CMG-01,memory_utilization,37.06
2026-10-08T21:10:00Z,CMG-01,bgp_session_state,1.0
2026-10-08T21:10:00Z,CMG-01,throughput_gbps,99.26
2026-10-08T21:10:00Z,CMG-01,packet_loss_pct,0.031
2026-10-08T21:10:00Z,CMG-01,active_bearers,470743.0
2026-10-08T21:10:00Z,CMG-02,cpu_utilization,31.53
2026-10-08T21:10:00Z,CMG-02,memory_utilization,38.95
2026-10-08T21:10:00Z,CMG-02,bgp_session_state,1.0
2026-10-08T21:10:00Z,CMG-02,throughput_gbps,91.87
2026-10-08T21:10:00Z,CMG-02,packet_loss_pct,0.0494
2026-10-08T21:10:00Z,CMG-02,active_bearers,473886.0
2026-10-08T21:10:00Z,CMG-03,cpu_utilization,34.66
2026-10-08T21:10:00Z,CMG-03,memory_utilization,46.77
2026-10-08T21:10:00Z,CMG-03,bgp_session_state,1.0
2026-10-08T21:10:00Z,CMG-03,throughput_gbps,83.16
2026-10-08T21:10:00Z,CMG-03,packet_loss_pct,0.0498
2026-10-08T21:10:00Z,CMG-03,active_bearers,533506.0
2026-10-08T21:10:00Z,UPF-01,cpu_utilization,30.99
2026-10-08T21:10:00Z,UPF-01,memory_utilization,30.92
2026-10-08T21:10:00Z,UPF-01,bgp_session_state,1.0
2026-10-08T21:10:00Z,UPF-01,throughput_gbps,81.22
2026-10-08T21:10:00Z,UPF-01,packet_loss_pct,0.0217
2026-10-08T21:10:00Z,UPF-01,active_bearers,510095.0
2026-10-08T21:10:00Z,UPF-02,cpu_utilization,28.52
2026-10-08T21:10:00Z,UPF-02,memory_utilization,43.7
2026-10-08T21:10:00Z,UPF-02,bgp_session_state,1.0
2026-10-08T21:10:00Z,UPF-02,throughput_gbps,113.7
2026-10-08T21:10:00Z,UPF-02,packet_loss_pct,0.01
2026-10-08T21:10:00Z,UPF-02,active_bearers,498425.0
2026-10-08T21:15:00Z,CMG-01,cpu_utilization,24.51
2026-10-08T21:15:00Z,CMG-01,memory_utilization,40.84
2026-10-08T21:15:00Z,CMG-01,bgp_session_state,1.0
2026-10-08T21:15:00Z,CMG-01,throughput_gbps,86.41
2026-10-08T21:15:00Z,CMG-01,packet_loss_pct,0.015
2026-10-08T21:15:00Z,CMG-01,active_bearers,511458.0
2026-10-08T21:15:00Z,CMG-02,cpu_utilization,32.35
2026-10-08T21:15:00Z,CMG-02,memory_utilization,30.08
2026-10-08T21:15:00Z,CMG-02,bgp_session_state,1.0
2026-10-08T21:15:00Z,CMG-02,throughput_gbps,82.78
2026-10-08T21:15:00Z,CMG-02,packet_loss_pct,0.014
2026-10-08T21:15:00Z,CMG-02,active_bearers,454972.0
2026-10-08T21:15:00Z,CMG-03,cpu_utilization,30.44
2026-10-08T21:15:00Z,CMG-03,memory_utilization,44.51
2026-10-08T21:15:00Z,CMG-03,bgp_session_state,1.0
2026-10-08T21:15:00Z,CMG-03,throughput_gbps,111.53
2026-10-08T21:15:00Z,CMG-03,packet_loss_pct,0.0448
2026-10-08T21:15:00Z,CMG-03,active_bearers,477422.0
2026-10-08T21:15:00Z,UPF-01,cpu_utilization,25.78
2026-10-08T21:15:00Z,UPF-01,memory_utilization,48.17
2026-10-08T21:15:00Z,UPF-01,bgp_session_state,1.0
2026-10-08T21:15:00Z,UPF-01,throughput_gbps,98.15
2026-10-08T21:15:00Z,UPF-01,packet_loss_pct,0.0263
2026-10-08T21:15:00Z,UPF-01,active_bearers,464370.0
2026-10-08T21:15:00Z,UPF-02,cpu_utilization,28.56
2026-10-08T21:15:00Z,UPF-02,memory_utilization,45.7
2026-10-08T21:15:00Z,UPF-02,bgp_session_state,1.0
2026-10-08T21:15:00Z,UPF-02,throughput_gbps,94.0
2026-10-08T21:15:00Z,UPF-02,packet_loss_pct,0.0385
2026-10-08T21:15:00Z,UPF-02,active_bearers,496467.0
2026-10-08T21:20:00Z,CMG-01,cpu_utilization,20.86
2026-10-08T21:20:00Z,CMG-01,memory_utilization,46.11
2026-10-08T21:20:00Z,CMG-01,bgp_session_state,1.0
2026-10-08T21:20:00Z,CMG-01,throughput_gbps,90.29
2026-10-08T21:20:00Z,CMG-01,packet_loss_pct,0.0284
2026-10-08T21:20:00Z,CMG-01,active_bearers,481803.0
2026-10-08T21:20:00Z,CMG-02,cpu_utilization,15.02
2026-10-08T21:20:00Z,CMG-02,memory_utilization,37.77
2026-10-08T21:20:00Z,CMG-02,bgp_session_state,1.0
2026-10-08T21:20:00Z,CMG-02,throughput_gbps,118.77
2026-10-08T21:20:00Z,CMG-02,packet_loss_pct,0.0022
2026-10-08T21:20:00Z,CMG-02,active_bearers,494511.0
2026-10-08T21:20:00Z,CMG-03,cpu_utilization,31.08
2026-10-08T21:20:00Z,CMG-03,memory_utilization,36.68
2026-10-08T21:20:00Z,CMG-03,bgp_session_state,1.0
2026-10-08T21:20:00Z,CMG-03,throughput_gbps,110.34
2026-10-08T21:20:00Z,CMG-03,packet_loss_pct,0.0172
2026-10-08T21:20:00Z,CMG-03,active_bearers,463339.0
2026-10-08T21:20:00Z,UPF-01,cpu_utilization,23.0
2026-10-08T21:20:00Z,UPF-01,memory_utilization,39.77
2026-10-08T21:20:00Z,UPF-01,bgp_session_state,1.0
2026-10-08T21:20:00Z,UPF-01,throughput_gbps,86.72
2026-10-08T21:20:00Z,UPF-01,packet_loss_pct,0.0386
2026-10-08T21:20:00Z,UPF-01,active_bearers,519417.0
2026-10-08T21:20:00Z,UPF-02,cpu_utilization,21.08
2026-10-08T21:20:00Z,UPF-02,memory_utilization,38.66
2026-10-08T21:20:00Z,UPF-02,bgp_session_state,1.0
2026-10-08T21:20:00Z,UPF-02,throughput_gbps,91.09
2026-10-08T21:20:00Z,UPF-02,packet_loss_pct,0.0368
2026-10-08T21:20:00Z,UPF-02,active_bearers,501028.0
2026-10-08T21:25:00Z,CMG-01,cpu_utilization,22.38
2026-10-08T21:25:00Z,CMG-01,memory_utilization,49.2
2026-10-08T21:25:00Z,CMG-01,bgp_session_state,1.0
2026-10-08T21:25:00Z,CMG-01,throughput_gbps,85.26
2026-10-08T21:25:00Z,CMG-01,packet_loss_pct,0.0358
2026-10-08T21:25:00Z,CMG-01,active_bearers,510158.0
2026-10-08T21:25:00Z,CMG-02,cpu_utilization,18.65
2026-10-08T21:25:00Z,CMG-02,memory_utilization,30.22
2026-10-08T21:25:00Z,CMG-02,bgp_session_state,1.0
2026-10-08T21:25:00Z,CMG-02,throughput_gbps,115.41
2026-10-08T21:25:00Z,CMG-02,packet_loss_pct,0.0198
2026-10-08T21:25:00Z,CMG-02,active_bearers,514103.0
2026-10-08T21:25:00Z,CMG-03,cpu_utilization,31.04
2026-10-08T21:25:00Z,CMG-03,memory_utilization,34.65
2026-10-08T21:25:00Z,CMG-03,bgp_session_state,1.0
2026-10-08T21:25:00Z,CMG-03,throughput_gbps,102.68
2026-10-08T21:25:00Z,CMG-03,packet_loss_pct,0.0161
2026-10-08T21:25:00Z,CMG-03,active_bearers,466876.0
2026-10-08T21:25:00Z,UPF-01,cpu_utilization,16.41
2026-10-08T21:25:00Z,UPF-01,memory_utilization,31.35
2026-10-08T21:25:00Z,UPF-01,bgp_session_state,1.0
2026-10-08T21:25:00Z,UPF-01,throughput_gbps,95.32
2026-10-08T21:25:00Z,UPF-01,packet_loss_pct,0.0126
2026-10-08T21:25:00Z,UPF-01,active_bearers,510801.0
2026-10-08T21:25:00Z,UPF-02,cpu_utilization,34.6
2026-10-08T21:25:00Z,UPF-02,memory_utilization,38.38
2026-10-08T21:25:00Z,UPF-02,bgp_session_state,1.0
2026-10-08T21:25:00Z,UPF-02,throughput_gbps,111.69
2026-10-08T21:25:00Z,UPF-02,packet_loss_pct,0.0301
2026-10-08T21:25:00Z,UPF-02,active_bearers,464620.0
2026-10-08T21:30:00Z,CMG-01,cpu_utilization,19.1
2026-10-08T21:30:00Z,CMG-01,memory_utilization,47.85
2026-10-08T21:30:00Z,CMG-01,bgp_session_state,1.0
2026-10-08T21:30:00Z,CMG-01,throughput_gbps,80.82
2026-10-08T21:30:00Z,CMG-01,packet_loss_pct,0.0091
2026-10-08T21:30:00Z,CMG-01,active_bearers,461949.0
2026-10-08T21:30:00Z,CMG-02,cpu_utilization,28.99
2026-10-08T21:30:00Z,CMG-02,memory_utilization,41.7
2026-10-08T21:30:00Z,CMG-02,bgp_session_state,1.0
2026-10-08T21:30:00Z,CMG-02,throughput_gbps,94.25
2026-10-08T21:30:00Z,CMG-02,packet_loss_pct,0.0175
2026-10-08T21:30:00Z,CMG-02,active_bearers,475722.0
2026-10-08T21:30:00Z,CMG-03,cpu_utilization,30.78
2026-10-08T21:30:00Z,CMG-03,memory_utilization,47.12
2026-10-08T21:30:00Z,CMG-03,bgp_session_state,1.0
2026-10-08T21:30:00Z,CMG-03,throughput_gbps,98.93
2026-10-08T21:30:00Z,CMG-03,packet_loss_pct,0.0067
2026-10-08T21:30:00Z,CMG-03,active_bearers,472334.0
2026-10-08T21:30:00Z,UPF-01,cpu_utilization,26.33
2026-10-08T21:30:00Z,UPF-01,memory_utilization,40.06
2026-10-08T21:30:00Z,UPF-01,bgp_session_state,1.0
2026-10-08T21:30:00Z,UPF-01,throughput_gbps,95.32
2026-10-08T21:30:00Z,UPF-01,packet_loss_pct,0.0458
2026-10-08T21:30:00Z,UPF-01,active_bearers,480977.0
2026-10-08T21:30:00Z,UPF-02,cpu_utilization,31.97
2026-10-08T21:30:00Z,UPF-02,memory_utilization,31.86
2026-10-08T21:30:00Z,UPF-02,bgp_session_state,1.0
2026-10-08T21:30:00Z,UPF-02,throughput_gbps,96.48
2026-10-08T21:30:00Z,UPF-02,packet_loss_pct,0.0064
2026-10-08T21:30:00Z,UPF-02,active_bearers,547342.0
2026-10-08T21:35:00Z,CMG-01,cpu_utilization,31.82
2026-10-08T21:35:00Z,CMG-01,memory_utilization,31.01
2026-10-08T21:35:00Z,CMG-01,bgp_session_state,1.0
2026-10-08T21:35:00Z,CMG-01,throughput_gbps,84.46
2026-10-08T21:35:00Z,CMG-01,packet_loss_pct,0.025
2026-10-08T21:35:00Z,CMG-01,active_bearers,525571.0
2026-10-08T21:35:00Z,CMG-02,cpu_utilization,30.64
2026-10-08T21:35:00Z,CMG-02,memory_utilization,38.09
2026-10-08T21:35:00Z,CMG-02,bgp_session_state,1.0
2026-10-08T21:35:00Z,CMG-02,throughput_gbps,109.09
2026-10-08T21:35:00Z,CMG-02,packet_loss_pct,0.0113
2026-10-08T21:35:00Z,CMG-02,active_bearers,494958.0
2026-10-08T21:35:00Z,CMG-03,cpu_utilization,29.19
2026-10-08T21:35:00Z,CMG-03,memory_utilization,37.88
2026-10-08T21:35:00Z,CMG-03,bgp_session_state,1.0
2026-10-08T21:35:00Z,CMG-03,throughput_gbps,118.98
2026-10-08T21:35:00Z,CMG-03,packet_loss_pct,0.0435
2026-10-08T21:35:00Z,CMG-03,active_bearers,514728.0
2026-10-08T21:35:00Z,UPF-01,cpu_utilization,19.74
2026-10-08T21:35:00Z,UPF-01,memory_utilization,44.92
2026-10-08T21:35:00Z,UPF-01,bgp_session_state,1.0
2026-10-08T21:35:00Z,UPF-01,throughput_gbps,100.93
2026-10-08T21:35:00Z,UPF-01,packet_loss_pct,0.0381
2026-10-08T21:35:00Z,UPF-01,active_bearers,517115.0
2026-10-08T21:35:00Z,UPF-02,cpu_utilization,20.25
2026-10-08T21:35:00Z,UPF-02,memory_utilization,34.67
2026-10-08T21:35:00Z,UPF-02,bgp_session_state,1.0
2026-10-08T21:35:00Z,UPF-02,throughput_gbps,88.82
2026-10-08T21:35:00Z,UPF-02,packet_loss_pct,0.0307
2026-10-08T21:35:00Z,UPF-02,active_bearers,504288.0
2026-10-08T21:40:00Z,CMG-01,cpu_utilization,25.88
2026-10-08T21:40:00Z,CMG-01,memory_utilization,37.42
2026-10-08T21:40:00Z,CMG-01,bgp_session_state,1.0
2026-10-08T21:40:00Z,CMG-01,throughput_gbps,91.8
2026-10-08T21:40:00Z,CMG-01,packet_loss_pct,0.0051
2026-10-08T21:40:00Z,CMG-01,active_bearers,505259.0
2026-10-08T21:40:00Z,CMG-02,cpu_utilization,26.71
2026-10-08T21:40:00Z,CMG-02,memory_utilization,38.25
2026-10-08T21:40:00Z,CMG-02,bgp_session_state,1.0
2026-10-08T21:40:00Z,CMG-02,throughput_gbps,101.57
2026-10-08T21:40:00Z,CMG-02,packet_loss_pct,0.0262
2026-10-08T21:40:00Z,CMG-02,active_bearers,477971.0
2026-10-08T21:40:00Z,CMG-03,cpu_utilization,28.9
2026-10-08T21:40:00Z,CMG-03,memory_utilization,43.71
2026-10-08T21:40:00Z,CMG-03,bgp_session_state,1.0
2026-10-08T21:40:00Z,CMG-03,throughput_gbps,108.94
2026-10-08T21:40:00Z,CMG-03,packet_loss_pct,0.0479
2026-10-08T21:40:00Z,CMG-03,active_bearers,541039.0
2026-10-08T21:40:00Z,UPF-01,cpu_utilization,19.66
2026-10-08T21:40:00Z,UPF-01,memory_utilization,39.66
2026-10-08T21:40:00Z,UPF-01,bgp_session_state,1.0
2026-10-08T21:40:00Z,UPF-01,throughput_gbps,97.74
2026-10-08T21:40:00Z,UPF-01,packet_loss_pct,0.0371
2026-10-08T21:40:00Z,UPF-01,active_bearers,498632.0
2026-10-08T21:40:00Z,UPF-02,cpu_utilization,27.41
2026-10-08T21:40:00Z,UPF-02,memory_utilization,46.09
2026-10-08T21:40:00Z,UPF-02,bgp_session_state,1.0
2026-10-08T21:40:00Z,UPF-02,throughput_gbps,98.31
2026-10-08T21:40:00Z,UPF-02,packet_loss_pct,0.0296
2026-10-08T21:40:00Z,UPF-02,active_bearers,469644.0
2026-10-08T21:45:00Z,CMG-01,cpu_utilization,16.85
2026-10-08T21:45:00Z,CMG-01,memory_utilization,38.86
2026-10-08T21:45:00Z,CMG-01,bgp_session_state,1.0
2026-10-08T21:45:00Z,CMG-01,throughput_gbps,118.09
2026-10-08T21:45:00Z,CMG-01,packet_loss_pct,0.0336
2026-10-08T21:45:00Z,CMG-01,active_bearers,485771.0
2026-10-08T21:45:00Z,CMG-02,cpu_utilization,15.85
2026-10-08T21:45:00Z,CMG-02,memory_utilization,32.06
2026-10-08T21:45:00Z,CMG-02,bgp_session_state,1.0
2026-10-08T21:45:00Z,CMG-02,throughput_gbps,93.46
2026-10-08T21:45:00Z,CMG-02,packet_loss_pct,0.0101
2026-10-08T21:45:00Z,CMG-02,active_bearers,481695.0
2026-10-08T21:45:00Z,CMG-03,cpu_utilization,17.75
2026-10-08T21:45:00Z,CMG-03,memory_utilization,37.93
2026-10-08T21:45:00Z,CMG-03,bgp_session_state,1.0
2026-10-08T21:45:00Z,CMG-03,throughput_gbps,80.79
2026-10-08T21:45:00Z,CMG-03,packet_loss_pct,0.0087
2026-10-08T21:45:00Z,CMG-03,active_bearers,515711.0
2026-10-08T21:45:00Z,UPF-01,cpu_utilization,33.74
2026-10-08T21:45:00Z,UPF-01,memory_utilization,48.3
2026-10-08T21:45:00Z,UPF-01,bgp_session_state,1.0
2026-10-08T21:45:00Z,UPF-01,throughput_gbps,104.22
2026-10-08T21:45:00Z,UPF-01,packet_loss_pct,0.0311
2026-10-08T21:45:00Z,UPF-01,active_bearers,544236.0
2026-10-08T21:45:00Z,UPF-02,cpu_utilization,28.09
2026-10-08T21:45:00Z,UPF-02,memory_utilization,42.89
2026-10-08T21:45:00Z,UPF-02,bgp_session_state,1.0
2026-10-08T21:45:00Z,UPF-02,throughput_gbps,98.66
2026-10-08T21:45:00Z,UPF-02,packet_loss_pct,0.0205
2026-10-08T21:45:00Z,UPF-02,active_bearers,528318.0
2026-10-08T21:50:00Z,CMG-01,cpu_utilization,18.3
2026-10-08T21:50:00Z,CMG-01,memory_utilization,38.02
2026-10-08T21:50:00Z,CMG-01,bgp_session_state,1.0
2026-10-08T21:50:00Z,CMG-01,throughput_gbps,113.35
2026-10-08T21:50:00Z,CMG-01,packet_loss_pct,0.025
2026-10-08T21:50:00Z,CMG-01,active_bearers,547988.0
2026-10-08T21:50:00Z,CMG-02,cpu_utilization,33.75
2026-10-08T21:50:00Z,CMG-02,memory_utilization,43.96
2026-10-08T21:50:00Z,CMG-02,bgp_session_state,1.0
2026-10-08T21:50:00Z,CMG-02,throughput_gbps,101.66
2026-10-08T21:50:00Z,CMG-02,packet_loss_pct,0.0306
2026-10-08T21:50:00Z,CMG-02,active_bearers,458875.0
2026-10-08T21:50:00Z,CMG-03,cpu_utilization,24.52
2026-10-08T21:50:00Z,CMG-03,memory_utilization,31.5
2026-10-08T21:50:00Z,CMG-03,bgp_session_state,1.0
2026-10-08T21:50:00Z,CMG-03,throughput_gbps,113.11
2026-10-08T21:50:00Z,CMG-03,packet_loss_pct,0.0346
2026-10-08T21:50:00Z,CMG-03,active_bearers,498551.0
2026-10-08T21:50:00Z,UPF-01,cpu_utilization,26.21
2026-10-08T21:50:00Z,UPF-01,memory_utilization,42.89
2026-10-08T21:50:00Z,UPF-01,bgp_session_state,1.0
2026-10-08T21:50:00Z,UPF-01,throughput_gbps,91.11
2026-10-08T21:50:00Z,UPF-01,packet_loss_pct,0.0418
2026-10-08T21:50:00Z,UPF-01,active_bearers,487080.0
2026-10-08T21:50:00Z,UPF-02,cpu_utilization,26.94
2026-10-08T21:50:00Z,UPF-02,memory_utilization,41.12
2026-10-08T21:50:00Z,UPF-02,bgp_session_state,1.0
2026-10-08T21:50:00Z,UPF-02,throughput_gbps,103.36
2026-10-08T21:50:00Z,UPF-02,packet_loss_pct,0.0063
2026-10-08T21:50:00Z,UPF-02,active_bearers,512347.0
2026-10-08T21:55:00Z,CMG-01,cpu_utilization,17.87
2026-10-08T21:55:00Z,CMG-01,memory_utilization,34.37
2026-10-08T21:55:00Z,CMG-01,bgp_session_state,1.0
2026-10-08T21:55:00Z,CMG-01,throughput_gbps,96.02
2026-10-08T21:55:00Z,CMG-01,packet_loss_pct,0.0392
2026-10-08T21:55:00Z,CMG-01,active_bearers,455321.0
2026-10-08T21:55:00Z,CMG-02,cpu_utilization,32.5
2026-10-08T21:55:00Z,CMG-02,memory_utilization,48.41
2026-10-08T21:55:00Z,CMG-02,bgp_session_state,1.0
2026-10-08T21:55:00Z,CMG-02,throughput_gbps,114.53
2026-10-08T21:55:00Z,CMG-02,packet_loss_pct,0.027
2026-10-08T21:55:00Z,CMG-02,active_bearers,483902.0
2026-10-08T21:55:00Z,CMG-03,cpu_utilization,19.92
2026-10-08T21:55:00Z,CMG-03,memory_utilization,35.49
2026-10-08T21:55:00Z,CMG-03,bgp_session_state,1.0
2026-10-08T21:55:00Z,CMG-03,throughput_gbps,116.53
2026-10-08T21:55:00Z,CMG-03,packet_loss_pct,0.0495
2026-10-08T21:55:00Z,CMG-03,active_bearers,496239.0
2026-10-08T21:55:00Z,UPF-01,cpu_utilization,30.97
2026-10-08T21:55:00Z,UPF-01,memory_utilization,34.7
2026-10-08T21:55:00Z,UPF-01,bgp_session_state,1.0
2026-10-08T21:55:00Z,UPF-01,throughput_gbps,95.38
2026-10-08T21:55:00Z,UPF-01,packet_loss_pct,0.0323
2026-10-08T21:55:00Z,UPF-01,active_bearers,528659.0
2026-10-08T21:55:00Z,UPF-02,cpu_utilization,28.97
2026-10-08T21:55:00Z,UPF-02,memory_utilization,45.5
2026-10-08T21:55:00Z,UPF-02,bgp_session_state,1.0
2026-10-08T21:55:00Z,UPF-02,throughput_gbps,117.84
2026-10-08T21:55:00Z,UPF-02,packet_loss_pct,0.0172
2026-10-08T21:55:00Z,UPF-02,active_bearers,497873.0
2026-10-08T22:00:00Z,CMG-01,cpu_utilization,21.55
2026-10-08T22:00:00Z,CMG-01,memory_utilization,40.21
2026-10-08T22:00:00Z,CMG-01,bgp_session_state,1.0
2026-10-08T22:00:00Z,CMG-01,throughput_gbps,92.95
2026-10-08T22:00:00Z,CMG-01,packet_loss_pct,0.024
2026-10-08T22:00:00Z,CMG-01,active_bearers,498046.0
2026-10-08T22:00:00Z,CMG-02,cpu_utilization,32.39
2026-10-08T22:00:00Z,CMG-02,memory_utilization,48.5
2026-10-08T22:00:00Z,CMG-02,bgp_session_state,1.0
2026-10-08T22:00:00Z,CMG-02,throughput_gbps,100.84
2026-10-08T22:00:00Z,CMG-02,packet_loss_pct,0.0485
2026-10-08T22:00:00Z,CMG-02,active_bearers,450692.0
2026-10-08T22:00:00Z,CMG-03,cpu_utilization,30.28
2026-10-08T22:00:00Z,CMG-03,memory_utilization,38.09
2026-10-08T22:00:00Z,CMG-03,bgp_session_state,1.0
2026-10-08T22:00:00Z,CMG-03,throughput_gbps,118.87
2026-10-08T22:00:00Z,CMG-03,packet_loss_pct,0.0255
2026-10-08T22:00:00Z,CMG-03,active_bearers,529553.0
2026-10-08T22:00:00Z,UPF-01,cpu_utilization,23.39
2026-10-08T22:00:00Z,UPF-01,memory_utilization,32.25
2026-10-08T22:00:00Z,UPF-01,bgp_session_state,1.0
2026-10-08T22:00:00Z,UPF-01,throughput_gbps,92.35
2026-10-08T22:00:00Z,UPF-01,packet_loss_pct,0.0015
2026-10-08T22:00:00Z,UPF-01,active_bearers,542245.0
2026-10-08T22:00:00Z,UPF-02,cpu_utilization,17.01
2026-10-08T22:00:00Z,UPF-02,memory_utilization,48.43
2026-10-08T22:00:00Z,UPF-02,bgp_session_state,1.0
2026-10-08T22:00:00Z,UPF-02,throughput_gbps,95.37
2026-10-08T22:00:00Z,UPF-02,packet_loss_pct,0.0185
2026-10-08T22:00:00Z,UPF-02,active_bearers,468750.0
2026-10-08T22:05:00Z,CMG-01,cpu_utilization,21.77
2026-10-08T22:05:00Z,CMG-01,memory_utilization,38.14
2026-10-08T22:05:00Z,CMG-01,bgp_session_state,1.0
2026-10-08T22:05:00Z,CMG-01,throughput_gbps,95.69
2026-10-08T22:05:00Z,CMG-01,packet_loss_pct,0.0441
2026-10-08T22:05:00Z,CMG-01,active_bearers,492603.0
2026-10-08T22:05:00Z,CMG-02,cpu_utilization,26.01
2026-10-08T22:05:00Z,CMG-02,memory_utilization,36.24
2026-10-08T22:05:00Z,CMG-02,bgp_session_state,1.0
2026-10-08T22:05:00Z,CMG-02,throughput_gbps,93.41
2026-10-08T22:05:00Z,CMG-02,packet_loss_pct,0.0463
2026-10-08T22:05:00Z,CMG-02,active_bearers,512028.0
2026-10-08T22:05:00Z,CMG-03,cpu_utilization,30.31
2026-10-08T22:05:00Z,CMG-03,memory_utilization,37.31
2026-10-08T22:05:00Z,CMG-03,bgp_session_state,1.0
2026-10-08T22:05:00Z,CMG-03,throughput_gbps,82.81
2026-10-08T22:05:00Z,CMG-03,packet_loss_pct,0.0333
2026-10-08T22:05:00Z,CMG-03,active_bearers,546866.0
2026-10-08T22:05:00Z,UPF-01,cpu_utilization,34.22
2026-10-08T22:05:00Z,UPF-01,memory_utilization,30.95
2026-10-08T22:05:00Z,UPF-01,bgp_session_state,1.0
2026-10-08T22:05:00Z,UPF-01,throughput_gbps,97.74
2026-10-08T22:05:00Z,UPF-01,packet_loss_pct,0.0147
2026-10-08T22:05:00Z,UPF-01,active_bearers,544938.0
2026-10-08T22:05:00Z,UPF-02,cpu_utilization,18.77
2026-10-08T22:05:00Z,UPF-02,memory_utilization,45.16
2026-10-08T22:05:00Z,UPF-02,bgp_session_state,1.0
2026-10-08T22:05:00Z,UPF-02,throughput_gbps,115.07
2026-10-08T22:05:00Z,UPF-02,packet_loss_pct,0.0435
2026-10-08T22:05:00Z,UPF-02,active_bearers,519797.0
2026-10-08T22:10:00Z,CMG-01,cpu_utilization,18.98
2026-10-08T22:10:00Z,CMG-01,memory_utilization,33.48
2026-10-08T22:10:00Z,CMG-01,bgp_session_state,1.0
2026-10-08T22:10:00Z,CMG-01,throughput_gbps,86.6
2026-10-08T22:10:00Z,CMG-01,packet_loss_pct,0.0462
2026-10-08T22:10:00Z,CMG-01,active_bearers,485646.0
2026-10-08T22:10:00Z,CMG-02,cpu_utilization,21.9
2026-10-08T22:10:00Z,CMG-02,memory_utilization,39.64
2026-10-08T22:10:00Z,CMG-02,bgp_session_state,1.0
2026-10-08T22:10:00Z,CMG-02,throughput_gbps,91.75
2026-10-08T22:10:00Z,CMG-02,packet_loss_pct,0.0432
2026-10-08T22:10:00Z,CMG-02,active_bearers,455562.0
2026-10-08T22:10:00Z,CMG-03,cpu_utilization,34.63
2026-10-08T22:10:00Z,CMG-03,memory_utilization,47.72
2026-10-08T22:10:00Z,CMG-03,bgp_session_state,1.0
2026-10-08T22:10:00Z,CMG-03,throughput_gbps,84.25
2026-10-08T22:10:00Z,CMG-03,packet_loss_pct,0.0084
2026-10-08T22:10:00Z,CMG-03,active_bearers,510081.0
2026-10-08T22:10:00Z,UPF-01,cpu_utilization,16.39
2026-10-08T22:10:00Z,UPF-01,memory_utilization,47.3
2026-10-08T22:10:00Z,UPF-01,bgp_session_state,1.0
2026-10-08T22:10:00Z,UPF-01,throughput_gbps,103.15
2026-10-08T22:10:00Z,UPF-01,packet_loss_pct,0.005
2026-10-08T22:10:00Z,UPF-01,active_bearers,466523.0
2026-10-08T22:10:00Z,UPF-02,cpu_utilization,15.32
2026-10-08T22:10:00Z,UPF-02,memory_utilization,32.35
2026-10-08T22:10:00Z,UPF-02,bgp_session_state,1.0
2026-10-08T22:10:00Z,UPF-02,throughput_gbps,82.91
2026-10-08T22:10:00Z,UPF-02,packet_loss_pct,0.0058
2026-10-08T22:10:00Z,UPF-02,active_bearers,548269.0
2026-10-08T22:15:00Z,CMG-01,cpu_utilization,30.29
2026-10-08T22:15:00Z,CMG-01,memory_utilization,34.76
2026-10-08T22:15:00Z,CMG-01,bgp_session_state,1.0
2026-10-08T22:15:00Z,CMG-01,throughput_gbps,100.36
2026-10-08T22:15:00Z,CMG-01,packet_loss_pct,0.0451
2026-10-08T22:15:00Z,CMG-01,active_bearers,455804.0
2026-10-08T22:15:00Z,CMG-02,cpu_utilization,21.4
2026-10-08T22:15:00Z,CMG-02,memory_utilization,34.94
2026-10-08T22:15:00Z,CMG-02,bgp_session_state,1.0
2026-10-08T22:15:00Z,CMG-02,throughput_gbps,88.94
2026-10-08T22:15:00Z,CMG-02,packet_loss_pct,0.0109
2026-10-08T22:15:00Z,CMG-02,active_bearers,522389.0
2026-10-08T22:15:00Z,CMG-03,cpu_utilization,25.48
2026-10-08T22:15:00Z,CMG-03,memory_utilization,44.76
2026-10-08T22:15:00Z,CMG-03,bgp_session_state,1.0
2026-10-08T22:15:00Z,CMG-03,throughput_gbps,98.31
2026-10-08T22:15:00Z,CMG-03,packet_loss_pct,0.0426
2026-10-08T22:15:00Z,CMG-03,active_bearers,519308.0
2026-10-08T22:15:00Z,UPF-01,cpu_utilization,21.55
2026-10-08T22:15:00Z,UPF-01,memory_utilization,41.57
2026-10-08T22:15:00Z,UPF-01,bgp_session_state,1.0
2026-10-08T22:15:00Z,UPF-01,throughput_gbps,96.48
2026-10-08T22:15:00Z,UPF-01,packet_loss_pct,0.0258
2026-10-08T22:15:00Z,UPF-01,active_bearers,517439.0
2026-10-08T22:15:00Z,UPF-02,cpu_utilization,19.93
2026-10-08T22:15:00Z,UPF-02,memory_utilization,43.54
2026-10-08T22:15:00Z,UPF-02,bgp_session_state,1.0
2026-10-08T22:15:00Z,UPF-02,throughput_gbps,93.79
2026-10-08T22:15:00Z,UPF-02,packet_loss_pct,0.0294
2026-10-08T22:15:00Z,UPF-02,active_bearers,474053.0
2026-10-08T22:20:00Z,CMG-01,cpu_utilization,17.18
2026-10-08T22:20:00Z,CMG-01,memory_utilization,41.83
2026-10-08T22:20:00Z,CMG-01,bgp_session_state,1.0
2026-10-08T22:20:00Z,CMG-01,throughput_gbps,119.55
2026-10-08T22:20:00Z,CMG-01,packet_loss_pct,0.0422
2026-10-08T22:20:00Z,CMG-01,active_bearers,497569.0
2026-10-08T22:20:00Z,CMG-02,cpu_utilization,32.84
2026-10-08T22:20:00Z,CMG-02,memory_utilization,42.93
2026-10-08T22:20:00Z,CMG-02,bgp_session_state,1.0
2026-10-08T22:20:00Z,CMG-02,throughput_gbps,82.97
2026-10-08T22:20:00Z,CMG-02,packet_loss_pct,0.0354
2026-10-08T22:20:00Z,CMG-02,active_bearers,476461.0
2026-10-08T22:20:00Z,CMG-03,cpu_utilization,31.29
2026-10-08T22:20:00Z,CMG-03,memory_utilization,33.16
2026-10-08T22:20:00Z,CMG-03,bgp_session_state,1.0
2026-10-08T22:20:00Z,CMG-03,throughput_gbps,88.14
2026-10-08T22:20:00Z,CMG-03,packet_loss_pct,0.0382
2026-10-08T22:20:00Z,CMG-03,active_bearers,525589.0
2026-10-08T22:20:00Z,UPF-01,cpu_utilization,32.56
2026-10-08T22:20:00Z,UPF-01,memory_utilization,37.19
2026-10-08T22:20:00Z,UPF-01,bgp_session_state,1.0
2026-10-08T22:20:00Z,UPF-01,throughput_gbps,103.84
2026-10-08T22:20:00Z,UPF-01,packet_loss_pct,0.0305
2026-10-08T22:20:00Z,UPF-01,active_bearers,533570.0
2026-10-08T22:20:00Z,UPF-02,cpu_utilization,19.83
2026-10-08T22:20:00Z,UPF-02,memory_utilization,40.0
2026-10-08T22:20:00Z,UPF-02,bgp_session_state,1.0
2026-10-08T22:20:00Z,UPF-02,throughput_gbps,106.26
2026-10-08T22:20:00Z,UPF-02,packet_loss_pct,0.009
2026-10-08T22:20:00Z,UPF-02,active_bearers,532076.0
2026-10-08T22:25:00Z,CMG-01,cpu_utilization,26.9
2026-10-08T22:25:00Z,CMG-01,memory_utilization,30.24
2026-10-08T22:25:00Z,CMG-01,bgp_session_state,1.0
2026-10-08T22:25:00Z,CMG-01,throughput_gbps,111.69
2026-10-08T22:25:00Z,CMG-01,packet_loss_pct,0.0374
2026-10-08T22:25:00Z,CMG-01,active_bearers,486908.0
2026-10-08T22:25:00Z,CMG-02,cpu_utilization,15.3
2026-10-08T22:25:00Z,CMG-02,memory_utilization,34.95
2026-10-08T22:25:00Z,CMG-02,bgp_session_state,1.0
2026-10-08T22:25:00Z,CMG-02,throughput_gbps,119.83
2026-10-08T22:25:00Z,CMG-02,packet_loss_pct,0.0448
2026-10-08T22:25:00Z,CMG-02,active_bearers,482817.0
2026-10-08T22:25:00Z,CMG-03,cpu_utilization,17.75
2026-10-08T22:25:00Z,CMG-03,memory_utilization,48.13
2026-10-08T22:25:00Z,CMG-03,bgp_session_state,1.0
2026-10-08T22:25:00Z,CMG-03,throughput_gbps,113.01
2026-10-08T22:25:00Z,CMG-03,packet_loss_pct,0.0134
2026-10-08T22:25:00Z,CMG-03,active_bearers,486561.0
2026-10-08T22:25:00Z,UPF-01,cpu_utilization,30.02
2026-10-08T22:25:00Z,UPF-01,memory_utilization,40.44
2026-10-08T22:25:00Z,UPF-01,bgp_session_state,1.0
2026-10-08T22:25:00Z,UPF-01,throughput_gbps,90.86
2026-10-08T22:25:00Z,UPF-01,packet_loss_pct,0.0087
2026-10-08T22:25:00Z,UPF-01,active_bearers,483390.0
2026-10-08T22:25:00Z,UPF-02,cpu_utilization,33.05
2026-10-08T22:25:00Z,UPF-02,memory_utilization,38.27
2026-10-08T22:25:00Z,UPF-02,bgp_session_state,1.0
2026-10-08T22:25:00Z,UPF-02,throughput_gbps,99.72
2026-10-08T22:25:00Z,UPF-02,packet_loss_pct,0.0048
2026-10-08T22:25:00Z,UPF-02,active_bearers,491526.0
2026-10-08T22:30:00Z,CMG-01,cpu_utilization,26.85
2026-10-08T22:30:00Z,CMG-01,memory_utilization,30.25
2026-10-08T22:30:00Z,CMG-01,bgp_session_state,1.0
2026-10-08T22:30:00Z,CMG-01,throughput_gbps,90.84
2026-10-08T22:30:00Z,CMG-01,packet_loss_pct,0.0231
2026-10-08T22:30:00Z,CMG-01,active_bearers,515365.0
2026-10-08T22:30:00Z,CMG-02,cpu_utilization,31.14
2026-10-08T22:30:00Z,CMG-02,memory_utilization,35.39
2026-10-08T22:30:00Z,CMG-02,bgp_session_state,1.0
2026-10-08T22:30:00Z,CMG-02,throughput_gbps,96.75
2026-10-08T22:30:00Z,CMG-02,packet_loss_pct,0.0372
2026-10-08T22:30:00Z,CMG-02,active_bearers,454383.0
2026-10-08T22:30:00Z,CMG-03,cpu_utilization,23.97
2026-10-08T22:30:00Z,CMG-03,memory_utilization,49.68
2026-10-08T22:30:00Z,CMG-03,bgp_session_state,1.0
2026-10-08T22:30:00Z,CMG-03,throughput_gbps,110.64
2026-10-08T22:30:00Z,CMG-03,packet_loss_pct,0.0092
2026-10-08T22:30:00Z,CMG-03,active_bearers,486277.0
2026-10-08T22:30:00Z,UPF-01,cpu_utilization,22.77
2026-10-08T22:30:00Z,UPF-01,memory_utilization,44.88
2026-10-08T22:30:00Z,UPF-01,bgp_session_state,1.0
2026-10-08T22:30:00Z,UPF-01,throughput_gbps,89.5
2026-10-08T22:30:00Z,UPF-01,packet_loss_pct,0.0286
2026-10-08T22:30:00Z,UPF-01,active_bearers,460410.0
2026-10-08T22:30:00Z,UPF-02,cpu_utilization,15.75
2026-10-08T22:30:00Z,UPF-02,memory_utilization,49.8
2026-10-08T22:30:00Z,UPF-02,bgp_session_state,1.0
2026-10-08T22:30:00Z,UPF-02,throughput_gbps,97.42
2026-10-08T22:30:00Z,UPF-02,packet_loss_pct,0.0034
2026-10-08T22:30:00Z,UPF-02,active_bearers,463824.0
2026-10-08T22:35:00Z,CMG-01,cpu_utilization,29.67
2026-10-08T22:35:00Z,CMG-01,memory_utilization,33.27
2026-10-08T22:35:00Z,CMG-01,bgp_session_state,1.0
2026-10-08T22:35:00Z,CMG-01,throughput_gbps,110.25
2026-10-08T22:35:00Z,CMG-01,packet_loss_pct,0.0455
2026-10-08T22:35:00Z,CMG-01,active_bearers,481851.0
2026-10-08T22:35:00Z,CMG-02,cpu_utilization,23.45
2026-10-08T22:35:00Z,CMG-02,memory_utilization,44.83
2026-10-08T22:35:00Z,CMG-02,bgp_session_state,1.0
2026-10-08T22:35:00Z,CMG-02,throughput_gbps,81.58
2026-10-08T22:35:00Z,CMG-02,packet_loss_pct,0.0248
2026-10-08T22:35:00Z,CMG-02,active_bearers,533615.0
2026-10-08T22:35:00Z,CMG-03,cpu_utilization,25.16
2026-10-08T22:35:00Z,CMG-03,memory_utilization,44.35
2026-10-08T22:35:00Z,CMG-03,bgp_session_state,1.0
2026-10-08T22:35:00Z,CMG-03,throughput_gbps,93.45
2026-10-08T22:35:00Z,CMG-03,packet_loss_pct,0.0097
2026-10-08T22:35:00Z,CMG-03,active_bearers,514196.0
2026-10-08T22:35:00Z,UPF-01,cpu_utilization,21.14
2026-10-08T22:35:00Z,UPF-01,memory_utilization,34.73
2026-10-08T22:35:00Z,UPF-01,bgp_session_state,1.0
2026-10-08T22:35:00Z,UPF-01,throughput_gbps,106.84
2026-10-08T22:35:00Z,UPF-01,packet_loss_pct,0.0306
2026-10-08T22:35:00Z,UPF-01,active_bearers,509075.0
2026-10-08T22:35:00Z,UPF-02,cpu_utilization,28.46
2026-10-08T22:35:00Z,UPF-02,memory_utilization,39.47
2026-10-08T22:35:00Z,UPF-02,bgp_session_state,1.0
2026-10-08T22:35:00Z,UPF-02,throughput_gbps,110.16
2026-10-08T22:35:00Z,UPF-02,packet_loss_pct,0.0231
2026-10-08T22:35:00Z,UPF-02,active_bearers,512131.0
2026-10-08T22:40:00Z,CMG-01,cpu_utilization,25.95
2026-10-08T22:40:00Z,CMG-01,memory_utilization,49.0
2026-10-08T22:40:00Z,CMG-01,bgp_session_state,1.0
2026-10-08T22:40:00Z,CMG-01,throughput_gbps,92.65
2026-10-08T22:40:00Z,CMG-01,packet_loss_pct,0.0189
2026-10-08T22:40:00Z,CMG-01,active_bearers,499289.0
2026-10-08T22:40:00Z,CMG-02,cpu_utilization,18.02
2026-10-08T22:40:00Z,CMG-02,memory_utilization,39.44
2026-10-08T22:40:00Z,CMG-02,bgp_session_state,1.0
2026-10-08T22:40:00Z,CMG-02,throughput_gbps,118.94
2026-10-08T22:40:00Z,CMG-02,packet_loss_pct,0.0196
2026-10-08T22:40:00Z,CMG-02,active_bearers,525959.0
2026-10-08T22:40:00Z,CMG-03,cpu_utilization,25.44
2026-10-08T22:40:00Z,CMG-03,memory_utilization,33.82
2026-10-08T22:40:00Z,CMG-03,bgp_session_state,1.0
2026-10-08T22:40:00Z,CMG-03,throughput_gbps,97.69
2026-10-08T22:40:00Z,CMG-03,packet_loss_pct,0.0116
2026-10-08T22:40:00Z,CMG-03,active_bearers,474385.0
2026-10-08T22:40:00Z,UPF-01,cpu_utilization,26.34
2026-10-08T22:40:00Z,UPF-01,memory_utilization,33.73
2026-10-08T22:40:00Z,UPF-01,bgp_session_state,1.0
2026-10-08T22:40:00Z,UPF-01,throughput_gbps,104.69
2026-10-08T22:40:00Z,UPF-01,packet_loss_pct,0.0146
2026-10-08T22:40:00Z,UPF-01,active_bearers,521492.0
2026-10-08T22:40:00Z,UPF-02,cpu_utilization,25.74
2026-10-08T22:40:00Z,UPF-02,memory_utilization,31.31
2026-10-08T22:40:00Z,UPF-02,bgp_session_state,1.0
2026-10-08T22:40:00Z,UPF-02,throughput_gbps,109.1
2026-10-08T22:40:00Z,UPF-02,packet_loss_pct,0.0488
2026-10-08T22:40:00Z,UPF-02,active_bearers,510664.0
2026-10-08T22:45:00Z,CMG-01,cpu_utilization,31.26
2026-10-08T22:45:00Z,CMG-01,memory_utilization,43.22
2026-10-08T22:45:00Z,CMG-01,bgp_session_state,1.0
2026-10-08T22:45:00Z,CMG-01,throughput_gbps,82.79
2026-10-08T22:45:00Z,CMG-01,packet_loss_pct,0.0016
2026-10-08T22:45:00Z,CMG-01,active_bearers,501076.0
2026-10-08T22:45:00Z,CMG-02,cpu_utilization,28.9
2026-10-08T22:45:00Z,CMG-02,memory_utilization,45.74
2026-10-08T22:45:00Z,CMG-02,bgp_session_state,1.0
2026-10-08T22:45:00Z,CMG-02,throughput_gbps,88.52
2026-10-08T22:45:00Z,CMG-02,packet_loss_pct,0.0306
2026-10-08T22:45:00Z,CMG-02,active_bearers,493195.0
2026-10-08T22:45:00Z,CMG-03,cpu_utilization,20.47
2026-10-08T22:45:00Z,CMG-03,memory_utilization,33.5
2026-10-08T22:45:00Z,CMG-03,bgp_session_state,1.0
2026-10-08T22:45:00Z,CMG-03,throughput_gbps,94.06
2026-10-08T22:45:00Z,CMG-03,packet_loss_pct,0.0146
2026-10-08T22:45:00Z,CMG-03,active_bearers,471370.0
2026-10-08T22:45:00Z,UPF-01,cpu_utilization,25.27
2026-10-08T22:45:00Z,UPF-01,memory_utilization,40.29
2026-10-08T22:45:00Z,UPF-01,bgp_session_state,1.0
2026-10-08T22:45:00Z,UPF-01,throughput_gbps,80.75
2026-10-08T22:45:00Z,UPF-01,packet_loss_pct,0.0077
2026-10-08T22:45:00Z,UPF-01,active_bearers,548830.0
2026-10-08T22:45:00Z,UPF-02,cpu_utilization,34.82
2026-10-08T22:45:00Z,UPF-02,memory_utilization,35.68
2026-10-08T22:45:00Z,UPF-02,bgp_session_state,1.0
2026-10-08T22:45:00Z,UPF-02,throughput_gbps,109.33
2026-10-08T22:45:00Z,UPF-02,packet_loss_pct,0.0129
2026-10-08T22:45:00Z,UPF-02,active_bearers,489200.0
2026-10-08T22:50:00Z,CMG-01,cpu_utilization,15.49
2026-10-08T22:50:00Z,CMG-01,memory_utilization,33.42
2026-10-08T22:50:00Z,CMG-01,bgp_session_state,1.0
2026-10-08T22:50:00Z,CMG-01,throughput_gbps,115.41
2026-10-08T22:50:00Z,CMG-01,packet_loss_pct,0.0116
2026-10-08T22:50:00Z,CMG-01,active_bearers,523174.0
2026-10-08T22:50:00Z,CMG-02,cpu_utilization,34.33
2026-10-08T22:50:00Z,CMG-02,memory_utilization,47.46
2026-10-08T22:50:00Z,CMG-02,bgp_session_state,1.0
2026-10-08T22:50:00Z,CMG-02,throughput_gbps,89.76
2026-10-08T22:50:00Z,CMG-02,packet_loss_pct,0.0195
2026-10-08T22:50:00Z,CMG-02,active_bearers,450615.0
2026-10-08T22:50:00Z,CMG-03,cpu_utilization,28.01
2026-10-08T22:50:00Z,CMG-03,memory_utilization,48.43
2026-10-08T22:50:00Z,CMG-03,bgp_session_state,1.0
2026-10-08T22:50:00Z,CMG-03,throughput_gbps,104.3
2026-10-08T22:50:00Z,CMG-03,packet_loss_pct,0.001
2026-10-08T22:50:00Z,CMG-03,active_bearers,548806.0
2026-10-08T22:50:00Z,UPF-01,cpu_utilization,22.12
2026-10-08T22:50:00Z,UPF-01,memory_utilization,30.67
2026-10-08T22:50:00Z,UPF-01,bgp_session_state,1.0
2026-10-08T22:50:00Z,UPF-01,throughput_gbps,117.34
2026-10-08T22:50:00Z,UPF-01,packet_loss_pct,0.0072
2026-10-08T22:50:00Z,UPF-01,active_bearers,508568.0
2026-10-08T22:50:00Z,UPF-02,cpu_utilization,34.79
2026-10-08T22:50:00Z,UPF-02,memory_utilization,38.59
2026-10-08T22:50:00Z,UPF-02,bgp_session_state,1.0
2026-10-08T22:50:00Z,UPF-02,throughput_gbps,82.72
2026-10-08T22:50:00Z,UPF-02,packet_loss_pct,0.0319
2026-10-08T22:50:00Z,UPF-02,active_bearers,452170.0
2026-10-08T22:55:00Z,CMG-01,cpu_utilization,25.68
2026-10-08T22:55:00Z,CMG-01,memory_utilization,34.28
2026-10-08T22:55:00Z,CMG-01,bgp_session_state,1.0
2026-10-08T22:55:00Z,CMG-01,throughput_gbps,96.21
2026-10-08T22:55:00Z,CMG-01,packet_loss_pct,0.0302
2026-10-08T22:55:00Z,CMG-01,active_bearers,479835.0
2026-10-08T22:55:00Z,CMG-02,cpu_utilization,34.92
2026-10-08T22:55:00Z,CMG-02,memory_utilization,46.06
2026-10-08T22:55:00Z,CMG-02,bgp_session_state,1.0
2026-10-08T22:55:00Z,CMG-02,throughput_gbps,93.68
2026-10-08T22:55:00Z,CMG-02,packet_loss_pct,0.0046
2026-10-08T22:55:00Z,CMG-02,active_bearers,462950.0
2026-10-08T22:55:00Z,CMG-03,cpu_utilization,24.79
2026-10-08T22:55:00Z,CMG-03,memory_utilization,38.44
2026-10-08T22:55:00Z,CMG-03,bgp_session_state,1.0
2026-10-08T22:55:00Z,CMG-03,throughput_gbps,113.41
2026-10-08T22:55:00Z,CMG-03,packet_loss_pct,0.0124
2026-10-08T22:55:00Z,CMG-03,active_bearers,524440.0
2026-10-08T22:55:00Z,UPF-01,cpu_utilization,26.57
2026-10-08T22:55:00Z,UPF-01,memory_utilization,48.77
2026-10-08T22:55:00Z,UPF-01,bgp_session_state,1.0
2026-10-08T22:55:00Z,UPF-01,throughput_gbps,96.63
2026-10-08T22:55:00Z,UPF-01,packet_loss_pct,0.0079
2026-10-08T22:55:00Z,UPF-01,active_bearers,517513.0
2026-10-08T22:55:00Z,UPF-02,cpu_utilization,27.75
2026-10-08T22:55:00Z,UPF-02,memory_utilization,31.83
2026-10-08T22:55:00Z,UPF-02,bgp_session_state,1.0
2026-10-08T22:55:00Z,UPF-02,throughput_gbps,90.62
2026-10-08T22:55:00Z,UPF-02,packet_loss_pct,0.0418
2026-10-08T22:55:00Z,UPF-02,active_bearers,493234.0
2026-10-08T23:00:00Z,CMG-01,cpu_utilization,24.17
2026-10-08T23:00:00Z,CMG-01,memory_utilization,33.38
2026-10-08T23:00:00Z,CMG-01,bgp_session_state,1.0
2026-10-08T23:00:00Z,CMG-01,throughput_gbps,93.84
2026-10-08T23:00:00Z,CMG-01,packet_loss_pct,0.0223
2026-10-08T23:00:00Z,CMG-01,active_bearers,521620.0
2026-10-08T23:00:00Z,CMG-02,cpu_utilization,23.39
2026-10-08T23:00:00Z,CMG-02,memory_utilization,37.11
2026-10-08T23:00:00Z,CMG-02,bgp_session_state,1.0
2026-10-08T23:00:00Z,CMG-02,throughput_gbps,80.05
2026-10-08T23:00:00Z,CMG-02,packet_loss_pct,0.0196
2026-10-08T23:00:00Z,CMG-02,active_bearers,547401.0
2026-10-08T23:00:00Z,CMG-03,cpu_utilization,18.92
2026-10-08T23:00:00Z,CMG-03,memory_utilization,30.66
2026-10-08T23:00:00Z,CMG-03,bgp_session_state,1.0
2026-10-08T23:00:00Z,CMG-03,throughput_gbps,118.78
2026-10-08T23:00:00Z,CMG-03,packet_loss_pct,0.0225
2026-10-08T23:00:00Z,CMG-03,active_bearers,460555.0
2026-10-08T23:00:00Z,UPF-01,cpu_utilization,32.56
2026-10-08T23:00:00Z,UPF-01,memory_utilization,45.39
2026-10-08T23:00:00Z,UPF-01,bgp_session_state,1.0
2026-10-08T23:00:00Z,UPF-01,throughput_gbps,110.0
2026-10-08T23:00:00Z,UPF-01,packet_loss_pct,0.0361
2026-10-08T23:00:00Z,UPF-01,active_bearers,527841.0
2026-10-08T23:00:00Z,UPF-02,cpu_utilization,19.04
2026-10-08T23:00:00Z,UPF-02,memory_utilization,35.55
2026-10-08T23:00:00Z,UPF-02,bgp_session_state,1.0
2026-10-08T23:00:00Z,UPF-02,throughput_gbps,108.06
2026-10-08T23:00:00Z,UPF-02,packet_loss_pct,0.0199
2026-10-08T23:00:00Z,UPF-02,active_bearers,500140.0
2026-10-08T23:05:00Z,CMG-01,cpu_utilization,25.5
2026-10-08T23:05:00Z,CMG-01,memory_utilization,44.75
2026-10-08T23:05:00Z,CMG-01,bgp_session_state,1.0
2026-10-08T23:05:00Z,CMG-01,throughput_gbps,107.39
2026-10-08T23:05:00Z,CMG-01,packet_loss_pct,0.0348
2026-10-08T23:05:00Z,CMG-01,active_bearers,490176.0
2026-10-08T23:05:00Z,CMG-02,cpu_utilization,16.11
2026-10-08T23:05:00Z,CMG-02,memory_utilization,48.57
2026-10-08T23:05:00Z,CMG-02,bgp_session_state,1.0
2026-10-08T23:05:00Z,CMG-02,throughput_gbps,85.66
2026-10-08T23:05:00Z,CMG-02,packet_loss_pct,0.0171
2026-10-08T23:05:00Z,CMG-02,active_bearers,464776.0
2026-10-08T23:05:00Z,CMG-03,cpu_utilization,19.77
2026-10-08T23:05:00Z,CMG-03,memory_utilization,41.52
2026-10-08T23:05:00Z,CMG-03,bgp_session_state,1.0
2026-10-08T23:05:00Z,CMG-03,throughput_gbps,108.39
2026-10-08T23:05:00Z,CMG-03,packet_loss_pct,0.0198
2026-10-08T23:05:00Z,CMG-03,active_bearers,480167.0
2026-10-08T23:05:00Z,UPF-01,cpu_utilization,16.93
2026-10-08T23:05:00Z,UPF-01,memory_utilization,49.85
2026-10-08T23:05:00Z,UPF-01,bgp_session_state,1.0
2026-10-08T23:05:00Z,UPF-01,throughput_gbps,89.6
2026-10-08T23:05:00Z,UPF-01,packet_loss_pct,0.0414
2026-10-08T23:05:00Z,UPF-01,active_bearers,549981.0
2026-10-08T23:05:00Z,UPF-02,cpu_utilization,20.84
2026-10-08T23:05:00Z,UPF-02,memory_utilization,48.97
2026-10-08T23:05:00Z,UPF-02,bgp_session_state,1.0
2026-10-08T23:05:00Z,UPF-02,throughput_gbps,96.06
2026-10-08T23:05:00Z,UPF-02,packet_loss_pct,0.0122
2026-10-08T23:05:00Z,UPF-02,active_bearers,529997.0
2026-10-08T23:10:00Z,CMG-01,cpu_utilization,19.57
2026-10-08T23:10:00Z,CMG-01,memory_utilization,38.63
2026-10-08T23:10:00Z,CMG-01,bgp_session_state,1.0
2026-10-08T23:10:00Z,CMG-01,throughput_gbps,82.59
2026-10-08T23:10:00Z,CMG-01,packet_loss_pct,0.0409
2026-10-08T23:10:00Z,CMG-01,active_bearers,544642.0
2026-10-08T23:10:00Z,CMG-02,cpu_utilization,32.02
2026-10-08T23:10:00Z,CMG-02,memory_utilization,36.58
2026-10-08T23:10:00Z,CMG-02,bgp_session_state,1.0
2026-10-08T23:10:00Z,CMG-02,throughput_gbps,82.95
2026-10-08T23:10:00Z,CMG-02,packet_loss_pct,0.0236
2026-10-08T23:10:00Z,CMG-02,active_bearers,503920.0
2026-10-08T23:10:00Z,CMG-03,cpu_utilization,16.13
2026-10-08T23:10:00Z,CMG-03,memory_utilization,41.1
2026-10-08T23:10:00Z,CMG-03,bgp_session_state,1.0
2026-10-08T23:10:00Z,CMG-03,throughput_gbps,118.99
2026-10-08T23:10:00Z,CMG-03,packet_loss_pct,0.0361
2026-10-08T23:10:00Z,CMG-03,active_bearers,511656.0
2026-10-08T23:10:00Z,UPF-01,cpu_utilization,21.52
2026-10-08T23:10:00Z,UPF-01,memory_utilization,37.57
2026-10-08T23:10:00Z,UPF-01,bgp_session_state,1.0
2026-10-08T23:10:00Z,UPF-01,throughput_gbps,94.3
2026-10-08T23:10:00Z,UPF-01,packet_loss_pct,0.0119
2026-10-08T23:10:00Z,UPF-01,active_bearers,525052.0
2026-10-08T23:10:00Z,UPF-02,cpu_utilization,32.87
2026-10-08T23:10:00Z,UPF-02,memory_utilization,36.51
2026-10-08T23:10:00Z,UPF-02,bgp_session_state,1.0
2026-10-08T23:10:00Z,UPF-02,throughput_gbps,101.92
2026-10-08T23:10:00Z,UPF-02,packet_loss_pct,0.0462
2026-10-08T23:10:00Z,UPF-02,active_bearers,547890.0
2026-10-08T23:15:00Z,CMG-01,cpu_utilization,26.18
2026-10-08T23:15:00Z,CMG-01,memory_utilization,44.1
2026-10-08T23:15:00Z,CMG-01,bgp_session_state,1.0
2026-10-08T23:15:00Z,CMG-01,throughput_gbps,106.69
2026-10-08T23:15:00Z,CMG-01,packet_loss_pct,0.0432
2026-10-08T23:15:00Z,CMG-01,active_bearers,520340.0
2026-10-08T23:15:00Z,CMG-02,cpu_utilization,19.17
2026-10-08T23:15:00Z,CMG-02,memory_utilization,30.06
2026-10-08T23:15:00Z,CMG-02,bgp_session_state,1.0
2026-10-08T23:15:00Z,CMG-02,throughput_gbps,118.01
2026-10-08T23:15:00Z,CMG-02,packet_loss_pct,0.0053
2026-10-08T23:15:00Z,CMG-02,active_bearers,468558.0
2026-10-08T23:15:00Z,CMG-03,cpu_utilization,20.36
2026-10-08T23:15:00Z,CMG-03,memory_utilization,49.25
2026-10-08T23:15:00Z,CMG-03,bgp_session_state,1.0
2026-10-08T23:15:00Z,CMG-03,throughput_gbps,113.09
2026-10-08T23:15:00Z,CMG-03,packet_loss_pct,0.0059
2026-10-08T23:15:00Z,CMG-03,active_bearers,487971.0
2026-10-08T23:15:00Z,UPF-01,cpu_utilization,18.52
2026-10-08T23:15:00Z,UPF-01,memory_utilization,40.89
2026-10-08T23:15:00Z,UPF-01,bgp_session_state,1.0
2026-10-08T23:15:00Z,UPF-01,throughput_gbps,110.21
2026-10-08T23:15:00Z,UPF-01,packet_loss_pct,0.0277
2026-10-08T23:15:00Z,UPF-01,active_bearers,519979.0
2026-10-08T23:15:00Z,UPF-02,cpu_utilization,19.93
2026-10-08T23:15:00Z,UPF-02,memory_utilization,44.19
2026-10-08T23:15:00Z,UPF-02,bgp_session_state,1.0
2026-10-08T23:15:00Z,UPF-02,throughput_gbps,108.11
2026-10-08T23:15:00Z,UPF-02,packet_loss_pct,0.0169
2026-10-08T23:15:00Z,UPF-02,active_bearers,456514.0
2026-10-08T23:20:00Z,CMG-01,cpu_utilization,23.88
2026-10-08T23:20:00Z,CMG-01,memory_utilization,41.51
2026-10-08T23:20:00Z,CMG-01,bgp_session_state,1.0
2026-10-08T23:20:00Z,CMG-01,throughput_gbps,116.13
2026-10-08T23:20:00Z,CMG-01,packet_loss_pct,0.0479
2026-10-08T23:20:00Z,CMG-01,active_bearers,496378.0
2026-10-08T23:20:00Z,CMG-02,cpu_utilization,15.9
2026-10-08T23:20:00Z,CMG-02,memory_utilization,45.8
2026-10-08T23:20:00Z,CMG-02,bgp_session_state,1.0
2026-10-08T23:20:00Z,CMG-02,throughput_gbps,102.41
2026-10-08T23:20:00Z,CMG-02,packet_loss_pct,0.0476
2026-10-08T23:20:00Z,CMG-02,active_bearers,458252.0
2026-10-08T23:20:00Z,CMG-03,cpu_utilization,25.57
2026-10-08T23:20:00Z,CMG-03,memory_utilization,46.31
2026-10-08T23:20:00Z,CMG-03,bgp_session_state,1.0
2026-10-08T23:20:00Z,CMG-03,throughput_gbps,113.12
2026-10-08T23:20:00Z,CMG-03,packet_loss_pct,0.0119
2026-10-08T23:20:00Z,CMG-03,active_bearers,531569.0
2026-10-08T23:20:00Z,UPF-01,cpu_utilization,15.2
2026-10-08T23:20:00Z,UPF-01,memory_utilization,32.18
2026-10-08T23:20:00Z,UPF-01,bgp_session_state,1.0
2026-10-08T23:20:00Z,UPF-01,throughput_gbps,110.04
2026-10-08T23:20:00Z,UPF-01,packet_loss_pct,0.0298
2026-10-08T23:20:00Z,UPF-01,active_bearers,459296.0
2026-10-08T23:20:00Z,UPF-02,cpu_utilization,18.38
2026-10-08T23:20:00Z,UPF-02,memory_utilization,39.82
2026-10-08T23:20:00Z,UPF-02,bgp_session_state,1.0
2026-10-08T23:20:00Z,UPF-02,throughput_gbps,97.47
2026-10-08T23:20:00Z,UPF-02,packet_loss_pct,0.0107
2026-10-08T23:20:00Z,UPF-02,active_bearers,549463.0
2026-10-08T23:25:00Z,CMG-01,cpu_utilization,22.4
2026-10-08T23:25:00Z,CMG-01,memory_utilization,38.93
2026-10-08T23:25:00Z,CMG-01,bgp_session_state,1.0
2026-10-08T23:25:00Z,CMG-01,throughput_gbps,90.26
2026-10-08T23:25:00Z,CMG-01,packet_loss_pct,0.0215
2026-10-08T23:25:00Z,CMG-01,active_bearers,494308.0
2026-10-08T23:25:00Z,CMG-02,cpu_utilization,20.57
2026-10-08T23:25:00Z,CMG-02,memory_utilization,44.31
2026-10-08T23:25:00Z,CMG-02,bgp_session_state,1.0
2026-10-08T23:25:00Z,CMG-02,throughput_gbps,108.52
2026-10-08T23:25:00Z,CMG-02,packet_loss_pct,0.0489
2026-10-08T23:25:00Z,CMG-02,active_bearers,452529.0
2026-10-08T23:25:00Z,CMG-03,cpu_utilization,26.86
2026-10-08T23:25:00Z,CMG-03,memory_utilization,32.48
2026-10-08T23:25:00Z,CMG-03,bgp_session_state,1.0
2026-10-08T23:25:00Z,CMG-03,throughput_gbps,111.89
2026-10-08T23:25:00Z,CMG-03,packet_loss_pct,0.0094
2026-10-08T23:25:00Z,CMG-03,active_bearers,464860.0
2026-10-08T23:25:00Z,UPF-01,cpu_utilization,15.73
2026-10-08T23:25:00Z,UPF-01,memory_utilization,43.41
2026-10-08T23:25:00Z,UPF-01,bgp_session_state,1.0
2026-10-08T23:25:00Z,UPF-01,throughput_gbps,106.42
2026-10-08T23:25:00Z,UPF-01,packet_loss_pct,0.0002
2026-10-08T23:25:00Z,UPF-01,active_bearers,547796.0
2026-10-08T23:25:00Z,UPF-02,cpu_utilization,15.63
2026-10-08T23:25:00Z,UPF-02,memory_utilization,38.08
2026-10-08T23:25:00Z,UPF-02,bgp_session_state,1.0
2026-10-08T23:25:00Z,UPF-02,throughput_gbps,104.54
2026-10-08T23:25:00Z,UPF-02,packet_loss_pct,0.0394
2026-10-08T23:25:00Z,UPF-02,active_bearers,516478.0
2026-10-08T23:30:00Z,CMG-01,cpu_utilization,33.41
2026-10-08T23:30:00Z,CMG-01,memory_utilization,47.09
2026-10-08T23:30:00Z,CMG-01,bgp_session_state,1.0
2026-10-08T23:30:00Z,CMG-01,throughput_gbps,87.78
2026-10-08T23:30:00Z,CMG-01,packet_loss_pct,0.003
2026-10-08T23:30:00Z,CMG-01,active_bearers,508274.0
2026-10-08T23:30:00Z,CMG-02,cpu_utilization,28.81
2026-10-08T23:30:00Z,CMG-02,memory_utilization,46.0
2026-10-08T23:30:00Z,CMG-02,bgp_session_state,1.0
2026-10-08T23:30:00Z,CMG-02,throughput_gbps,90.06
2026-10-08T23:30:00Z,CMG-02,packet_loss_pct,0.0149
2026-10-08T23:30:00Z,CMG-02,active_bearers,476499.0
2026-10-08T23:30:00Z,CMG-03,cpu_utilization,21.45
2026-10-08T23:30:00Z,CMG-03,memory_utilization,47.65
2026-10-08T23:30:00Z,CMG-03,bgp_session_state,1.0
2026-10-08T23:30:00Z,CMG-03,throughput_gbps,87.93
2026-10-08T23:30:00Z,CMG-03,packet_loss_pct,0.0215
2026-10-08T23:30:00Z,CMG-03,active_bearers,537047.0
2026-10-08T23:30:00Z,UPF-01,cpu_utilization,26.32
2026-10-08T23:30:00Z,UPF-01,memory_utilization,30.93
2026-10-08T23:30:00Z,UPF-01,bgp_session_state,1.0
2026-10-08T23:30:00Z,UPF-01,throughput_gbps,82.06
2026-10-08T23:30:00Z,UPF-01,packet_loss_pct,0.0233
2026-10-08T23:30:00Z,UPF-01,active_bearers,473106.0
2026-10-08T23:30:00Z,UPF-02,cpu_utilization,21.85
2026-10-08T23:30:00Z,UPF-02,memory_utilization,30.44
2026-10-08T23:30:00Z,UPF-02,bgp_session_state,1.0
2026-10-08T23:30:00Z,UPF-02,throughput_gbps,93.77
2026-10-08T23:30:00Z,UPF-02,packet_loss_pct,0.0131
2026-10-08T23:30:00Z,UPF-02,active_bearers,528336.0
2026-10-08T23:35:00Z,CMG-01,cpu_utilization,33.93
2026-10-08T23:35:00Z,CMG-01,memory_utilization,43.07
2026-10-08T23:35:00Z,CMG-01,bgp_session_state,1.0
2026-10-08T23:35:00Z,CMG-01,throughput_gbps,117.89
2026-10-08T23:35:00Z,CMG-01,packet_loss_pct,0.0036
2026-10-08T23:35:00Z,CMG-01,active_bearers,520030.0
2026-10-08T23:35:00Z,CMG-02,cpu_utilization,27.13
2026-10-08T23:35:00Z,CMG-02,memory_utilization,42.3
2026-10-08T23:35:00Z,CMG-02,bgp_session_state,1.0
2026-10-08T23:35:00Z,CMG-02,throughput_gbps,108.49
2026-10-08T23:35:00Z,CMG-02,packet_loss_pct,0.0483
2026-10-08T23:35:00Z,CMG-02,active_bearers,462341.0
2026-10-08T23:35:00Z,CMG-03,cpu_utilization,15.5
2026-10-08T23:35:00Z,CMG-03,memory_utilization,47.65
2026-10-08T23:35:00Z,CMG-03,bgp_session_state,1.0
2026-10-08T23:35:00Z,CMG-03,throughput_gbps,80.33
2026-10-08T23:35:00Z,CMG-03,packet_loss_pct,0.0288
2026-10-08T23:35:00Z,CMG-03,active_bearers,526362.0
2026-10-08T23:35:00Z,UPF-01,cpu_utilization,34.64
2026-10-08T23:35:00Z,UPF-01,memory_utilization,30.62
2026-10-08T23:35:00Z,UPF-01,bgp_session_state,1.0
2026-10-08T23:35:00Z,UPF-01,throughput_gbps,95.28
2026-10-08T23:35:00Z,UPF-01,packet_loss_pct,0.0357
2026-10-08T23:35:00Z,UPF-01,active_bearers,508766.0
2026-10-08T23:35:00Z,UPF-02,cpu_utilization,27.73
2026-10-08T23:35:00Z,UPF-02,memory_utilization,34.05
2026-10-08T23:35:00Z,UPF-02,bgp_session_state,1.0
2026-10-08T23:35:00Z,UPF-02,throughput_gbps,106.35
2026-10-08T23:35:00Z,UPF-02,packet_loss_pct,0.0009
2026-10-08T23:35:00Z,UPF-02,active_bearers,485554.0
2026-10-08T23:40:00Z,CMG-01,cpu_utilization,31.39
2026-10-08T23:40:00Z,CMG-01,memory_utilization,31.89
2026-10-08T23:40:00Z,CMG-01,bgp_session_state,1.0
2026-10-08T23:40:00Z,CMG-01,throughput_gbps,97.53
2026-10-08T23:40:00Z,CMG-01,packet_loss_pct,0.0485
2026-10-08T23:40:00Z,CMG-01,active_bearers,480824.0
2026-10-08T23:40:00Z,CMG-02,cpu_utilization,17.27
2026-10-08T23:40:00Z,CMG-02,memory_utilization,32.96
2026-10-08T23:40:00Z,CMG-02,bgp_session_state,1.0
2026-10-08T23:40:00Z,CMG-02,throughput_gbps,84.55
2026-10-08T23:40:00Z,CMG-02,packet_loss_pct,0.0381
2026-10-08T23:40:00Z,CMG-02,active_bearers,452679.0
2026-10-08T23:40:00Z,CMG-03,cpu_utilization,15.74
2026-10-08T23:40:00Z,CMG-03,memory_utilization,43.1
2026-10-08T23:40:00Z,CMG-03,bgp_session_state,1.0
2026-10-08T23:40:00Z,CMG-03,throughput_gbps,113.13
2026-10-08T23:40:00Z,CMG-03,packet_loss_pct,0.0411
2026-10-08T23:40:00Z,CMG-03,active_bearers,528516.0
2026-10-08T23:40:00Z,UPF-01,cpu_utilization,27.44
2026-10-08T23:40:00Z,UPF-01,memory_utilization,38.82
2026-10-08T23:40:00Z,UPF-01,bgp_session_state,1.0
2026-10-08T23:40:00Z,UPF-01,throughput_gbps,98.57
2026-10-08T23:40:00Z,UPF-01,packet_loss_pct,0.0119
2026-10-08T23:40:00Z,UPF-01,active_bearers,545493.0
2026-10-08T23:40:00Z,UPF-02,cpu_utilization,21.9
2026-10-08T23:40:00Z,UPF-02,memory_utilization,49.25
2026-10-08T23:40:00Z,UPF-02,bgp_session_state,1.0
2026-10-08T23:40:00Z,UPF-02,throughput_gbps,95.04
2026-10-08T23:40:00Z,UPF-02,packet_loss_pct,0.0315
2026-10-08T23:40:00Z,UPF-02,active_bearers,486605.0
2026-10-08T23:45:00Z,CMG-01,cpu_utilization,32.72
2026-10-08T23:45:00Z,CMG-01,memory_utilization,35.12
2026-10-08T23:45:00Z,CMG-01,bgp_session_state,1.0
2026-10-08T23:45:00Z,CMG-01,throughput_gbps,93.94
2026-10-08T23:45:00Z,CMG-01,packet_loss_pct,0.0335
2026-10-08T23:45:00Z,CMG-01,active_bearers,532835.0
2026-10-08T23:45:00Z,CMG-02,cpu_utilization,25.44
2026-10-08T23:45:00Z,CMG-02,memory_utilization,40.51
2026-10-08T23:45:00Z,CMG-02,bgp_session_state,1.0
2026-10-08T23:45:00Z,CMG-02,throughput_gbps,118.62
2026-10-08T23:45:00Z,CMG-02,packet_loss_pct,0.0012
2026-10-08T23:45:00Z,CMG-02,active_bearers,539858.0
2026-10-08T23:45:00Z,CMG-03,cpu_utilization,31.93
2026-10-08T23:45:00Z,CMG-03,memory_utilization,47.44
2026-10-08T23:45:00Z,CMG-03,bgp_session_state,1.0
2026-10-08T23:45:00Z,CMG-03,throughput_gbps,108.19
2026-10-08T23:45:00Z,CMG-03,packet_loss_pct,0.0091
2026-10-08T23:45:00Z,CMG-03,active_bearers,543044.0
2026-10-08T23:45:00Z,UPF-01,cpu_utilization,23.01
2026-10-08T23:45:00Z,UPF-01,memory_utilization,30.57
2026-10-08T23:45:00Z,UPF-01,bgp_session_state,1.0
2026-10-08T23:45:00Z,UPF-01,throughput_gbps,113.84
2026-10-08T23:45:00Z,UPF-01,packet_loss_pct,0.0169
2026-10-08T23:45:00Z,UPF-01,active_bearers,477299.0
2026-10-08T23:45:00Z,UPF-02,cpu_utilization,25.6
2026-10-08T23:45:00Z,UPF-02,memory_utilization,36.95
2026-10-08T23:45:00Z,UPF-02,bgp_session_state,1.0
2026-10-08T23:45:00Z,UPF-02,throughput_gbps,115.01
2026-10-08T23:45:00Z,UPF-02,packet_loss_pct,0.0403
2026-10-08T23:45:00Z,UPF-02,active_bearers,492427.0
2026-10-08T23:50:00Z,CMG-01,cpu_utilization,31.04
2026-10-08T23:50:00Z,CMG-01,memory_utilization,40.24
2026-10-08T23:50:00Z,CMG-01,bgp_session_state,1.0
2026-10-08T23:50:00Z,CMG-01,throughput_gbps,114.76
2026-10-08T23:50:00Z,CMG-01,packet_loss_pct,0.0276
2026-10-08T23:50:00Z,CMG-01,active_bearers,474372.0
2026-10-08T23:50:00Z,CMG-02,cpu_utilization,19.2
2026-10-08T23:50:00Z,CMG-02,memory_utilization,49.81
2026-10-08T23:50:00Z,CMG-02,bgp_session_state,1.0
2026-10-08T23:50:00Z,CMG-02,throughput_gbps,92.93
2026-10-08T23:50:00Z,CMG-02,packet_loss_pct,0.0371
2026-10-08T23:50:00Z,CMG-02,active_bearers,500966.0
2026-10-08T23:50:00Z,CMG-03,cpu_utilization,27.55
2026-10-08T23:50:00Z,CMG-03,memory_utilization,36.64
2026-10-08T23:50:00Z,CMG-03,bgp_session_state,1.0
2026-10-08T23:50:00Z,CMG-03,throughput_gbps,107.59
2026-10-08T23:50:00Z,CMG-03,packet_loss_pct,0.0467
2026-10-08T23:50:00Z,CMG-03,active_bearers,487135.0
2026-10-08T23:50:00Z,UPF-01,cpu_utilization,31.29
2026-10-08T23:50:00Z,UPF-01,memory_utilization,38.29
2026-10-08T23:50:00Z,UPF-01,bgp_session_state,1.0
2026-10-08T23:50:00Z,UPF-01,throughput_gbps,95.68
2026-10-08T23:50:00Z,UPF-01,packet_loss_pct,0.0034
2026-10-08T23:50:00Z,UPF-01,active_bearers,478121.0
2026-10-08T23:50:00Z,UPF-02,cpu_utilization,25.55
2026-10-08T23:50:00Z,UPF-02,memory_utilization,30.49
2026-10-08T23:50:00Z,UPF-02,bgp_session_state,1.0
2026-10-08T23:50:00Z,UPF-02,throughput_gbps,115.77
2026-10-08T23:50:00Z,UPF-02,packet_loss_pct,0.0225
2026-10-08T23:50:00Z,UPF-02,active_bearers,476351.0
2026-10-08T23:55:00Z,CMG-01,cpu_utilization,31.33
2026-10-08T23:55:00Z,CMG-01,memory_utilization,30.92
2026-10-08T23:55:00Z,CMG-01,bgp_session_state,1.0
2026-10-08T23:55:00Z,CMG-01,throughput_gbps,102.15
2026-10-08T23:55:00Z,CMG-01,packet_loss_pct,0.0182
2026-10-08T23:55:00Z,CMG-01,active_bearers,476134.0
2026-10-08T23:55:00Z,CMG-02,cpu_utilization,23.6
2026-10-08T23:55:00Z,CMG-02,memory_utilization,48.07
2026-10-08T23:55:00Z,CMG-02,bgp_session_state,1.0
2026-10-08T23:55:00Z,CMG-02,throughput_gbps,105.54
2026-10-08T23:55:00Z,CMG-02,packet_loss_pct,0.03
2026-10-08T23:55:00Z,CMG-02,active_bearers,503483.0
2026-10-08T23:55:00Z,CMG-03,cpu_utilization,28.59
2026-10-08T23:55:00Z,CMG-03,memory_utilization,30.36
2026-10-08T23:55:00Z,CMG-03,bgp_session_state,1.0
2026-10-08T23:55:00Z,CMG-03,throughput_gbps,103.88
2026-10-08T23:55:00Z,CMG-03,packet_loss_pct,0.003
2026-10-08T23:55:00Z,CMG-03,active_bearers,493874.0
2026-10-08T23:55:00Z,UPF-01,cpu_utilization,18.73
2026-10-08T23:55:00Z,UPF-01,memory_utilization,32.64
2026-10-08T23:55:00Z,UPF-01,bgp_session_state,1.0
2026-10-08T23:55:00Z,UPF-01,throughput_gbps,105.58
2026-10-08T23:55:00Z,UPF-01,packet_loss_pct,0.0113
2026-10-08T23:55:00Z,UPF-01,active_bearers,507243.0
2026-10-08T23:55:00Z,UPF-02,cpu_utilization,29.13
2026-10-08T23:55:00Z,UPF-02,memory_utilization,31.86
2026-10-08T23:55:00Z,UPF-02,bgp_session_state,1.0
2026-10-08T23:55:00Z,UPF-02,throughput_gbps,86.65
2026-10-08T23:55:00Z,UPF-02,packet_loss_pct,0.0381
2026-10-08T23:55:00Z,UPF-02,active_bearers,531900.0
